pagamento_id,pedido_id,forma_pagamento,valor_pago,status_pagamento
1,688,Cartão,250.0,Pago
2,1728,PIX,150.0,Estornado
3,3121,Cartão,250.0,Pendente
4,1133,Cartão,99.9,Pendente
5,2308,PIX,250.0,Estornado
6,3056,Boleto,250.0,Pago
7,4435,PIX,150.0,Pendente
8,3181,Cartão,250.0,Pago
9,4542,Boleto,150.0,Pendente
10,4276,PIX,150.0,Pago
11,834,Boleto,250.0,Pago
12,1133,PIX,250.0,Pago
13,81,PIX,250.0,Pendente
14,4001,Boleto,250.0,Pago
15,4970,PIX,99.9,Pago
16,2698,Cartão,250.0,Pendente
17,4997,PIX,99.9,Estornado
18,3177,Boleto,150.0,Estornado
19,224,Cartão,99.9,Pago
20,1894,Boleto,99.9,Estornado
21,4453,PIX,99.9,Pago
22,128,Cartão,99.9,Pago
23,3016,Boleto,250.0,Pago
24,1773,Boleto,99.9,Estornado
25,4033,Boleto,150.0,Pago
26,1939,Cartão,99.9,Pago
27,2937,Cartão,250.0,Pendente
28,3819,Boleto,150.0,Pendente
29,1202,PIX,150.0,Pago
30,1971,PIX,250.0,Pendente
31,1914,Cartão,250.0,Pago
32,3845,Cartão,99.9,Pago
33,3458,Cartão,150.0,Estornado
34,575,Cartão,150.0,Pendente
35,3578,Boleto,99.9,Estornado
36,3980,Boleto,250.0,Pago
37,861,PIX,250.0,Estornado
38,3960,Boleto,99.9,Estornado
39,1847,Boleto,150.0,Pago
40,1267,Cartão,99.9,Pago
41,72,Cartão,99.9,Pendente
42,4740,Boleto,150.0,Pago
43,936,PIX,250.0,Pago
44,2379,Boleto,99.9,Pendente
45,1710,Cartão,250.0,Pendente
46,3593,PIX,250.0,Estornado
47,4071,PIX,99.9,Pendente
48,3154,PIX,150.0,Pago
49,399,Boleto,99.9,Pendente
50,1368,Cartão,250.0,Estornado
51,3098,Cartão,150.0,Estornado
52,4053,PIX,250.0,Pago
53,3360,PIX,250.0,Estornado
54,127,PIX,99.9,Pendente
55,347,PIX,150.0,Pago
56,1507,PIX,99.9,Pendente
57,5000,Cartão,250.0,Pago
58,1989,Boleto,99.9,Pago
59,2399,Cartão,150.0,Estornado
60,709,Cartão,99.9,Estornado
61,4491,PIX,250.0,Pendente
62,1636,Boleto,99.9,Pendente
63,3115,PIX,250.0,Pendente
64,1986,Boleto,150.0,Estornado
65,2009,Boleto,250.0,Pendente
66,4267,PIX,250.0,Pendente
67,3480,Cartão,150.0,Estornado
68,2935,Boleto,250.0,Pago
69,2907,Cartão,150.0,Pago
70,1934,Boleto,150.0,Pago
71,2272,Boleto,250.0,Pendente
72,4326,PIX,150.0,Pendente
73,1549,PIX,250.0,Estornado
74,306,Cartão,150.0,Pendente
75,1311,Boleto,150.0,Pendente
76,3115,PIX,150.0,Pendente
77,4992,Cartão,250.0,Pago
78,2987,PIX,99.9,Pendente
79,3504,Cartão,250.0,Estornado
80,2228,PIX,250.0,Estornado
81,1675,Cartão,99.9,Pago
82,282,Boleto,150.0,Pago
83,871,Cartão,250.0,Pago
84,4327,Boleto,99.9,Pago
85,3853,Cartão,99.9,Estornado
86,1525,PIX,150.0,Pago
87,150,Cartão,150.0,Pendente
88,185,Boleto,250.0,Estornado
89,2708,PIX,99.9,Pago
90,4050,PIX,99.9,Estornado
91,1038,Boleto,250.0,Pendente
92,702,Boleto,250.0,Pago
93,2273,Boleto,250.0,Pendente
94,1223,PIX,99.9,Pago
95,1744,Boleto,150.0,Estornado
96,564,Boleto,150.0,Estornado
97,3027,Cartão,150.0,Estornado
98,3873,PIX,250.0,Estornado
99,1278,PIX,150.0,Pago
100,1291,PIX,250.0,Pago
101,679,PIX,250.0,Estornado
102,4711,Boleto,250.0,Pendente
103,3866,Boleto,99.9,Estornado
104,124,Boleto,250.0,Pago
105,4874,Cartão,150.0,Pago
106,4809,PIX,250.0,Pendente
107,788,Boleto,150.0,Pendente
108,1148,Boleto,99.9,Pago
109,2648,Cartão,99.9,Pago
110,4144,Boleto,150.0,Pendente
111,824,Boleto,99.9,Pendente
112,769,Boleto,150.0,Pago
113,4885,Cartão,99.9,Estornado
114,3856,Boleto,99.9,Pendente
115,3188,Boleto,150.0,Pendente
116,3477,Cartão,99.9,Pendente
117,3916,PIX,99.9,Pendente
118,3369,Boleto,99.9,Estornado
119,2219,Boleto,250.0,Pendente
120,2507,PIX,150.0,Estornado
121,1853,Cartão,250.0,Pago
122,1170,Cartão,250.0,Estornado
123,2126,PIX,250.0,Estornado
124,3119,Boleto,99.9,Pendente
125,3369,Boleto,99.9,Pago
126,1381,PIX,250.0,Pago
127,2024,Boleto,99.9,Pago
128,1589,Boleto,99.9,Pendente
129,1288,PIX,150.0,Estornado
130,3269,Boleto,99.9,Pago
131,2172,Boleto,250.0,Pago
132,4721,PIX,150.0,Pendente
133,501,PIX,250.0,Estornado
134,3109,PIX,150.0,Pago
135,4954,Cartão,99.9,Pago
136,4778,Cartão,150.0,Pago
137,3809,Boleto,250.0,Pago
138,1527,Boleto,99.9,Pendente
139,993,PIX,150.0,Pendente
140,4189,Cartão,150.0,Pago
141,1749,PIX,250.0,Estornado
142,4745,Cartão,150.0,Estornado
143,1778,Cartão,250.0,Estornado
144,3680,Cartão,99.9,Pago
145,2306,PIX,99.9,Estornado
146,4369,Boleto,99.9,Pendente
147,2878,Boleto,150.0,Pendente
148,2931,Cartão,99.9,Pendente
149,2341,Cartão,99.9,Pendente
150,4669,Boleto,250.0,Estornado
151,699,Boleto,99.9,Estornado
152,243,PIX,99.9,Pago
153,2560,Boleto,99.9,Pendente
154,1980,Cartão,99.9,Pendente
155,1050,Cartão,99.9,Pendente
156,4375,Cartão,250.0,Pago
157,3042,Cartão,250.0,Estornado
158,2727,Boleto,99.9,Pendente
159,1841,Boleto,250.0,Pendente
160,2408,PIX,99.9,Estornado
161,1329,Boleto,99.9,Pendente
162,4365,PIX,250.0,Pendente
163,3617,Cartão,150.0,Estornado
164,2050,Cartão,99.9,Pendente
165,4430,Boleto,250.0,Pendente
166,4515,PIX,99.9,Estornado
167,4135,Boleto,99.9,Pendente
168,2578,PIX,99.9,Pago
169,4523,Boleto,250.0,Estornado
170,3459,Cartão,150.0,Estornado
171,251,Boleto,99.9,Estornado
172,1261,Cartão,99.9,Estornado
173,2918,Cartão,99.9,Pago
174,4390,PIX,99.9,Pago
175,1109,Cartão,150.0,Pendente
176,4199,Boleto,99.9,Pendente
177,1889,Boleto,150.0,Pago
178,1666,PIX,99.9,Pago
179,770,Boleto,250.0,Estornado
180,1153,Cartão,150.0,Pendente
181,1172,Cartão,150.0,Estornado
182,1673,Cartão,99.9,Estornado
183,61,Cartão,150.0,Pago
184,2461,Boleto,150.0,Estornado
185,477,Cartão,250.0,Estornado
186,3826,PIX,150.0,Pendente
187,4657,PIX,99.9,Pago
188,4403,PIX,99.9,Pago
189,255,Cartão,250.0,Pago
190,3983,Boleto,99.9,Estornado
191,95,Cartão,99.9,Pendente
192,20,Boleto,99.9,Pago
193,559,Boleto,250.0,Pago
194,4261,Cartão,250.0,Estornado
195,518,Boleto,99.9,Pago
196,2082,Boleto,250.0,Pendente
197,2439,Boleto,99.9,Estornado
198,4414,Cartão,99.9,Estornado
199,3609,Boleto,250.0,Pago
200,1435,Cartão,150.0,Pendente
201,2590,Cartão,250.0,Pago
202,3325,Boleto,150.0,Pago
203,459,Cartão,99.9,Pago
204,3780,PIX,250.0,Pendente
205,1609,Boleto,150.0,Estornado
206,263,PIX,99.9,Pago
207,1215,Cartão,150.0,Pago
208,4324,PIX,150.0,Pago
209,2199,Cartão,250.0,Estornado
210,3314,Boleto,99.9,Pendente
211,4685,Boleto,250.0,Pago
212,773,Boleto,250.0,Pago
213,4743,Cartão,250.0,Pendente
214,484,PIX,250.0,Pago
215,25,Cartão,99.9,Estornado
216,1240,Cartão,250.0,Estornado
217,131,PIX,150.0,Estornado
218,1115,Boleto,99.9,Estornado
219,2535,PIX,99.9,Estornado
220,1178,Cartão,150.0,Pago
221,2114,Cartão,250.0,Estornado
222,2625,PIX,150.0,Pago
223,926,PIX,150.0,Pago
224,2584,Boleto,150.0,Pendente
225,2752,PIX,150.0,Estornado
226,2886,PIX,250.0,Pendente
227,4259,PIX,99.9,Estornado
228,4531,Cartão,250.0,Pago
229,2024,Boleto,250.0,Estornado
230,1039,Cartão,250.0,Pendente
231,3564,Boleto,150.0,Pendente
232,205,Boleto,150.0,Pago
233,497,Boleto,99.9,Estornado
234,2829,Boleto,99.9,Pendente
235,3611,Cartão,99.9,Pago
236,4369,PIX,250.0,Estornado
237,1154,Cartão,150.0,Estornado
238,1865,Cartão,150.0,Pago
239,306,PIX,250.0,Pago
240,4210,Cartão,250.0,Pago
241,2642,PIX,150.0,Pendente
242,3244,Boleto,150.0,Pago
243,4197,Boleto,150.0,Pendente
244,1288,Cartão,250.0,Estornado
245,2952,Cartão,150.0,Estornado
246,1870,Boleto,99.9,Pago
247,4058,Boleto,99.9,Estornado
248,235,PIX,250.0,Pendente
249,1485,Cartão,99.9,Pago
250,523,Boleto,150.0,Pago
251,1775,Cartão,150.0,Estornado
252,1171,Boleto,99.9,Pendente
253,4919,Cartão,150.0,Estornado
254,1938,PIX,99.9,Pago
255,130,Boleto,99.9,Estornado
256,4574,Boleto,150.0,Estornado
257,4683,Boleto,150.0,Pendente
258,4049,Boleto,150.0,Estornado
259,4090,PIX,150.0,Estornado
260,4025,Boleto,250.0,Pago
261,2067,Cartão,150.0,Pendente
262,2549,Boleto,250.0,Pago
263,619,Cartão,99.9,Pago
264,792,Cartão,250.0,Estornado
265,3294,Boleto,99.9,Estornado
266,2159,PIX,99.9,Pago
267,2352,PIX,150.0,Estornado
268,4319,Cartão,150.0,Pago
269,1445,Boleto,150.0,Pendente
270,4623,PIX,99.9,Pago
271,644,PIX,250.0,Pago
272,3498,PIX,99.9,Pendente
273,4659,PIX,99.9,Estornado
274,2413,PIX,150.0,Estornado
275,3875,Boleto,99.9,Pendente
276,3764,Cartão,250.0,Pendente
277,4320,PIX,150.0,Pago
278,4239,Boleto,250.0,Estornado
279,3601,Cartão,99.9,Estornado
280,1433,PIX,99.9,Pendente
281,3421,Cartão,150.0,Pago
282,4523,Boleto,250.0,Estornado
283,1520,PIX,99.9,Pendente
284,4004,Cartão,150.0,Pendente
285,1528,PIX,250.0,Pendente
286,3838,PIX,150.0,Pendente
287,739,Boleto,250.0,Pago
288,848,Boleto,150.0,Pago
289,2311,PIX,150.0,Pago
290,775,Boleto,250.0,Pago
291,4200,Boleto,250.0,Pendente
292,4411,PIX,150.0,Pendente
293,1483,Boleto,99.9,Pendente
294,733,Cartão,150.0,Estornado
295,3142,Boleto,150.0,Estornado
296,2501,Cartão,250.0,Pago
297,4824,PIX,150.0,Estornado
298,3101,Cartão,150.0,Pago
299,507,Boleto,99.9,Pago
300,145,Cartão,99.9,Pendente
301,672,PIX,99.9,Estornado
302,3440,PIX,250.0,Pago
303,2112,Boleto,250.0,Estornado
304,4498,Boleto,99.9,Pago
305,448,Cartão,250.0,Pendente
306,253,Boleto,99.9,Estornado
307,4806,Cartão,250.0,Pago
308,4832,Boleto,99.9,Estornado
309,224,PIX,250.0,Estornado
310,1956,Cartão,99.9,Pendente
311,1805,PIX,150.0,Pago
312,3704,Boleto,250.0,Estornado
313,1024,Boleto,250.0,Pago
314,3235,PIX,250.0,Pendente
315,1931,Boleto,99.9,Pago
316,4141,PIX,99.9,Pago
317,4412,PIX,150.0,Pago
318,3346,PIX,250.0,Estornado
319,3894,PIX,250.0,Pago
320,2549,Boleto,150.0,Estornado
321,3425,Cartão,150.0,Pago
322,1121,Boleto,150.0,Pago
323,2526,PIX,250.0,Pago
324,2091,PIX,99.9,Estornado
325,2421,Boleto,250.0,Pago
326,3913,Cartão,150.0,Estornado
327,59,PIX,250.0,Estornado
328,4307,Cartão,150.0,Estornado
329,1806,Boleto,250.0,Estornado
330,1150,Boleto,99.9,Pendente
331,709,Boleto,250.0,Pendente
332,1200,PIX,150.0,Pago
333,809,Boleto,150.0,Estornado
334,909,PIX,250.0,Estornado
335,4057,Cartão,250.0,Pago
336,3902,PIX,99.9,Estornado
337,3062,PIX,150.0,Pago
338,1208,PIX,99.9,Estornado
339,4295,Boleto,99.9,Pago
340,1674,Cartão,99.9,Pago
341,1113,PIX,99.9,Pago
342,4465,Boleto,250.0,Pendente
343,2674,PIX,250.0,Pago
344,455,Cartão,250.0,Estornado
345,526,Cartão,250.0,Pago
346,3,PIX,150.0,Pago
347,2940,PIX,99.9,Pago
348,3046,Cartão,150.0,Pago
349,3841,Boleto,150.0,Estornado
350,3437,PIX,99.9,Pago
351,3227,Boleto,99.9,Pendente
352,3986,Cartão,250.0,Estornado
353,1572,Cartão,99.9,Pago
354,3461,PIX,99.9,Pendente
355,3116,PIX,250.0,Pago
356,2883,PIX,99.9,Estornado
357,394,Cartão,150.0,Pago
358,4688,Cartão,150.0,Pendente
359,4509,Cartão,250.0,Pago
360,3993,PIX,150.0,Estornado
361,1054,PIX,150.0,Pendente
362,980,Cartão,150.0,Pago
363,1669,Boleto,99.9,Estornado
364,2174,PIX,150.0,Estornado
365,3479,PIX,150.0,Pago
366,67,Boleto,250.0,Pago
367,4124,PIX,250.0,Pendente
368,2157,Boleto,99.9,Pendente
369,1935,Boleto,250.0,Pago
370,955,Cartão,99.9,Pago
371,2972,Boleto,250.0,Estornado
372,4620,PIX,150.0,Pago
373,2386,PIX,150.0,Pago
374,375,Cartão,150.0,Pago
375,2844,Boleto,99.9,Estornado
376,2991,Cartão,150.0,Pago
377,1755,Boleto,250.0,Estornado
378,1738,PIX,250.0,Estornado
379,1975,Cartão,99.9,Pendente
380,242,PIX,99.9,Pago
381,2687,Cartão,99.9,Pendente
382,4821,Cartão,99.9,Pendente
383,4100,PIX,150.0,Pago
384,4825,Cartão,250.0,Estornado
385,3070,Cartão,99.9,Estornado
386,3418,PIX,250.0,Pendente
387,3893,Cartão,99.9,Pago
388,2396,Cartão,250.0,Estornado
389,4976,PIX,99.9,Pendente
390,2365,PIX,150.0,Pendente
391,1336,Cartão,150.0,Estornado
392,2284,Boleto,250.0,Estornado
393,907,Boleto,150.0,Pago
394,1814,PIX,150.0,Estornado
395,1532,Cartão,99.9,Estornado
396,4622,PIX,150.0,Pendente
397,4984,Boleto,250.0,Estornado
398,1994,Boleto,99.9,Estornado
399,137,Boleto,150.0,Estornado
400,1038,Cartão,150.0,Estornado
401,2415,Cartão,99.9,Estornado
402,4140,PIX,250.0,Pago
403,4441,Boleto,150.0,Pendente
404,669,Boleto,150.0,Pendente
405,2617,Boleto,250.0,Pendente
406,303,Boleto,150.0,Estornado
407,1861,Boleto,250.0,Pago
408,1270,PIX,250.0,Pendente
409,716,PIX,250.0,Pendente
410,1987,Boleto,250.0,Pago
411,515,Cartão,250.0,Pago
412,1032,PIX,99.9,Estornado
413,4867,Boleto,250.0,Pago
414,4611,Cartão,250.0,Estornado
415,1261,Boleto,250.0,Pendente
416,3880,Cartão,99.9,Pago
417,1826,Cartão,250.0,Pago
418,4399,Boleto,99.9,Pago
419,2504,Boleto,150.0,Pago
420,1468,Boleto,150.0,Pago
421,1484,Boleto,250.0,Pendente
422,4959,Cartão,250.0,Pago
423,386,Boleto,250.0,Pendente
424,2335,Boleto,250.0,Pendente
425,3884,PIX,150.0,Estornado
426,4746,Cartão,150.0,Estornado
427,3368,PIX,99.9,Estornado
428,3353,Cartão,99.9,Estornado
429,2022,Cartão,150.0,Pendente
430,4790,Boleto,250.0,Estornado
431,1520,Cartão,250.0,Estornado
432,1092,Boleto,99.9,Estornado
433,4253,Cartão,250.0,Estornado
434,147,Cartão,250.0,Estornado
435,1249,PIX,250.0,Pago
436,1007,PIX,250.0,Pendente
437,1271,PIX,150.0,Pendente
438,1003,Cartão,150.0,Estornado
439,4985,Cartão,150.0,Pago
440,1998,PIX,99.9,Pago
441,4664,Boleto,99.9,Pendente
442,467,Cartão,150.0,Pago
443,3054,PIX,150.0,Pendente
444,609,Boleto,250.0,Pendente
445,3884,PIX,99.9,Estornado
446,40,PIX,99.9,Estornado
447,2508,Boleto,250.0,Estornado
448,1016,Cartão,150.0,Estornado
449,4407,Cartão,150.0,Pago
450,528,Boleto,99.9,Estornado
451,4345,Boleto,250.0,Estornado
452,4493,Cartão,250.0,Pendente
453,1076,Cartão,150.0,Pendente
454,1646,Cartão,250.0,Pendente
455,1518,PIX,250.0,Pendente
456,3797,PIX,99.9,Pendente
457,1436,Boleto,250.0,Estornado
458,2533,Cartão,99.9,Estornado
459,3513,PIX,250.0,Estornado
460,2977,Boleto,99.9,Pendente
461,2149,Cartão,150.0,Estornado
462,3981,Boleto,150.0,Pago
463,2729,Cartão,99.9,Estornado
464,1537,Cartão,250.0,Pendente
465,4983,Boleto,99.9,Estornado
466,897,Cartão,150.0,Pago
467,679,PIX,99.9,Pago
468,2475,PIX,250.0,Pago
469,422,Cartão,99.9,Pago
470,2195,PIX,250.0,Pago
471,2752,Cartão,150.0,Pendente
472,1064,PIX,99.9,Estornado
473,1410,PIX,250.0,Pendente
474,1530,Cartão,99.9,Pago
475,1597,Boleto,150.0,Pago
476,2736,Cartão,250.0,Estornado
477,1208,Boleto,150.0,Pago
478,1205,Cartão,150.0,Estornado
479,848,PIX,99.9,Estornado
480,2439,PIX,99.9,Pago
481,3855,Cartão,150.0,Pendente
482,3418,Boleto,250.0,Estornado
483,1132,Boleto,99.9,Estornado
484,2034,PIX,99.9,Pendente
485,907,PIX,99.9,Pago
486,4160,Cartão,99.9,Pendente
487,4554,Cartão,150.0,Pendente
488,3631,PIX,99.9,Pago
489,2037,Boleto,99.9,Estornado
490,2099,Cartão,99.9,Pendente
491,1242,Cartão,250.0,Pago
492,1849,Cartão,250.0,Estornado
493,2589,Boleto,250.0,Pago
494,1761,Cartão,99.9,Pendente
495,403,PIX,150.0,Estornado
496,182,Cartão,250.0,Estornado
497,952,PIX,250.0,Estornado
498,4558,Boleto,250.0,Estornado
499,4613,PIX,250.0,Pendente
500,1659,Boleto,150.0,Pendente
501,366,PIX,250.0,Pendente
502,2404,Cartão,99.9,Pago
503,3427,PIX,150.0,Estornado
504,652,PIX,99.9,Pago
505,3524,PIX,250.0,Estornado
506,2097,Cartão,99.9,Pago
507,1529,Cartão,250.0,Pendente
508,3024,Cartão,250.0,Estornado
509,3401,Boleto,99.9,Pendente
510,1388,Boleto,150.0,Estornado
511,1506,PIX,150.0,Estornado
512,2726,Boleto,150.0,Pendente
513,1464,Boleto,99.9,Pendente
514,624,PIX,99.9,Estornado
515,4700,Boleto,250.0,Pago
516,4928,Boleto,99.9,Estornado
517,673,Cartão,250.0,Pendente
518,3215,Cartão,99.9,Pendente
519,1041,PIX,150.0,Pendente
520,3425,Boleto,150.0,Pendente
521,187,Cartão,150.0,Pendente
522,3845,PIX,250.0,Estornado
523,3923,PIX,250.0,Pago
524,3718,Boleto,150.0,Estornado
525,3658,Cartão,250.0,Pendente
526,1824,Boleto,150.0,Estornado
527,559,Boleto,250.0,Pendente
528,930,PIX,150.0,Estornado
529,3548,Cartão,99.9,Estornado
530,4470,Cartão,99.9,Estornado
531,1528,PIX,99.9,Pago
532,3076,Boleto,99.9,Pendente
533,580,Boleto,250.0,Pendente
534,2373,PIX,150.0,Pendente
535,1203,PIX,150.0,Pago
536,1108,PIX,150.0,Pendente
537,4051,Boleto,99.9,Pago
538,4481,Boleto,99.9,Pago
539,1654,Boleto,99.9,Estornado
540,144,Boleto,250.0,Estornado
541,3124,Cartão,250.0,Pago
542,1901,Cartão,150.0,Pendente
543,3950,PIX,99.9,Pendente
544,3884,PIX,99.9,Estornado
545,1288,PIX,250.0,Pago
546,4527,Boleto,99.9,Pendente
547,4721,Boleto,150.0,Estornado
548,712,PIX,250.0,Pendente
549,2402,Cartão,99.9,Pago
550,2,PIX,150.0,Estornado
551,248,Cartão,250.0,Pago
552,741,Boleto,99.9,Pago
553,2099,Boleto,99.9,Pago
554,3868,PIX,99.9,Pago
555,2318,Boleto,150.0,Estornado
556,3367,PIX,250.0,Estornado
557,3180,Cartão,150.0,Pago
558,2206,Cartão,150.0,Estornado
559,71,Cartão,250.0,Pendente
560,2934,Boleto,250.0,Estornado
561,44,Boleto,150.0,Pago
562,1182,Cartão,250.0,Pago
563,2245,PIX,99.9,Estornado
564,1840,Boleto,150.0,Pendente
565,4672,Cartão,99.9,Pago
566,2596,Cartão,99.9,Estornado
567,3467,Boleto,250.0,Pago
568,1838,Boleto,250.0,Pago
569,4995,Boleto,99.9,Estornado
570,2410,PIX,150.0,Pendente
571,3413,PIX,250.0,Pago
572,2325,PIX,150.0,Estornado
573,2830,PIX,150.0,Estornado
574,157,Cartão,250.0,Estornado
575,4381,PIX,250.0,Estornado
576,4727,Cartão,99.9,Pendente
577,1958,Boleto,150.0,Pendente
578,4237,Cartão,250.0,Estornado
579,3784,Cartão,150.0,Pendente
580,1744,Boleto,150.0,Pago
581,4587,PIX,150.0,Pendente
582,468,Cartão,99.9,Pendente
583,65,Cartão,250.0,Pago
584,3120,Cartão,99.9,Pago
585,675,Cartão,99.9,Pendente
586,243,Boleto,250.0,Pago
587,3109,Cartão,150.0,Estornado
588,1205,PIX,250.0,Estornado
589,3299,PIX,150.0,Pendente
590,2762,Cartão,99.9,Pendente
591,1367,PIX,150.0,Estornado
592,1464,Cartão,250.0,Pago
593,3698,Cartão,250.0,Pago
594,1097,PIX,250.0,Pendente
595,3345,PIX,99.9,Pago
596,721,PIX,99.9,Pago
597,1845,PIX,150.0,Pago
598,2813,PIX,150.0,Estornado
599,3387,Cartão,150.0,Estornado
600,1870,Boleto,99.9,Pendente
601,1967,PIX,150.0,Estornado
602,1213,Boleto,99.9,Pendente
603,2068,PIX,250.0,Pendente
604,3908,Boleto,150.0,Pago
605,292,Cartão,150.0,Estornado
606,1736,PIX,150.0,Pago
607,4019,Cartão,250.0,Estornado
608,3740,Boleto,150.0,Pendente
609,3009,Cartão,150.0,Pendente
610,4937,Cartão,250.0,Estornado
611,2057,PIX,250.0,Estornado
612,4311,Boleto,250.0,Pago
613,2013,Cartão,250.0,Pendente
614,1719,Cartão,250.0,Estornado
615,3908,Boleto,99.9,Pago
616,954,Boleto,150.0,Pendente
617,200,Cartão,250.0,Pago
618,1950,Boleto,250.0,Pago
619,611,Cartão,99.9,Pago
620,3079,Cartão,99.9,Pago
621,3307,Boleto,250.0,Pago
622,4502,Boleto,150.0,Estornado
623,304,Cartão,99.9,Estornado
624,2272,PIX,250.0,Pago
625,3653,Boleto,250.0,Pago
626,1010,Boleto,150.0,Estornado
627,1314,Cartão,250.0,Pendente
628,3352,Cartão,99.9,Pendente
629,1304,Boleto,99.9,Pendente
630,3205,PIX,99.9,Pendente
631,131,PIX,150.0,Pago
632,75,Boleto,99.9,Pendente
633,2151,PIX,99.9,Estornado
634,3587,PIX,99.9,Pago
635,1086,PIX,99.9,Pago
636,3501,Cartão,150.0,Estornado
637,2671,Boleto,99.9,Pendente
638,84,Boleto,99.9,Estornado
639,3267,PIX,250.0,Pendente
640,1489,PIX,150.0,Pendente
641,4059,Cartão,99.9,Pendente
642,4951,PIX,250.0,Pago
643,837,Cartão,99.9,Pago
644,458,PIX,99.9,Pago
645,4582,Cartão,150.0,Pendente
646,128,Boleto,150.0,Pago
647,4884,PIX,150.0,Estornado
648,3353,Boleto,250.0,Estornado
649,4691,PIX,250.0,Estornado
650,3250,PIX,99.9,Estornado
651,4436,Cartão,99.9,Pendente
652,4701,PIX,99.9,Pendente
653,4152,PIX,99.9,Pendente
654,4422,Cartão,99.9,Estornado
655,24,PIX,99.9,Pendente
656,4233,PIX,150.0,Pago
657,2576,Cartão,150.0,Pago
658,1842,PIX,150.0,Estornado
659,3727,Boleto,150.0,Pago
660,4080,Boleto,250.0,Pago
661,4177,PIX,150.0,Estornado
662,1275,PIX,99.9,Pago
663,2803,Cartão,99.9,Pendente
664,550,Boleto,250.0,Pendente
665,780,PIX,99.9,Pago
666,627,PIX,250.0,Estornado
667,3734,PIX,150.0,Pago
668,2389,Boleto,250.0,Pago
669,594,Boleto,150.0,Pago
670,4069,Cartão,250.0,Pago
671,3889,Boleto,99.9,Estornado
672,1614,Cartão,150.0,Estornado
673,2196,PIX,99.9,Pendente
674,4882,Boleto,250.0,Pago
675,149,PIX,99.9,Estornado
676,1854,PIX,99.9,Pago
677,4732,Cartão,250.0,Pago
678,2350,PIX,250.0,Pago
679,2954,Boleto,250.0,Estornado
680,1923,PIX,99.9,Estornado
681,3410,Boleto,99.9,Estornado
682,527,Cartão,99.9,Pago
683,609,PIX,250.0,Estornado
684,850,Boleto,250.0,Estornado
685,3857,PIX,250.0,Pago
686,3729,Cartão,99.9,Pago
687,3291,Boleto,150.0,Pago
688,3937,Cartão,99.9,Pago
689,408,Cartão,150.0,Pendente
690,1838,PIX,150.0,Pendente
691,2547,Cartão,150.0,Pendente
692,1245,Boleto,99.9,Pendente
693,819,Boleto,150.0,Pendente
694,4850,Cartão,150.0,Pago
695,3230,PIX,99.9,Pago
696,4267,Boleto,150.0,Pendente
697,408,Cartão,99.9,Estornado
698,827,Boleto,99.9,Estornado
699,2000,PIX,150.0,Pago
700,1580,Cartão,99.9,Pago
701,1312,Cartão,99.9,Pago
702,3795,Boleto,99.9,Pago
703,788,Boleto,250.0,Pendente
704,813,PIX,250.0,Estornado
705,3132,Cartão,99.9,Estornado
706,2360,Cartão,250.0,Estornado
707,127,Boleto,99.9,Pago
708,3518,Boleto,99.9,Estornado
709,1069,Cartão,150.0,Pago
710,3830,Cartão,150.0,Pendente
711,1311,PIX,250.0,Pendente
712,3833,PIX,99.9,Pendente
713,2167,Boleto,150.0,Estornado
714,886,Boleto,150.0,Estornado
715,2861,Cartão,250.0,Pago
716,4638,Cartão,150.0,Pago
717,3853,Boleto,150.0,Pendente
718,2058,Boleto,250.0,Pendente
719,1338,Cartão,150.0,Pendente
720,2791,Boleto,150.0,Estornado
721,2102,PIX,99.9,Estornado
722,2334,Cartão,150.0,Estornado
723,448,Boleto,250.0,Estornado
724,4514,Boleto,250.0,Pendente
725,4686,Boleto,99.9,Pago
726,349,Cartão,99.9,Pendente
727,1930,Boleto,99.9,Pendente
728,4942,Boleto,250.0,Pago
729,2919,Cartão,250.0,Pendente
730,4473,PIX,99.9,Pago
731,3925,PIX,250.0,Pendente
732,4997,PIX,99.9,Pendente
733,2431,Boleto,250.0,Pendente
734,4865,Cartão,99.9,Pago
735,2820,Cartão,250.0,Estornado
736,452,PIX,99.9,Pendente
737,3096,Boleto,250.0,Pendente
738,1352,PIX,150.0,Pendente
739,1002,Boleto,99.9,Pendente
740,1852,Boleto,99.9,Pendente
741,2117,PIX,99.9,Estornado
742,4671,Boleto,250.0,Pendente
743,4344,Boleto,99.9,Estornado
744,380,Boleto,250.0,Estornado
745,2771,PIX,99.9,Estornado
746,4351,PIX,99.9,Pendente
747,2621,PIX,99.9,Pago
748,1315,Boleto,99.9,Pendente
749,292,Cartão,99.9,Pago
750,492,PIX,250.0,Pendente
751,2167,Cartão,99.9,Estornado
752,1305,PIX,99.9,Pago
753,3418,Boleto,150.0,Pago
754,1726,Cartão,150.0,Pendente
755,4933,Boleto,250.0,Pendente
756,4992,PIX,150.0,Pago
757,398,PIX,150.0,Pago
758,3879,Cartão,250.0,Pendente
759,246,Cartão,150.0,Pendente
760,3474,Boleto,99.9,Estornado
761,1793,Boleto,99.9,Estornado
762,4177,Boleto,150.0,Estornado
763,2050,Boleto,250.0,Pago
764,3230,PIX,99.9,Pago
765,1280,PIX,99.9,Pendente
766,3225,Boleto,99.9,Pago
767,3401,PIX,250.0,Pago
768,894,Boleto,99.9,Estornado
769,2348,PIX,150.0,Pago
770,1057,PIX,150.0,Pendente
771,4619,PIX,150.0,Pendente
772,4085,Boleto,250.0,Pago
773,1729,PIX,150.0,Pago
774,4159,Cartão,250.0,Estornado
775,1827,PIX,99.9,Pago
776,1192,Cartão,250.0,Estornado
777,3049,Boleto,250.0,Pendente
778,4262,PIX,99.9,Pendente
779,2098,PIX,150.0,Pendente
780,900,PIX,150.0,Estornado
781,4676,Boleto,250.0,Pago
782,3512,Cartão,99.9,Estornado
783,4969,PIX,250.0,Pago
784,3271,Cartão,250.0,Pago
785,3810,Boleto,99.9,Pendente
786,4058,Cartão,250.0,Pago
787,1492,PIX,150.0,Pendente
788,2194,Boleto,250.0,Estornado
789,1917,PIX,99.9,Pendente
790,3434,Cartão,150.0,Pendente
791,574,PIX,99.9,Pago
792,1813,Boleto,99.9,Estornado
793,2544,Cartão,250.0,Pago
794,2801,PIX,150.0,Pendente
795,3873,PIX,150.0,Pago
796,516,Boleto,150.0,Pendente
797,1352,Cartão,250.0,Estornado
798,2883,PIX,99.9,Pendente
799,3868,Boleto,250.0,Pago
800,25,Boleto,99.9,Pago
801,3294,Cartão,99.9,Estornado
802,2278,Cartão,99.9,Estornado
803,1967,Cartão,250.0,Pago
804,754,Cartão,150.0,Pago
805,4460,Boleto,150.0,Estornado
806,4056,Cartão,99.9,Pago
807,3441,PIX,150.0,Estornado
808,1146,PIX,150.0,Pendente
809,466,PIX,250.0,Pendente
810,3921,PIX,99.9,Pendente
811,4016,Boleto,250.0,Pago
812,1129,Boleto,150.0,Pendente
813,359,PIX,150.0,Estornado
814,2267,Boleto,99.9,Pago
815,866,PIX,250.0,Pago
816,2633,Cartão,99.9,Pago
817,2700,Boleto,150.0,Estornado
818,3546,Cartão,99.9,Pago
819,2006,Cartão,250.0,Pendente
820,672,PIX,150.0,Estornado
821,2454,Boleto,150.0,Estornado
822,239,Boleto,150.0,Pendente
823,2388,PIX,99.9,Estornado
824,1297,PIX,150.0,Pago
825,3821,Boleto,150.0,Estornado
826,1190,Boleto,250.0,Pago
827,945,Cartão,250.0,Pendente
828,2019,PIX,150.0,Pendente
829,1707,Cartão,99.9,Estornado
830,4305,Boleto,150.0,Pendente
831,2486,PIX,99.9,Pendente
832,1847,PIX,250.0,Pendente
833,4190,Cartão,99.9,Pago
834,4633,Cartão,99.9,Pendente
835,4742,PIX,99.9,Pago
836,2399,PIX,250.0,Estornado
837,2718,Cartão,150.0,Estornado
838,402,Boleto,99.9,Estornado
839,673,Cartão,250.0,Pendente
840,2496,PIX,150.0,Pago
841,3650,Cartão,250.0,Estornado
842,4222,Boleto,250.0,Pago
843,314,Boleto,150.0,Pago
844,392,Boleto,150.0,Estornado
845,1569,PIX,150.0,Pago
846,2010,Boleto,250.0,Estornado
847,3951,PIX,150.0,Estornado
848,2273,PIX,150.0,Estornado
849,2431,Boleto,150.0,Estornado
850,2730,PIX,99.9,Estornado
851,2948,Boleto,150.0,Estornado
852,4875,PIX,150.0,Estornado
853,2967,Boleto,99.9,Estornado
854,903,Cartão,99.9,Pago
855,4373,Boleto,99.9,Estornado
856,2749,Cartão,250.0,Pago
857,1415,Boleto,150.0,Pago
858,1284,Cartão,150.0,Pendente
859,1655,Boleto,150.0,Estornado
860,3666,Cartão,150.0,Pendente
861,3716,Cartão,150.0,Estornado
862,683,Cartão,250.0,Estornado
863,1806,PIX,99.9,Pago
864,4798,Boleto,250.0,Pendente
865,1555,PIX,99.9,Estornado
866,1167,Cartão,99.9,Pendente
867,3102,PIX,250.0,Estornado
868,4874,Cartão,250.0,Estornado
869,1051,PIX,150.0,Estornado
870,759,PIX,250.0,Estornado
871,4653,Cartão,99.9,Estornado
872,73,Boleto,150.0,Pendente
873,2440,PIX,99.9,Pago
874,3819,Boleto,250.0,Pendente
875,3837,Boleto,250.0,Estornado
876,4690,PIX,250.0,Pago
877,2149,Boleto,150.0,Estornado
878,1968,Cartão,150.0,Pendente
879,2447,Cartão,250.0,Pago
880,244,Boleto,99.9,Estornado
881,3014,Boleto,150.0,Pendente
882,2988,Cartão,150.0,Pago
883,550,Cartão,150.0,Pago
884,2793,Boleto,99.9,Estornado
885,2445,Boleto,99.9,Estornado
886,3360,Cartão,150.0,Estornado
887,952,Boleto,99.9,Pago
888,3251,PIX,99.9,Pago
889,1725,Boleto,250.0,Pago
890,1227,Cartão,250.0,Pendente
891,4150,Boleto,99.9,Pago
892,3463,Boleto,99.9,Pago
893,734,Cartão,99.9,Estornado
894,571,Cartão,150.0,Pendente
895,1359,Boleto,250.0,Estornado
896,3341,PIX,150.0,Pendente
897,1060,Cartão,150.0,Pendente
898,2294,Boleto,250.0,Pago
899,2319,Boleto,150.0,Estornado
900,4395,Boleto,150.0,Estornado
901,364,Boleto,150.0,Estornado
902,2681,Boleto,150.0,Pago
903,3046,Cartão,250.0,Pago
904,3149,PIX,150.0,Pendente
905,4560,Cartão,99.9,Pago
906,951,Boleto,250.0,Pendente
907,3861,Cartão,250.0,Estornado
908,2785,PIX,150.0,Pendente
909,128,Boleto,150.0,Pendente
910,2340,Cartão,99.9,Estornado
911,2584,Boleto,99.9,Pago
912,1318,Cartão,250.0,Pago
913,1913,PIX,250.0,Estornado
914,4199,Boleto,99.9,Pago
915,1182,PIX,250.0,Pendente
916,3903,Boleto,250.0,Pago
917,2965,Boleto,250.0,Pendente
918,3039,PIX,99.9,Estornado
919,4867,Cartão,150.0,Pago
920,518,PIX,150.0,Pendente
921,2999,PIX,150.0,Pendente
922,731,Boleto,150.0,Estornado
923,635,PIX,150.0,Pendente
924,2359,Boleto,99.9,Pendente
925,4299,Cartão,250.0,Estornado
926,4743,Boleto,250.0,Pago
927,1206,Boleto,99.9,Pendente
928,3520,Boleto,99.9,Pago
929,351,PIX,99.9,Pendente
930,4569,PIX,250.0,Pendente
931,1921,PIX,99.9,Pago
932,2846,Boleto,99.9,Estornado
933,3701,PIX,150.0,Pendente
934,3805,PIX,150.0,Estornado
935,519,Boleto,250.0,Estornado
936,3350,Cartão,150.0,Pago
937,4413,PIX,250.0,Pago
938,4649,Boleto,150.0,Pago
939,3650,PIX,250.0,Pendente
940,4274,Cartão,150.0,Pendente
941,1785,Boleto,150.0,Pendente
942,153,Cartão,150.0,Pendente
943,1714,Boleto,99.9,Estornado
944,4011,PIX,99.9,Pago
945,3192,PIX,150.0,Pago
946,1374,Boleto,250.0,Estornado
947,4910,Boleto,99.9,Pago
948,3683,Cartão,250.0,Pendente
949,3036,Cartão,250.0,Pendente
950,3153,Cartão,150.0,Pendente
951,2392,PIX,150.0,Pago
952,1720,Boleto,250.0,Pendente
953,867,Cartão,250.0,Pago
954,4371,Cartão,150.0,Pendente
955,4960,Cartão,99.9,Estornado
956,2500,Boleto,250.0,Pendente
957,3195,Cartão,250.0,Pendente
958,976,PIX,99.9,Estornado
959,3619,PIX,99.9,Estornado
960,1992,PIX,250.0,Estornado
961,569,Cartão,250.0,Estornado
962,1204,Boleto,99.9,Pendente
963,3135,PIX,250.0,Estornado
964,1538,PIX,250.0,Pendente
965,2421,Boleto,99.9,Estornado
966,1303,Boleto,150.0,Estornado
967,4905,Boleto,99.9,Pago
968,2176,Cartão,150.0,Estornado
969,14,PIX,99.9,Pendente
970,3539,Cartão,99.9,Estornado
971,209,Boleto,99.9,Estornado
972,1285,Cartão,99.9,Pago
973,609,Boleto,250.0,Estornado
974,2229,Cartão,99.9,Pago
975,4363,PIX,250.0,Pago
976,3251,PIX,150.0,Estornado
977,2811,Boleto,250.0,Estornado
978,3363,Cartão,99.9,Estornado
979,4021,Boleto,99.9,Estornado
980,2393,Cartão,99.9,Estornado
981,4300,Cartão,99.9,Pago
982,1650,Cartão,150.0,Estornado
983,351,Boleto,99.9,Pago
984,1475,Cartão,150.0,Pendente
985,457,Boleto,250.0,Pago
986,688,Cartão,99.9,Pago
987,2138,Cartão,150.0,Pago
988,2648,Boleto,150.0,Pendente
989,480,Cartão,250.0,Estornado
990,2986,Cartão,250.0,Pago
991,3898,PIX,150.0,Pendente
992,861,PIX,150.0,Pago
993,4901,PIX,99.9,Pendente
994,183,Boleto,250.0,Pago
995,4360,PIX,150.0,Estornado
996,2355,PIX,250.0,Estornado
997,312,PIX,250.0,Pago
998,3386,Cartão,150.0,Estornado
999,1073,Boleto,99.9,Pago
1000,3763,Cartão,99.9,Estornado
1001,3500,Cartão,250.0,Estornado
1002,4173,Boleto,150.0,Pago
1003,1002,PIX,250.0,Pendente
1004,870,Boleto,150.0,Pendente
1005,4032,PIX,150.0,Pago
1006,1732,Boleto,99.9,Estornado
1007,995,PIX,99.9,Estornado
1008,3078,Boleto,150.0,Pago
1009,324,Boleto,250.0,Pendente
1010,1130,PIX,150.0,Estornado
1011,3831,Cartão,99.9,Pendente
1012,2854,Cartão,250.0,Estornado
1013,4709,PIX,99.9,Estornado
1014,3969,PIX,150.0,Pago
1015,3909,Cartão,250.0,Pago
1016,3094,Boleto,250.0,Pendente
1017,3836,PIX,250.0,Estornado
1018,252,Cartão,150.0,Estornado
1019,2825,Boleto,250.0,Estornado
1020,2789,Cartão,250.0,Pendente
1021,3209,Cartão,250.0,Estornado
1022,3261,Boleto,150.0,Pendente
1023,92,Cartão,150.0,Pago
1024,3292,Boleto,250.0,Pendente
1025,1097,PIX,250.0,Pendente
1026,3988,Cartão,250.0,Estornado
1027,646,PIX,250.0,Pago
1028,4541,Boleto,250.0,Estornado
1029,2606,Boleto,99.9,Pendente
1030,2481,PIX,99.9,Pendente
1031,988,PIX,250.0,Pago
1032,3706,Cartão,250.0,Pago
1033,2639,Cartão,250.0,Pago
1034,3433,Boleto,99.9,Pendente
1035,3815,Cartão,150.0,Pendente
1036,2787,Boleto,150.0,Estornado
1037,41,Boleto,250.0,Estornado
1038,802,Boleto,99.9,Pago
1039,4899,Cartão,250.0,Estornado
1040,3216,Boleto,250.0,Estornado
1041,939,PIX,99.9,Pendente
1042,3769,Cartão,99.9,Pago
1043,1390,Cartão,250.0,Pendente
1044,1507,Cartão,150.0,Pendente
1045,2277,PIX,250.0,Pendente
1046,3243,PIX,250.0,Pago
1047,138,Boleto,99.9,Pendente
1048,99,Cartão,99.9,Pago
1049,2438,Cartão,250.0,Pendente
1050,2531,PIX,99.9,Estornado
1051,1126,PIX,250.0,Estornado
1052,1980,PIX,250.0,Pendente
1053,4515,Boleto,99.9,Pendente
1054,2041,PIX,150.0,Pendente
1055,3527,PIX,250.0,Estornado
1056,114,PIX,150.0,Pago
1057,828,PIX,99.9,Estornado
1058,1506,PIX,150.0,Pendente
1059,1287,Cartão,150.0,Estornado
1060,269,Cartão,99.9,Estornado
1061,3403,Cartão,150.0,Estornado
1062,3572,PIX,150.0,Pendente
1063,421,Boleto,250.0,Pago
1064,4929,PIX,99.9,Estornado
1065,2418,Cartão,99.9,Pendente
1066,1096,Cartão,250.0,Pendente
1067,3303,Boleto,250.0,Pendente
1068,681,PIX,250.0,Pendente
1069,80,PIX,150.0,Pago
1070,797,PIX,250.0,Estornado
1071,576,Cartão,99.9,Estornado
1072,252,Boleto,150.0,Estornado
1073,2525,Cartão,250.0,Pago
1074,4967,Boleto,99.9,Pendente
1075,4604,PIX,250.0,Pendente
1076,2511,Boleto,99.9,Pago
1077,2614,Boleto,150.0,Estornado
1078,4364,PIX,150.0,Pago
1079,2718,Cartão,99.9,Pendente
1080,4887,PIX,150.0,Pago
1081,4196,Cartão,250.0,Pendente
1082,2479,Boleto,150.0,Pago
1083,4305,Cartão,150.0,Pago
1084,1888,Boleto,150.0,Pendente
1085,937,Boleto,150.0,Pago
1086,2919,Boleto,99.9,Estornado
1087,3196,Boleto,99.9,Estornado
1088,3615,Boleto,250.0,Estornado
1089,875,Cartão,250.0,Estornado
1090,1896,PIX,150.0,Estornado
1091,2389,Cartão,250.0,Pago
1092,201,Cartão,150.0,Pago
1093,4086,Boleto,150.0,Pendente
1094,1324,PIX,99.9,Pago
1095,1503,Boleto,99.9,Pago
1096,4546,PIX,99.9,Estornado
1097,1796,Cartão,250.0,Pago
1098,1753,PIX,250.0,Pago
1099,579,Cartão,150.0,Pago
1100,766,Boleto,150.0,Estornado
1101,4274,Cartão,250.0,Pendente
1102,1401,Boleto,250.0,Pendente
1103,4692,PIX,150.0,Estornado
1104,2557,Cartão,150.0,Pago
1105,4621,PIX,250.0,Estornado
1106,1328,Cartão,150.0,Estornado
1107,966,Cartão,150.0,Pendente
1108,816,Cartão,250.0,Pago
1109,746,Cartão,150.0,Pendente
1110,1981,Boleto,150.0,Pendente
1111,4882,Boleto,99.9,Estornado
1112,2162,Cartão,150.0,Estornado
1113,4173,Cartão,99.9,Pendente
1114,4702,PIX,250.0,Pago
1115,3294,Cartão,150.0,Estornado
1116,2463,Cartão,99.9,Pago
1117,1432,Boleto,99.9,Pendente
1118,581,Boleto,150.0,Estornado
1119,2899,Cartão,99.9,Pendente
1120,4907,PIX,250.0,Pago
1121,885,Boleto,150.0,Pago
1122,1690,Boleto,99.9,Estornado
1123,1027,Cartão,150.0,Pendente
1124,2878,Cartão,250.0,Pago
1125,4389,Boleto,250.0,Estornado
1126,2,Cartão,250.0,Pendente
1127,4930,PIX,250.0,Pago
1128,197,Boleto,99.9,Pendente
1129,777,Boleto,150.0,Estornado
1130,2067,PIX,150.0,Pago
1131,3787,Cartão,99.9,Pendente
1132,1756,Boleto,150.0,Estornado
1133,859,Boleto,99.9,Pendente
1134,968,Cartão,150.0,Pago
1135,3523,Boleto,250.0,Pendente
1136,4058,Cartão,250.0,Estornado
1137,3561,Cartão,150.0,Pendente
1138,1085,Boleto,250.0,Pago
1139,1145,Cartão,150.0,Pago
1140,1456,Cartão,150.0,Pendente
1141,3389,PIX,250.0,Pendente
1142,3336,Boleto,150.0,Pago
1143,2299,Cartão,250.0,Estornado
1144,4053,Cartão,150.0,Pendente
1145,3063,PIX,250.0,Estornado
1146,111,Cartão,150.0,Pendente
1147,681,PIX,99.9,Pendente
1148,2759,Cartão,250.0,Pendente
1149,4782,Cartão,250.0,Pendente
1150,320,PIX,250.0,Pago
1151,104,PIX,150.0,Pendente
1152,4647,Boleto,250.0,Pago
1153,3345,Cartão,99.9,Pendente
1154,1490,Boleto,150.0,Pago
1155,2361,Boleto,250.0,Pendente
1156,4947,Cartão,99.9,Pendente
1157,4260,Boleto,150.0,Pago
1158,4190,Boleto,99.9,Estornado
1159,4899,Boleto,150.0,Pago
1160,2973,Cartão,150.0,Estornado
1161,4747,PIX,99.9,Pendente
1162,3487,PIX,150.0,Pago
1163,2138,Cartão,250.0,Pago
1164,2072,Boleto,250.0,Pendente
1165,3499,Cartão,99.9,Pendente
1166,4660,PIX,250.0,Estornado
1167,4477,Boleto,250.0,Pendente
1168,3900,Boleto,150.0,Pendente
1169,3441,Cartão,150.0,Pendente
1170,2847,Cartão,99.9,Pago
1171,4392,PIX,250.0,Pendente
1172,1251,Boleto,99.9,Pendente
1173,4433,PIX,99.9,Estornado
1174,2882,Boleto,250.0,Pago
1175,228,Boleto,250.0,Pendente
1176,2313,Cartão,250.0,Pago
1177,2829,Boleto,99.9,Pago
1178,3502,Cartão,150.0,Estornado
1179,3319,PIX,150.0,Pendente
1180,3987,Cartão,250.0,Pendente
1181,2949,PIX,99.9,Pendente
1182,3193,Boleto,250.0,Pago
1183,1123,PIX,150.0,Estornado
1184,1852,Cartão,99.9,Pendente
1185,2245,Cartão,250.0,Estornado
1186,3694,Cartão,150.0,Pendente
1187,3063,Cartão,150.0,Pendente
1188,4660,Boleto,250.0,Pago
1189,3623,Cartão,99.9,Pago
1190,4908,Boleto,250.0,Pago
1191,2920,PIX,150.0,Estornado
1192,1142,PIX,99.9,Pago
1193,4247,Cartão,250.0,Pago
1194,4249,Boleto,99.9,Pago
1195,4442,Cartão,99.9,Pago
1196,2140,PIX,250.0,Pago
1197,2572,Boleto,250.0,Pendente
1198,3839,Cartão,150.0,Pago
1199,4135,Boleto,99.9,Pago
1200,60,Boleto,250.0,Pendente
1201,1542,PIX,150.0,Pendente
1202,2030,Boleto,99.9,Estornado
1203,1879,Boleto,150.0,Pendente
1204,657,Boleto,250.0,Pendente
1205,3034,Cartão,99.9,Pago
1206,3906,Boleto,250.0,Pendente
1207,4649,PIX,150.0,Estornado
1208,3153,Boleto,250.0,Pago
1209,1749,Boleto,99.9,Pendente
1210,1161,Boleto,99.9,Pago
1211,3776,PIX,99.9,Pago
1212,935,Cartão,99.9,Pendente
1213,701,PIX,99.9,Pago
1214,3112,Boleto,150.0,Estornado
1215,4067,Boleto,150.0,Estornado
1216,2037,PIX,250.0,Pago
1217,4999,Boleto,99.9,Pendente
1218,4654,PIX,250.0,Pendente
1219,2954,Boleto,99.9,Pendente
1220,2695,Cartão,99.9,Pago
1221,4304,PIX,250.0,Estornado
1222,3883,Cartão,99.9,Estornado
1223,590,PIX,99.9,Estornado
1224,2288,Boleto,150.0,Pago
1225,1188,Boleto,250.0,Estornado
1226,1238,Cartão,99.9,Estornado
1227,115,PIX,99.9,Pendente
1228,434,Boleto,150.0,Pendente
1229,2531,Boleto,250.0,Estornado
1230,4674,Cartão,250.0,Pendente
1231,1269,Cartão,150.0,Pendente
1232,1714,PIX,250.0,Estornado
1233,4672,Cartão,250.0,Estornado
1234,1534,PIX,99.9,Estornado
1235,4444,Cartão,99.9,Pendente
1236,3978,Boleto,99.9,Pendente
1237,4009,Cartão,250.0,Pago
1238,839,Boleto,99.9,Pago
1239,4580,Cartão,99.9,Pago
1240,2740,Boleto,150.0,Pago
1241,2279,Cartão,150.0,Pendente
1242,1336,Cartão,250.0,Pendente
1243,3092,PIX,99.9,Estornado
1244,459,Boleto,250.0,Pago
1245,4179,PIX,99.9,Estornado
1246,2769,Boleto,99.9,Pago
1247,2591,Cartão,250.0,Pendente
1248,2423,PIX,99.9,Estornado
1249,3797,PIX,250.0,Pago
1250,4651,Cartão,250.0,Estornado
1251,3375,PIX,150.0,Estornado
1252,705,Boleto,250.0,Pago
1253,1167,PIX,99.9,Estornado
1254,4041,PIX,150.0,Estornado
1255,4277,PIX,99.9,Pendente
1256,4745,Boleto,99.9,Estornado
1257,4437,Cartão,99.9,Pendente
1258,2119,PIX,99.9,Pago
1259,2808,PIX,250.0,Estornado
1260,3967,Cartão,250.0,Pago
1261,4146,PIX,150.0,Pago
1262,1213,Cartão,250.0,Pago
1263,4230,Cartão,150.0,Pendente
1264,4559,PIX,150.0,Pendente
1265,349,PIX,250.0,Pago
1266,1224,PIX,250.0,Estornado
1267,4674,PIX,250.0,Pago
1268,3868,Cartão,150.0,Pendente
1269,4937,Boleto,250.0,Pago
1270,1237,Cartão,99.9,Pago
1271,682,Cartão,250.0,Pago
1272,1127,Cartão,150.0,Estornado
1273,4989,Cartão,250.0,Estornado
1274,2397,Cartão,99.9,Pago
1275,2959,PIX,99.9,Pendente
1276,203,Boleto,250.0,Estornado
1277,2779,Cartão,150.0,Pago
1278,2233,Boleto,250.0,Pago
1279,1635,PIX,99.9,Pendente
1280,3109,Boleto,250.0,Pago
1281,198,Boleto,150.0,Estornado
1282,3496,PIX,250.0,Estornado
1283,1661,PIX,250.0,Pendente
1284,3548,PIX,99.9,Pago
1285,3841,Cartão,99.9,Pendente
1286,1297,PIX,250.0,Estornado
1287,4348,Cartão,250.0,Pago
1288,2037,Boleto,250.0,Pendente
1289,248,Cartão,150.0,Pago
1290,3091,Boleto,99.9,Estornado
1291,1499,PIX,99.9,Pendente
1292,3859,PIX,99.9,Estornado
1293,1880,Boleto,150.0,Pendente
1294,261,Boleto,250.0,Pago
1295,1584,Cartão,150.0,Pendente
1296,3911,PIX,99.9,Estornado
1297,511,Cartão,99.9,Estornado
1298,220,PIX,99.9,Pago
1299,4266,Boleto,250.0,Pendente
1300,1925,Cartão,150.0,Pendente
1301,4378,PIX,99.9,Pendente
1302,2272,Cartão,150.0,Estornado
1303,3747,Boleto,99.9,Pendente
1304,4082,Boleto,150.0,Pendente
1305,3778,PIX,99.9,Estornado
1306,500,PIX,150.0,Estornado
1307,1319,PIX,150.0,Pago
1308,4908,Boleto,99.9,Pendente
1309,1960,Cartão,150.0,Pago
1310,3637,Boleto,250.0,Estornado
1311,1219,Cartão,99.9,Pendente
1312,4880,PIX,99.9,Pendente
1313,1934,Cartão,250.0,Pago
1314,4995,Cartão,250.0,Estornado
1315,2737,Boleto,99.9,Estornado
1316,3975,Cartão,150.0,Estornado
1317,514,Boleto,99.9,Pago
1318,3945,PIX,99.9,Pendente
1319,41,PIX,250.0,Pago
1320,3616,Cartão,250.0,Pendente
1321,4261,Cartão,250.0,Pago
1322,1571,Boleto,99.9,Pendente
1323,4114,PIX,99.9,Pago
1324,3721,PIX,150.0,Pago
1325,1787,Boleto,150.0,Pendente
1326,1223,Cartão,250.0,Pago
1327,4268,Boleto,99.9,Pendente
1328,2004,Cartão,250.0,Pendente
1329,4597,Boleto,150.0,Pendente
1330,1787,PIX,150.0,Pendente
1331,460,Cartão,250.0,Estornado
1332,4154,Boleto,150.0,Estornado
1333,425,PIX,99.9,Pago
1334,155,Cartão,99.9,Pendente
1335,1539,Cartão,99.9,Pago
1336,1727,Boleto,250.0,Pago
1337,4832,Boleto,250.0,Pendente
1338,2039,PIX,99.9,Pendente
1339,1627,PIX,250.0,Estornado
1340,4879,Boleto,150.0,Estornado
1341,2943,Cartão,99.9,Pago
1342,329,Boleto,99.9,Estornado
1343,524,Boleto,250.0,Estornado
1344,3021,Cartão,250.0,Pago
1345,2762,Cartão,150.0,Pago
1346,2415,Boleto,99.9,Pendente
1347,770,PIX,250.0,Estornado
1348,3576,Cartão,150.0,Estornado
1349,4575,PIX,99.9,Pendente
1350,2279,Boleto,250.0,Pago
1351,1486,Cartão,99.9,Pago
1352,2183,Boleto,99.9,Pago
1353,4590,Cartão,250.0,Estornado
1354,597,PIX,150.0,Pendente
1355,4314,Cartão,99.9,Pago
1356,3183,PIX,150.0,Pago
1357,2416,PIX,250.0,Pendente
1358,570,PIX,250.0,Pago
1359,1689,Boleto,99.9,Pago
1360,3910,Cartão,250.0,Estornado
1361,3648,Cartão,250.0,Estornado
1362,2886,Boleto,150.0,Pendente
1363,4577,Cartão,250.0,Estornado
1364,1891,Cartão,250.0,Estornado
1365,4381,Cartão,250.0,Pago
1366,3420,Cartão,250.0,Pago
1367,1447,Cartão,150.0,Pendente
1368,2433,Boleto,250.0,Pago
1369,2314,PIX,150.0,Pago
1370,1885,Cartão,99.9,Pendente
1371,2090,Cartão,150.0,Pago
1372,2010,PIX,99.9,Estornado
1373,1777,Boleto,250.0,Estornado
1374,1867,Cartão,150.0,Pendente
1375,1218,PIX,99.9,Pago
1376,2861,Cartão,250.0,Pendente
1377,3977,Boleto,250.0,Pago
1378,761,PIX,99.9,Estornado
1379,2990,Cartão,150.0,Pendente
1380,4627,Cartão,150.0,Estornado
1381,2439,PIX,99.9,Pendente
1382,1364,PIX,99.9,Pago
1383,1586,PIX,99.9,Pago
1384,2623,Boleto,250.0,Pendente
1385,822,PIX,99.9,Estornado
1386,1422,Boleto,99.9,Pago
1387,1837,Boleto,99.9,Estornado
1388,2826,Cartão,150.0,Pago
1389,4935,PIX,99.9,Estornado
1390,3791,Boleto,150.0,Pendente
1391,4002,Cartão,150.0,Pendente
1392,4360,Boleto,150.0,Pendente
1393,4632,PIX,150.0,Pendente
1394,2522,Boleto,250.0,Estornado
1395,1681,PIX,150.0,Pendente
1396,3494,Cartão,99.9,Pago
1397,2473,Cartão,250.0,Estornado
1398,1007,Cartão,250.0,Pendente
1399,437,PIX,250.0,Estornado
1400,4604,Boleto,150.0,Pendente
1401,2841,Cartão,150.0,Pago
1402,4820,Boleto,150.0,Estornado
1403,247,Cartão,150.0,Estornado
1404,3254,PIX,150.0,Pendente
1405,58,Cartão,250.0,Estornado
1406,81,Boleto,150.0,Estornado
1407,3586,Boleto,250.0,Estornado
1408,3019,Boleto,150.0,Estornado
1409,1715,PIX,250.0,Pendente
1410,2980,Cartão,150.0,Estornado
1411,2783,PIX,150.0,Pendente
1412,2940,Boleto,99.9,Estornado
1413,4200,Cartão,250.0,Pago
1414,3140,Cartão,99.9,Pago
1415,2832,Cartão,99.9,Pendente
1416,4953,Boleto,99.9,Estornado
1417,1658,Boleto,250.0,Estornado
1418,4725,Boleto,250.0,Estornado
1419,1102,Boleto,150.0,Pago
1420,3056,Cartão,250.0,Pendente
1421,437,Cartão,99.9,Pago
1422,3298,Cartão,250.0,Pendente
1423,740,PIX,99.9,Estornado
1424,1123,Cartão,150.0,Pago
1425,1257,PIX,250.0,Pago
1426,1826,PIX,99.9,Estornado
1427,4178,Boleto,99.9,Estornado
1428,2467,Cartão,250.0,Estornado
1429,4263,PIX,150.0,Estornado
1430,2295,Cartão,150.0,Pago
1431,1805,Boleto,250.0,Pago
1432,3208,PIX,99.9,Pago
1433,3295,PIX,99.9,Pago
1434,1125,Boleto,150.0,Estornado
1435,3221,PIX,150.0,Pendente
1436,2924,Cartão,250.0,Pendente
1437,438,Boleto,250.0,Estornado
1438,3737,PIX,99.9,Pendente
1439,820,PIX,250.0,Estornado
1440,3912,PIX,99.9,Estornado
1441,750,PIX,99.9,Pendente
1442,2463,Cartão,150.0,Pago
1443,452,Cartão,99.9,Pago
1444,389,PIX,99.9,Estornado
1445,4096,Cartão,99.9,Pago
1446,2716,PIX,99.9,Pendente
1447,4417,Boleto,150.0,Pendente
1448,4537,Cartão,250.0,Estornado
1449,2650,Boleto,99.9,Estornado
1450,470,Boleto,99.9,Pago
1451,2397,Boleto,150.0,Pago
1452,1322,PIX,250.0,Estornado
1453,1409,Cartão,150.0,Pago
1454,469,PIX,250.0,Pendente
1455,3828,PIX,99.9,Pago
1456,796,Cartão,99.9,Estornado
1457,2000,Cartão,99.9,Pendente
1458,3261,Cartão,250.0,Pendente
1459,3950,Cartão,250.0,Estornado
1460,107,Boleto,250.0,Estornado
1461,3342,PIX,250.0,Pendente
1462,4676,Cartão,250.0,Pendente
1463,3690,Boleto,99.9,Pago
1464,925,Boleto,150.0,Pendente
1465,2412,Boleto,150.0,Estornado
1466,1555,Cartão,99.9,Pago
1467,4,Boleto,250.0,Pendente
1468,4256,Boleto,250.0,Pago
1469,22,Cartão,99.9,Pago
1470,4304,PIX,250.0,Estornado
1471,3168,Boleto,250.0,Estornado
1472,2177,Boleto,250.0,Pago
1473,4588,Boleto,250.0,Pendente
1474,1138,Cartão,150.0,Pendente
1475,3703,PIX,150.0,Estornado
1476,3963,Boleto,250.0,Pendente
1477,4855,Cartão,250.0,Pendente
1478,1319,PIX,250.0,Estornado
1479,1996,PIX,150.0,Pago
1480,1209,Cartão,250.0,Estornado
1481,4880,Boleto,250.0,Pago
1482,173,PIX,150.0,Estornado
1483,3331,PIX,99.9,Estornado
1484,3719,Boleto,150.0,Pendente
1485,1090,PIX,250.0,Pago
1486,1213,PIX,250.0,Pago
1487,4969,Boleto,99.9,Estornado
1488,4932,PIX,150.0,Pago
1489,2339,Cartão,150.0,Pendente
1490,3940,Boleto,150.0,Pendente
1491,2586,Cartão,250.0,Pendente
1492,4663,Cartão,99.9,Pago
1493,1190,PIX,99.9,Pago
1494,1282,Boleto,250.0,Pendente
1495,4497,Cartão,150.0,Estornado
1496,3856,Cartão,99.9,Pago
1497,3895,Cartão,250.0,Estornado
1498,2764,Cartão,150.0,Pendente
1499,237,Boleto,250.0,Pendente
1500,1103,Cartão,250.0,Estornado
1501,2123,PIX,99.9,Estornado
1502,146,Boleto,99.9,Pendente
1503,1100,Boleto,250.0,Pago
1504,1264,Boleto,250.0,Pago
1505,1065,Cartão,250.0,Pago
1506,1156,PIX,250.0,Pago
1507,3480,Boleto,150.0,Pago
1508,3032,Cartão,250.0,Pago
1509,2475,Boleto,150.0,Pendente
1510,212,Boleto,99.9,Pago
1511,3821,PIX,250.0,Pendente
1512,1496,PIX,250.0,Pago
1513,2050,Cartão,99.9,Estornado
1514,4745,Cartão,250.0,Pendente
1515,2668,Boleto,150.0,Pendente
1516,2960,Boleto,150.0,Estornado
1517,2716,Boleto,150.0,Pago
1518,737,Boleto,150.0,Pago
1519,2864,Boleto,250.0,Pago
1520,498,Boleto,99.9,Pendente
1521,1093,Boleto,150.0,Estornado
1522,4008,PIX,250.0,Estornado
1523,3517,PIX,99.9,Estornado
1524,1715,Boleto,99.9,Pendente
1525,4445,Cartão,99.9,Estornado
1526,4422,Cartão,250.0,Estornado
1527,1741,PIX,99.9,Estornado
1528,2153,Boleto,99.9,Estornado
1529,318,Boleto,150.0,Estornado
1530,702,PIX,99.9,Pendente
1531,4348,Boleto,99.9,Estornado
1532,2457,Cartão,99.9,Pendente
1533,1774,Boleto,99.9,Pago
1534,1304,Boleto,250.0,Estornado
1535,3071,Boleto,150.0,Pago
1536,2824,Cartão,99.9,Pendente
1537,650,Boleto,99.9,Estornado
1538,3145,Cartão,99.9,Estornado
1539,231,Boleto,250.0,Pendente
1540,328,Boleto,250.0,Estornado
1541,44,Cartão,150.0,Estornado
1542,4962,PIX,99.9,Pago
1543,156,Boleto,250.0,Estornado
1544,1600,Cartão,99.9,Estornado
1545,3103,PIX,250.0,Pendente
1546,3177,Cartão,250.0,Pendente
1547,168,Boleto,150.0,Pago
1548,1180,Cartão,150.0,Pendente
1549,2894,PIX,99.9,Pago
1550,132,PIX,99.9,Pendente
1551,775,PIX,99.9,Estornado
1552,2336,Boleto,150.0,Pago
1553,599,PIX,150.0,Pendente
1554,2317,Boleto,99.9,Estornado
1555,1642,Cartão,150.0,Estornado
1556,3974,PIX,150.0,Pendente
1557,4000,Boleto,99.9,Pago
1558,3308,PIX,99.9,Pendente
1559,3534,PIX,150.0,Pendente
1560,1553,Boleto,150.0,Pendente
1561,3315,Boleto,250.0,Pago
1562,1343,Cartão,250.0,Pago
1563,853,Cartão,99.9,Pendente
1564,3725,PIX,150.0,Pago
1565,101,Cartão,99.9,Pago
1566,988,PIX,250.0,Estornado
1567,1098,Cartão,250.0,Pendente
1568,4101,Boleto,250.0,Pago
1569,402,Boleto,150.0,Pago
1570,1394,Cartão,99.9,Pago
1571,609,Cartão,99.9,Pendente
1572,1338,PIX,99.9,Estornado
1573,3453,Boleto,99.9,Estornado
1574,2069,Boleto,250.0,Pendente
1575,381,Cartão,99.9,Estornado
1576,1809,Cartão,250.0,Pendente
1577,2953,PIX,99.9,Pendente
1578,4877,Boleto,99.9,Pendente
1579,344,Cartão,99.9,Pago
1580,3363,Cartão,150.0,Estornado
1581,4169,Cartão,150.0,Pago
1582,3725,PIX,250.0,Pago
1583,136,PIX,250.0,Estornado
1584,3171,Cartão,99.9,Pendente
1585,4593,PIX,99.9,Estornado
1586,1069,PIX,150.0,Pago
1587,188,PIX,250.0,Estornado
1588,4071,Cartão,150.0,Pago
1589,4082,Boleto,150.0,Pago
1590,1258,PIX,250.0,Estornado
1591,3371,Cartão,99.9,Pago
1592,392,Cartão,250.0,Pago
1593,2422,Cartão,150.0,Estornado
1594,3691,Cartão,99.9,Pago
1595,1926,PIX,250.0,Pago
1596,1670,Cartão,99.9,Pago
1597,3584,Cartão,150.0,Pendente
1598,159,Cartão,99.9,Estornado
1599,1103,Boleto,150.0,Estornado
1600,632,Cartão,150.0,Pendente
1601,3598,PIX,150.0,Estornado
1602,610,PIX,150.0,Estornado
1603,550,PIX,250.0,Pendente
1604,2123,Boleto,150.0,Estornado
1605,3229,PIX,150.0,Estornado
1606,3974,Boleto,99.9,Pendente
1607,4008,Cartão,150.0,Estornado
1608,4728,PIX,99.9,Pendente
1609,3557,PIX,99.9,Pago
1610,1728,Cartão,250.0,Pendente
1611,4704,PIX,250.0,Pendente
1612,1790,PIX,99.9,Pendente
1613,2733,Cartão,150.0,Pago
1614,1167,PIX,250.0,Estornado
1615,4179,PIX,150.0,Estornado
1616,1218,Boleto,150.0,Pendente
1617,4332,Boleto,250.0,Pago
1618,3674,Boleto,150.0,Pendente
1619,551,Boleto,250.0,Estornado
1620,1651,Cartão,250.0,Pago
1621,4970,PIX,99.9,Estornado
1622,411,PIX,250.0,Estornado
1623,4822,Cartão,99.9,Estornado
1624,3782,PIX,250.0,Pago
1625,1322,Cartão,99.9,Estornado
1626,2163,PIX,99.9,Estornado
1627,3076,Cartão,250.0,Pago
1628,4242,Cartão,250.0,Pago
1629,1360,Cartão,150.0,Pendente
1630,4274,PIX,250.0,Pendente
1631,2515,Cartão,250.0,Pago
1632,122,Boleto,250.0,Estornado
1633,3251,Boleto,99.9,Pago
1634,3532,Cartão,250.0,Pendente
1635,1721,PIX,250.0,Pago
1636,1310,Boleto,250.0,Pago
1637,4332,Boleto,99.9,Pendente
1638,3170,PIX,150.0,Pago
1639,721,PIX,99.9,Estornado
1640,4347,PIX,150.0,Pago
1641,3194,Boleto,150.0,Estornado
1642,3367,Cartão,150.0,Pago
1643,2921,Boleto,150.0,Pago
1644,3743,PIX,150.0,Pendente
1645,1331,PIX,150.0,Pendente
1646,1294,Cartão,99.9,Estornado
1647,2473,Boleto,150.0,Pendente
1648,3490,PIX,250.0,Estornado
1649,2620,Cartão,250.0,Pago
1650,1190,Cartão,99.9,Estornado
1651,3348,Cartão,150.0,Pago
1652,4252,Cartão,250.0,Pago
1653,2751,Cartão,250.0,Pendente
1654,3805,Cartão,250.0,Pendente
1655,3049,Cartão,250.0,Estornado
1656,3022,Cartão,150.0,Estornado
1657,4200,PIX,250.0,Pago
1658,808,Cartão,99.9,Pendente
1659,649,Boleto,250.0,Pago
1660,2057,Cartão,99.9,Pendente
1661,1139,PIX,250.0,Pago
1662,2550,Boleto,99.9,Pago
1663,3812,Cartão,150.0,Pendente
1664,3634,Cartão,150.0,Pendente
1665,2962,PIX,150.0,Estornado
1666,3319,Cartão,250.0,Pago
1667,4171,Boleto,150.0,Pago
1668,3363,PIX,99.9,Pago
1669,2319,Boleto,99.9,Pendente
1670,719,PIX,150.0,Estornado
1671,3966,Boleto,99.9,Pago
1672,2898,Cartão,150.0,Pendente
1673,2956,Boleto,99.9,Estornado
1674,2326,Cartão,99.9,Pendente
1675,1985,Cartão,150.0,Estornado
1676,3740,PIX,250.0,Pendente
1677,2769,PIX,250.0,Pendente
1678,2194,Boleto,150.0,Pago
1679,623,PIX,250.0,Pendente
1680,1269,Boleto,250.0,Pendente
1681,3791,PIX,99.9,Pago
1682,1464,Cartão,150.0,Pago
1683,3597,Boleto,250.0,Estornado
1684,1523,Boleto,99.9,Pago
1685,2390,Boleto,150.0,Pago
1686,4137,PIX,150.0,Estornado
1687,4715,PIX,150.0,Pago
1688,4653,Cartão,250.0,Estornado
1689,395,Cartão,99.9,Estornado
1690,3369,Cartão,250.0,Pago
1691,4369,Boleto,99.9,Pago
1692,4843,Cartão,150.0,Pendente
1693,208,Boleto,250.0,Pago
1694,4685,PIX,250.0,Estornado
1695,2683,Boleto,150.0,Pendente
1696,274,PIX,250.0,Pago
1697,1182,Cartão,250.0,Estornado
1698,3153,Boleto,99.9,Estornado
1699,3798,PIX,250.0,Estornado
1700,3796,Boleto,150.0,Pago
1701,3983,Cartão,99.9,Pago
1702,218,Cartão,99.9,Pendente
1703,4881,Boleto,99.9,Estornado
1704,1589,PIX,250.0,Pendente
1705,2795,Cartão,99.9,Estornado
1706,3948,Cartão,99.9,Pendente
1707,465,Boleto,150.0,Pendente
1708,2279,PIX,250.0,Pago
1709,2888,Boleto,99.9,Pendente
1710,3144,PIX,150.0,Pendente
1711,4959,Cartão,99.9,Pendente
1712,1825,Cartão,250.0,Estornado
1713,495,Boleto,150.0,Pago
1714,2161,PIX,150.0,Pago
1715,4268,Boleto,250.0,Pendente
1716,3669,Cartão,150.0,Pendente
1717,4645,Cartão,150.0,Estornado
1718,3211,Boleto,99.9,Pendente
1719,3723,Boleto,150.0,Estornado
1720,952,PIX,150.0,Pago
1721,4067,Cartão,250.0,Pendente
1722,3827,PIX,250.0,Pendente
1723,1012,Boleto,250.0,Pago
1724,1846,PIX,150.0,Pago
1725,131,Cartão,150.0,Pendente
1726,701,Boleto,150.0,Estornado
1727,475,Cartão,250.0,Pago
1728,3990,PIX,99.9,Pendente
1729,3452,Cartão,99.9,Pago
1730,3895,Boleto,150.0,Pago
1731,1391,Cartão,99.9,Estornado
1732,3809,PIX,150.0,Pendente
1733,4182,Cartão,150.0,Estornado
1734,3702,Cartão,150.0,Pago
1735,4640,Boleto,250.0,Pendente
1736,2002,Boleto,99.9,Pendente
1737,1063,PIX,250.0,Pago
1738,3690,Boleto,250.0,Estornado
1739,1274,Cartão,99.9,Pago
1740,2391,Cartão,250.0,Pendente
1741,4037,PIX,99.9,Pago
1742,1783,Cartão,150.0,Pendente
1743,2870,Cartão,99.9,Pago
1744,4610,Cartão,250.0,Pendente
1745,3689,PIX,250.0,Pendente
1746,1399,Cartão,99.9,Pago
1747,969,PIX,150.0,Pago
1748,3638,PIX,250.0,Pendente
1749,1131,Boleto,99.9,Estornado
1750,3740,Cartão,99.9,Pendente
1751,4286,Boleto,250.0,Estornado
1752,3160,PIX,99.9,Pago
1753,2042,Boleto,250.0,Estornado
1754,2542,PIX,150.0,Pago
1755,3854,Cartão,150.0,Pendente
1756,852,PIX,99.9,Pendente
1757,3877,Boleto,250.0,Pago
1758,4918,Boleto,150.0,Pago
1759,3200,PIX,250.0,Estornado
1760,4563,Cartão,99.9,Pendente
1761,2672,Cartão,150.0,Pago
1762,2648,Boleto,99.9,Pendente
1763,4322,Cartão,99.9,Pendente
1764,2663,Boleto,99.9,Pendente
1765,2809,PIX,150.0,Estornado
1766,743,PIX,99.9,Pago
1767,1097,Boleto,250.0,Pago
1768,2676,Boleto,99.9,Pago
1769,2555,PIX,99.9,Pago
1770,1702,PIX,250.0,Estornado
1771,3270,PIX,250.0,Estornado
1772,1654,Cartão,250.0,Pago
1773,1231,PIX,99.9,Pendente
1774,180,Cartão,250.0,Pago
1775,4614,Cartão,150.0,Pago
1776,889,PIX,250.0,Pendente
1777,4549,Boleto,150.0,Pendente
1778,2343,PIX,250.0,Pendente
1779,2982,Boleto,99.9,Estornado
1780,2318,Cartão,250.0,Pago
1781,2801,Boleto,99.9,Pago
1782,3725,Cartão,150.0,Estornado
1783,3600,Cartão,250.0,Estornado
1784,4630,PIX,250.0,Pago
1785,2807,Cartão,150.0,Pago
1786,2207,PIX,99.9,Estornado
1787,1122,Cartão,250.0,Pago
1788,3830,Cartão,150.0,Pago
1789,2808,Cartão,250.0,Pendente
1790,4984,Cartão,250.0,Pendente
1791,4850,Cartão,150.0,Estornado
1792,889,Boleto,150.0,Pago
1793,247,Cartão,250.0,Estornado
1794,948,Cartão,150.0,Pago
1795,2671,PIX,250.0,Estornado
1796,4759,Cartão,250.0,Pago
1797,3101,PIX,99.9,Estornado
1798,2275,Boleto,250.0,Pendente
1799,1792,Cartão,250.0,Pago
1800,1893,Boleto,150.0,Pago
1801,139,PIX,150.0,Pago
1802,2802,Boleto,99.9,Pago
1803,2130,Cartão,150.0,Pendente
1804,1506,PIX,150.0,Pago
1805,4735,Boleto,99.9,Pendente
1806,4091,Boleto,250.0,Estornado
1807,3745,Boleto,250.0,Pendente
1808,1156,Boleto,150.0,Pago
1809,911,PIX,250.0,Estornado
1810,4154,Cartão,150.0,Pendente
1811,1339,Cartão,250.0,Estornado
1812,2737,Boleto,150.0,Pago
1813,2144,Cartão,150.0,Estornado
1814,700,PIX,250.0,Estornado
1815,4403,PIX,99.9,Estornado
1816,3685,Boleto,99.9,Pendente
1817,3124,PIX,150.0,Estornado
1818,3463,Boleto,150.0,Pendente
1819,606,Boleto,250.0,Estornado
1820,4933,PIX,150.0,Pago
1821,2061,Cartão,99.9,Estornado
1822,4439,Cartão,99.9,Pago
1823,1692,Boleto,99.9,Pago
1824,4226,PIX,99.9,Pendente
1825,597,Cartão,250.0,Pago
1826,2392,Boleto,250.0,Pendente
1827,1099,Boleto,150.0,Estornado
1828,3561,Boleto,150.0,Pendente
1829,2107,Boleto,250.0,Pago
1830,550,Boleto,250.0,Estornado
1831,1888,Cartão,150.0,Pago
1832,658,Cartão,250.0,Estornado
1833,1233,Cartão,150.0,Estornado
1834,1967,PIX,99.9,Estornado
1835,1726,Boleto,99.9,Estornado
1836,2768,Boleto,150.0,Pendente
1837,3310,Cartão,99.9,Pago
1838,2449,Boleto,99.9,Pendente
1839,2192,Boleto,99.9,Pendente
1840,186,PIX,250.0,Estornado
1841,1641,Boleto,99.9,Pago
1842,1028,Boleto,250.0,Pago
1843,4191,PIX,99.9,Pendente
1844,3385,PIX,250.0,Pago
1845,4493,PIX,250.0,Pendente
1846,4257,Cartão,99.9,Pago
1847,1643,PIX,150.0,Pendente
1848,2709,Boleto,250.0,Pago
1849,2771,Cartão,250.0,Estornado
1850,4394,PIX,150.0,Estornado
1851,4147,Boleto,99.9,Pendente
1852,3788,Cartão,150.0,Estornado
1853,41,Cartão,250.0,Estornado
1854,3743,PIX,250.0,Estornado
1855,4144,Boleto,150.0,Estornado
1856,4508,Cartão,150.0,Pago
1857,4482,PIX,250.0,Pendente
1858,2794,Cartão,250.0,Pago
1859,1,PIX,99.9,Pago
1860,1596,PIX,99.9,Pendente
1861,571,Cartão,150.0,Pago
1862,1854,Cartão,99.9,Pendente
1863,4083,Cartão,150.0,Pendente
1864,3723,Cartão,250.0,Pendente
1865,2601,Boleto,99.9,Pago
1866,289,Boleto,99.9,Pago
1867,4200,PIX,150.0,Pago
1868,2068,Boleto,250.0,Pendente
1869,2719,PIX,150.0,Estornado
1870,547,Cartão,250.0,Pago
1871,603,Cartão,150.0,Pendente
1872,3,Cartão,250.0,Pago
1873,4530,PIX,150.0,Pago
1874,11,PIX,150.0,Pendente
1875,3209,Cartão,250.0,Pendente
1876,2884,Boleto,99.9,Pago
1877,452,Cartão,250.0,Pago
1878,354,Cartão,250.0,Pago
1879,4362,Cartão,99.9,Pago
1880,2584,Boleto,250.0,Estornado
1881,4514,Boleto,250.0,Pago
1882,2271,Cartão,99.9,Estornado
1883,2999,Cartão,250.0,Pago
1884,285,Cartão,250.0,Estornado
1885,3463,Boleto,99.9,Estornado
1886,2509,PIX,99.9,Pendente
1887,2409,PIX,150.0,Estornado
1888,4696,Cartão,250.0,Estornado
1889,1163,Cartão,250.0,Pendente
1890,2455,Cartão,150.0,Estornado
1891,3954,Boleto,150.0,Pago
1892,1607,Cartão,250.0,Pendente
1893,784,PIX,99.9,Estornado
1894,1343,Boleto,150.0,Estornado
1895,3188,PIX,150.0,Estornado
1896,2982,Cartão,250.0,Estornado
1897,2247,Boleto,99.9,Pendente
1898,2485,Cartão,99.9,Pago
1899,4011,PIX,99.9,Pendente
1900,4917,PIX,250.0,Pendente
1901,4479,PIX,99.9,Pago
1902,3347,Cartão,99.9,Pendente
1903,4321,Cartão,150.0,Pago
1904,4394,PIX,250.0,Pendente
1905,4737,PIX,150.0,Pendente
1906,2650,PIX,99.9,Estornado
1907,2287,PIX,250.0,Estornado
1908,4911,Cartão,99.9,Estornado
1909,33,Boleto,99.9,Pago
1910,2091,Cartão,250.0,Estornado
1911,312,PIX,99.9,Estornado
1912,1428,Boleto,150.0,Pendente
1913,2497,Boleto,250.0,Pendente
1914,1416,Boleto,150.0,Pago
1915,4961,Boleto,250.0,Estornado
1916,3139,Boleto,150.0,Estornado
1917,3647,Cartão,150.0,Estornado
1918,1134,Cartão,150.0,Pago
1919,4477,Cartão,250.0,Pago
1920,2916,Boleto,250.0,Pendente
1921,796,Boleto,99.9,Estornado
1922,3404,PIX,99.9,Estornado
1923,3768,PIX,150.0,Pago
1924,1398,Cartão,99.9,Pendente
1925,4950,PIX,99.9,Pendente
1926,2069,Cartão,99.9,Pendente
1927,3279,Boleto,150.0,Estornado
1928,678,PIX,150.0,Pendente
1929,3376,Cartão,99.9,Estornado
1930,149,PIX,99.9,Pago
1931,4967,Boleto,150.0,Estornado
1932,1768,Boleto,250.0,Pago
1933,4900,PIX,250.0,Estornado
1934,1479,Boleto,250.0,Estornado
1935,1774,PIX,150.0,Estornado
1936,4548,PIX,99.9,Pendente
1937,1793,Boleto,150.0,Pago
1938,1199,Boleto,250.0,Pago
1939,979,Cartão,250.0,Pago
1940,4083,Boleto,250.0,Estornado
1941,1691,PIX,99.9,Pendente
1942,2530,Cartão,250.0,Pendente
1943,458,PIX,250.0,Estornado
1944,4376,PIX,150.0,Pendente
1945,2689,Boleto,150.0,Pago
1946,37,PIX,250.0,Pago
1947,2963,Boleto,99.9,Pago
1948,907,Boleto,99.9,Estornado
1949,78,PIX,99.9,Pago
1950,3436,Cartão,250.0,Estornado
1951,4725,PIX,150.0,Pendente
1952,3332,Boleto,250.0,Pago
1953,1856,Boleto,150.0,Pago
1954,1086,Boleto,250.0,Pago
1955,2354,Cartão,99.9,Pendente
1956,1761,Cartão,250.0,Pendente
1957,1522,Boleto,250.0,Pendente
1958,1531,PIX,250.0,Estornado
1959,2369,Boleto,150.0,Estornado
1960,2336,PIX,99.9,Estornado
1961,504,Boleto,150.0,Pago
1962,1657,Cartão,150.0,Estornado
1963,4501,Boleto,150.0,Pago
1964,493,Boleto,250.0,Pago
1965,3501,Boleto,250.0,Estornado
1966,3877,Cartão,250.0,Estornado
1967,3092,Cartão,99.9,Pendente
1968,2721,Boleto,150.0,Estornado
1969,124,Boleto,150.0,Pago
1970,4350,PIX,99.9,Estornado
1971,2155,PIX,150.0,Estornado
1972,985,Boleto,150.0,Pendente
1973,474,PIX,250.0,Pendente
1974,919,Boleto,250.0,Estornado
1975,3070,PIX,99.9,Pago
1976,4013,Boleto,250.0,Pago
1977,3686,Boleto,150.0,Estornado
1978,4381,Cartão,250.0,Pendente
1979,3966,Cartão,150.0,Estornado
1980,4612,PIX,99.9,Pago
1981,1887,Boleto,250.0,Estornado
1982,1659,Cartão,99.9,Pago
1983,2694,PIX,250.0,Pendente
1984,871,PIX,99.9,Estornado
1985,2732,PIX,150.0,Pendente
1986,1543,Boleto,250.0,Pago
1987,2723,Cartão,99.9,Estornado
1988,4194,Cartão,150.0,Estornado
1989,145,Boleto,250.0,Pago
1990,1071,Boleto,150.0,Estornado
1991,4758,PIX,150.0,Pendente
1992,4156,Cartão,99.9,Estornado
1993,3156,Boleto,150.0,Pendente
1994,1816,PIX,99.9,Estornado
1995,4661,Boleto,150.0,Estornado
1996,2908,PIX,250.0,Estornado
1997,1729,Boleto,150.0,Pago
1998,1884,PIX,150.0,Pendente
1999,1281,Boleto,250.0,Estornado
2000,3164,PIX,150.0,Pago
2001,3,PIX,99.9,Estornado
2002,3099,Cartão,250.0,Pendente
2003,3060,Cartão,250.0,Pago
2004,2674,Cartão,150.0,Estornado
2005,3040,PIX,150.0,Pendente
2006,2478,PIX,99.9,Pendente
2007,3774,PIX,250.0,Estornado
2008,307,Boleto,250.0,Pendente
2009,1037,Cartão,99.9,Pendente
2010,3818,PIX,250.0,Pendente
2011,2307,PIX,99.9,Estornado
2012,4185,Cartão,150.0,Pendente
2013,4285,PIX,150.0,Pago
2014,295,PIX,150.0,Pendente
2015,2177,PIX,250.0,Pendente
2016,2687,Cartão,150.0,Pendente
2017,857,Boleto,99.9,Pendente
2018,4613,Boleto,150.0,Estornado
2019,3056,PIX,150.0,Pago
2020,3525,Cartão,250.0,Estornado
2021,527,Cartão,250.0,Estornado
2022,1346,PIX,150.0,Pago
2023,3707,Boleto,150.0,Pendente
2024,857,Cartão,150.0,Pago
2025,4764,PIX,250.0,Pago
2026,1941,Cartão,250.0,Pago
2027,3070,Cartão,99.9,Estornado
2028,3475,Boleto,150.0,Estornado
2029,3625,Boleto,150.0,Pago
2030,1144,Cartão,99.9,Pendente
2031,2687,PIX,99.9,Pendente
2032,2740,Cartão,150.0,Pendente
2033,956,Cartão,150.0,Estornado
2034,1397,Cartão,150.0,Estornado
2035,2352,Cartão,150.0,Pendente
2036,3026,Boleto,99.9,Pendente
2037,4372,Cartão,99.9,Pendente
2038,67,Cartão,250.0,Pago
2039,2019,Boleto,99.9,Estornado
2040,1827,Cartão,99.9,Pendente
2041,663,Boleto,250.0,Pago
2042,3906,PIX,99.9,Estornado
2043,2364,PIX,150.0,Pago
2044,4158,PIX,99.9,Pendente
2045,2651,Boleto,99.9,Pago
2046,3262,Boleto,150.0,Pago
2047,4049,PIX,250.0,Pendente
2048,4541,Cartão,150.0,Pendente
2049,3880,Cartão,150.0,Pago
2050,3212,PIX,99.9,Pago
2051,2859,Boleto,99.9,Pendente
2052,2689,PIX,250.0,Pago
2053,776,Boleto,99.9,Estornado
2054,2771,Cartão,250.0,Pago
2055,1563,PIX,99.9,Pago
2056,462,Cartão,150.0,Estornado
2057,4624,PIX,99.9,Pendente
2058,4618,Cartão,150.0,Pendente
2059,4250,PIX,150.0,Pago
2060,1336,Boleto,150.0,Pago
2061,3347,Cartão,150.0,Pendente
2062,476,Cartão,99.9,Estornado
2063,1922,PIX,250.0,Pago
2064,2648,Boleto,99.9,Pago
2065,3195,PIX,99.9,Pendente
2066,2683,Boleto,150.0,Estornado
2067,164,PIX,150.0,Pago
2068,2464,Cartão,99.9,Pago
2069,2437,Boleto,150.0,Estornado
2070,2132,Boleto,99.9,Estornado
2071,4026,Cartão,150.0,Pendente
2072,3021,PIX,250.0,Estornado
2073,2221,Boleto,99.9,Estornado
2074,1853,Boleto,250.0,Pago
2075,1870,Boleto,250.0,Pago
2076,1582,PIX,250.0,Estornado
2077,4523,Boleto,150.0,Pago
2078,2705,Cartão,250.0,Pago
2079,1242,PIX,250.0,Pendente
2080,1898,Cartão,99.9,Pendente
2081,3870,Boleto,99.9,Pendente
2082,967,Cartão,250.0,Pendente
2083,4153,Boleto,250.0,Pendente
2084,3802,PIX,250.0,Pago
2085,1652,PIX,150.0,Pago
2086,539,Cartão,150.0,Pago
2087,2886,Cartão,150.0,Pago
2088,4426,Cartão,150.0,Pendente
2089,2188,PIX,250.0,Pago
2090,4593,Cartão,250.0,Estornado
2091,4646,Cartão,150.0,Pendente
2092,178,PIX,250.0,Estornado
2093,3468,Cartão,250.0,Pendente
2094,646,Boleto,150.0,Pendente
2095,3488,Cartão,99.9,Pendente
2096,2932,Boleto,250.0,Pago
2097,2269,PIX,99.9,Pendente
2098,404,Cartão,150.0,Estornado
2099,3151,Boleto,99.9,Pago
2100,1968,PIX,99.9,Estornado
2101,199,Boleto,250.0,Pago
2102,3243,PIX,150.0,Pago
2103,2190,PIX,99.9,Pago
2104,3522,Cartão,150.0,Pago
2105,407,Boleto,150.0,Estornado
2106,2617,Boleto,250.0,Pago
2107,4192,PIX,250.0,Pago
2108,2113,Boleto,150.0,Pendente
2109,3684,PIX,250.0,Pago
2110,972,PIX,150.0,Pago
2111,1163,Cartão,99.9,Pendente
2112,2560,Boleto,250.0,Estornado
2113,2953,PIX,150.0,Pendente
2114,1861,Cartão,250.0,Pago
2115,1187,Boleto,99.9,Pendente
2116,3488,Cartão,150.0,Pendente
2117,2050,Cartão,150.0,Pago
2118,4865,PIX,250.0,Pendente
2119,4637,Boleto,250.0,Estornado
2120,4268,PIX,150.0,Pendente
2121,972,Cartão,150.0,Pago
2122,4567,Cartão,150.0,Estornado
2123,3402,Cartão,99.9,Pago
2124,3578,PIX,150.0,Estornado
2125,3153,Boleto,99.9,Pago
2126,3994,Boleto,99.9,Pendente
2127,3294,Boleto,150.0,Pendente
2128,3989,Cartão,150.0,Estornado
2129,412,PIX,250.0,Estornado
2130,2261,Boleto,150.0,Pago
2131,1795,Boleto,150.0,Estornado
2132,3171,Cartão,250.0,Pago
2133,3063,Cartão,250.0,Pago
2134,3205,PIX,99.9,Pago
2135,4959,PIX,250.0,Estornado
2136,934,Boleto,250.0,Pendente
2137,2449,Boleto,150.0,Estornado
2138,3801,PIX,150.0,Estornado
2139,2523,PIX,150.0,Pendente
2140,3890,Boleto,250.0,Pendente
2141,4789,PIX,99.9,Estornado
2142,4873,Cartão,250.0,Estornado
2143,1199,PIX,150.0,Pago
2144,3271,Boleto,99.9,Estornado
2145,4869,Boleto,99.9,Pago
2146,2324,Cartão,150.0,Estornado
2147,3826,Boleto,250.0,Estornado
2148,3423,Cartão,99.9,Pendente
2149,3653,Boleto,250.0,Estornado
2150,4408,PIX,99.9,Pago
2151,3944,Boleto,250.0,Estornado
2152,3295,Cartão,250.0,Pendente
2153,2405,PIX,150.0,Pendente
2154,3836,PIX,150.0,Estornado
2155,2545,PIX,250.0,Estornado
2156,2925,PIX,250.0,Pago
2157,1194,PIX,150.0,Pago
2158,1189,PIX,99.9,Estornado
2159,4795,Boleto,150.0,Pago
2160,4515,Boleto,250.0,Pago
2161,4749,PIX,150.0,Pendente
2162,4578,Boleto,150.0,Estornado
2163,4623,Cartão,250.0,Pendente
2164,1672,Boleto,150.0,Estornado
2165,1464,Cartão,99.9,Estornado
2166,704,Boleto,150.0,Pendente
2167,4174,Cartão,99.9,Pendente
2168,4244,Cartão,250.0,Pago
2169,1133,Boleto,99.9,Pendente
2170,1187,Cartão,150.0,Pendente
2171,4259,PIX,250.0,Pago
2172,623,Cartão,150.0,Estornado
2173,2824,Cartão,250.0,Pago
2174,630,Boleto,250.0,Estornado
2175,3121,Boleto,99.9,Pago
2176,931,PIX,150.0,Estornado
2177,2156,PIX,250.0,Estornado
2178,1272,Boleto,99.9,Pendente
2179,4855,Boleto,99.9,Estornado
2180,2546,Boleto,99.9,Estornado
2181,2666,Boleto,99.9,Pendente
2182,2881,Boleto,250.0,Pendente
2183,907,Boleto,250.0,Estornado
2184,4247,PIX,99.9,Pago
2185,4044,PIX,150.0,Pendente
2186,354,Cartão,250.0,Pendente
2187,2269,Cartão,250.0,Pendente
2188,4494,Cartão,150.0,Pendente
2189,3237,Boleto,250.0,Pendente
2190,1932,PIX,99.9,Pendente
2191,4708,PIX,250.0,Estornado
2192,2357,Boleto,250.0,Pago
2193,1888,Cartão,99.9,Pendente
2194,4678,PIX,150.0,Pendente
2195,1193,PIX,150.0,Pago
2196,1182,Boleto,99.9,Estornado
2197,3128,Boleto,250.0,Pendente
2198,1948,PIX,250.0,Pendente
2199,4491,Cartão,150.0,Estornado
2200,4110,Cartão,99.9,Pendente
2201,4867,PIX,99.9,Pendente
2202,3103,Boleto,250.0,Pago
2203,664,Boleto,250.0,Pago
2204,3313,PIX,250.0,Pago
2205,4470,Cartão,150.0,Estornado
2206,1529,Cartão,150.0,Pendente
2207,3939,Cartão,99.9,Pago
2208,1201,Boleto,150.0,Pendente
2209,2820,Cartão,250.0,Estornado
2210,1991,Boleto,150.0,Pago
2211,1610,Boleto,250.0,Estornado
2212,4477,Cartão,99.9,Pendente
2213,2009,PIX,150.0,Pago
2214,4910,PIX,250.0,Estornado
2215,4939,Boleto,150.0,Pendente
2216,4307,Boleto,250.0,Pendente
2217,3494,PIX,250.0,Pago
2218,2229,Cartão,99.9,Pendente
2219,1713,Boleto,150.0,Pendente
2220,653,Cartão,99.9,Estornado
2221,3548,Cartão,250.0,Pendente
2222,394,Cartão,99.9,Pago
2223,363,Cartão,150.0,Pendente
2224,3911,PIX,99.9,Pago
2225,97,Cartão,99.9,Estornado
2226,3703,Boleto,99.9,Pendente
2227,3948,PIX,250.0,Estornado
2228,1112,PIX,150.0,Pago
2229,2598,Boleto,99.9,Estornado
2230,1499,Cartão,99.9,Estornado
2231,3707,Boleto,150.0,Estornado
2232,3912,Cartão,250.0,Pago
2233,4337,Cartão,99.9,Pago
2234,4808,Cartão,150.0,Estornado
2235,4750,PIX,250.0,Pendente
2236,309,Boleto,150.0,Estornado
2237,4486,Boleto,250.0,Estornado
2238,3749,Boleto,150.0,Pago
2239,618,Cartão,99.9,Pendente
2240,4539,PIX,150.0,Estornado
2241,3879,Boleto,250.0,Pago
2242,2868,PIX,250.0,Pago
2243,704,Cartão,150.0,Pago
2244,3223,Boleto,150.0,Estornado
2245,571,Boleto,99.9,Pago
2246,4042,Cartão,99.9,Pago
2247,4800,Boleto,250.0,Estornado
2248,3978,Cartão,99.9,Estornado
2249,4473,PIX,99.9,Estornado
2250,4016,Boleto,99.9,Pendente
2251,2029,PIX,250.0,Pendente
2252,3477,Cartão,150.0,Pendente
2253,2968,PIX,99.9,Pendente
2254,4380,PIX,150.0,Pendente
2255,70,PIX,150.0,Pago
2256,2621,PIX,150.0,Estornado
2257,2891,Cartão,150.0,Pendente
2258,3960,Boleto,99.9,Estornado
2259,3967,Boleto,250.0,Pendente
2260,2492,Boleto,150.0,Estornado
2261,350,Cartão,99.9,Estornado
2262,1554,PIX,150.0,Pendente
2263,825,PIX,150.0,Estornado
2264,1881,PIX,250.0,Estornado
2265,557,Cartão,150.0,Pendente
2266,3845,Cartão,150.0,Pendente
2267,701,Cartão,99.9,Estornado
2268,1148,Cartão,150.0,Pago
2269,2096,Cartão,150.0,Pendente
2270,1837,Cartão,99.9,Estornado
2271,2580,Cartão,99.9,Estornado
2272,872,Boleto,99.9,Estornado
2273,221,Boleto,150.0,Estornado
2274,559,Boleto,99.9,Pendente
2275,2019,Boleto,150.0,Estornado
2276,3223,Boleto,250.0,Pendente
2277,353,Boleto,150.0,Estornado
2278,877,PIX,99.9,Pendente
2279,2037,Cartão,99.9,Pago
2280,4369,Cartão,99.9,Estornado
2281,1430,Boleto,150.0,Estornado
2282,2105,Cartão,250.0,Pendente
2283,1058,Boleto,99.9,Pendente
2284,2832,Cartão,250.0,Pendente
2285,309,PIX,150.0,Estornado
2286,3584,Cartão,99.9,Pago
2287,3676,Boleto,99.9,Estornado
2288,1798,Cartão,99.9,Pendente
2289,3298,Boleto,99.9,Pago
2290,4831,PIX,150.0,Estornado
2291,4373,PIX,150.0,Pendente
2292,4192,Cartão,150.0,Pago
2293,502,Boleto,99.9,Pendente
2294,2328,Cartão,250.0,Pago
2295,3132,Cartão,99.9,Pago
2296,4797,Boleto,150.0,Pendente
2297,1639,PIX,250.0,Pendente
2298,747,PIX,99.9,Pago
2299,494,Boleto,99.9,Pendente
2300,1669,Boleto,99.9,Estornado
2301,3945,PIX,250.0,Pago
2302,2393,Cartão,250.0,Pendente
2303,316,PIX,99.9,Pago
2304,4355,PIX,150.0,Pendente
2305,4099,Boleto,99.9,Pendente
2306,3719,PIX,150.0,Estornado
2307,4118,Cartão,250.0,Pago
2308,1931,Cartão,150.0,Pago
2309,3918,Boleto,99.9,Pendente
2310,4722,Cartão,150.0,Pago
2311,406,Boleto,150.0,Estornado
2312,3010,Cartão,99.9,Pendente
2313,594,PIX,250.0,Estornado
2314,3382,Cartão,250.0,Pago
2315,2638,PIX,99.9,Pendente
2316,1704,Boleto,150.0,Pendente
2317,2877,PIX,250.0,Pendente
2318,488,Boleto,250.0,Pendente
2319,4575,Boleto,150.0,Pendente
2320,3003,Cartão,250.0,Pago
2321,634,PIX,99.9,Estornado
2322,1392,Boleto,99.9,Pago
2323,3903,PIX,99.9,Estornado
2324,291,Boleto,99.9,Estornado
2325,1662,PIX,250.0,Pendente
2326,4660,PIX,99.9,Pendente
2327,866,Boleto,99.9,Pendente
2328,4297,Cartão,250.0,Pendente
2329,4202,PIX,150.0,Pago
2330,3629,Boleto,99.9,Estornado
2331,1342,PIX,250.0,Pago
2332,739,PIX,250.0,Estornado
2333,2478,Boleto,150.0,Pendente
2334,820,Cartão,250.0,Pendente
2335,968,Cartão,150.0,Pago
2336,4992,Boleto,99.9,Pago
2337,2341,PIX,99.9,Pago
2338,2051,Boleto,250.0,Pendente
2339,1646,Cartão,99.9,Pendente
2340,744,PIX,250.0,Pendente
2341,638,Cartão,99.9,Pago
2342,3293,PIX,99.9,Pago
2343,3557,Boleto,150.0,Estornado
2344,701,Cartão,250.0,Pago
2345,4172,Boleto,250.0,Estornado
2346,4509,Boleto,150.0,Estornado
2347,1778,Cartão,99.9,Pago
2348,3326,PIX,99.9,Pendente
2349,2686,PIX,250.0,Estornado
2350,1849,Boleto,99.9,Pago
2351,420,Boleto,250.0,Estornado
2352,2397,Cartão,250.0,Pendente
2353,2430,PIX,150.0,Pendente
2354,2364,Boleto,150.0,Pago
2355,4610,Cartão,150.0,Estornado
2356,2084,Cartão,150.0,Pago
2357,3953,PIX,99.9,Estornado
2358,814,Boleto,150.0,Pendente
2359,2497,PIX,250.0,Pendente
2360,1985,PIX,150.0,Pendente
2361,4156,Boleto,150.0,Pago
2362,2210,PIX,250.0,Estornado
2363,55,Boleto,99.9,Estornado
2364,2596,Cartão,99.9,Pago
2365,48,PIX,150.0,Estornado
2366,4939,Boleto,150.0,Pendente
2367,2089,Boleto,250.0,Pendente
2368,4078,PIX,150.0,Estornado
2369,1238,Boleto,99.9,Pago
2370,320,PIX,250.0,Pago
2371,3485,PIX,250.0,Estornado
2372,749,Boleto,250.0,Estornado
2373,2904,Cartão,99.9,Estornado
2374,2262,PIX,150.0,Estornado
2375,1844,Boleto,99.9,Pendente
2376,3735,Cartão,250.0,Estornado
2377,3556,Cartão,250.0,Pago
2378,4687,Cartão,250.0,Estornado
2379,3206,PIX,150.0,Pendente
2380,4891,PIX,250.0,Pendente
2381,2941,Cartão,150.0,Estornado
2382,4164,PIX,150.0,Pago
2383,505,PIX,250.0,Estornado
2384,1693,PIX,99.9,Estornado
2385,4319,Boleto,250.0,Pago
2386,1660,Boleto,250.0,Estornado
2387,3977,PIX,99.9,Pago
2388,487,Cartão,150.0,Estornado
2389,591,Cartão,150.0,Pago
2390,1824,Cartão,150.0,Pendente
2391,847,Cartão,150.0,Pendente
2392,1508,PIX,99.9,Estornado
2393,1260,PIX,99.9,Pendente
2394,3200,Cartão,99.9,Estornado
2395,3620,Cartão,99.9,Estornado
2396,395,Cartão,250.0,Estornado
2397,2711,PIX,99.9,Pendente
2398,448,Cartão,150.0,Estornado
2399,4983,PIX,99.9,Estornado
2400,3365,PIX,99.9,Pendente
2401,474,Boleto,99.9,Pendente
2402,796,Boleto,99.9,Estornado
2403,3565,Boleto,150.0,Pago
2404,262,PIX,99.9,Estornado
2405,3581,PIX,150.0,Estornado
2406,17,Cartão,99.9,Pago
2407,831,Cartão,99.9,Estornado
2408,4035,Cartão,250.0,Pendente
2409,2114,Cartão,99.9,Pago
2410,4968,Cartão,99.9,Pendente
2411,3789,Cartão,150.0,Pendente
2412,1485,Cartão,250.0,Pendente
2413,3960,Boleto,250.0,Estornado
2414,2813,Cartão,250.0,Pago
2415,1830,PIX,99.9,Pago
2416,211,PIX,150.0,Pago
2417,2372,PIX,150.0,Pago
2418,3069,PIX,150.0,Estornado
2419,823,Boleto,99.9,Estornado
2420,1314,Boleto,150.0,Estornado
2421,1600,Cartão,150.0,Estornado
2422,3875,PIX,150.0,Pendente
2423,1778,Cartão,250.0,Pendente
2424,1126,Boleto,150.0,Estornado
2425,1673,Boleto,250.0,Pendente
2426,4840,Cartão,250.0,Pendente
2427,4054,PIX,250.0,Pago
2428,3377,Cartão,150.0,Pago
2429,423,Cartão,99.9,Pago
2430,4724,Cartão,99.9,Pendente
2431,255,Cartão,99.9,Estornado
2432,268,PIX,99.9,Estornado
2433,1485,PIX,250.0,Pendente
2434,4437,PIX,150.0,Pago
2435,1137,Cartão,150.0,Estornado
2436,1955,PIX,150.0,Estornado
2437,1105,Cartão,99.9,Pago
2438,2283,Boleto,250.0,Estornado
2439,1960,Boleto,150.0,Pago
2440,1062,Boleto,150.0,Estornado
2441,3220,Boleto,250.0,Pago
2442,675,PIX,150.0,Estornado
2443,2928,PIX,250.0,Pago
2444,264,PIX,99.9,Estornado
2445,282,PIX,99.9,Pendente
2446,3533,Boleto,99.9,Pendente
2447,4326,PIX,250.0,Estornado
2448,1380,Boleto,99.9,Pago
2449,1467,Boleto,250.0,Estornado
2450,3172,Cartão,150.0,Pendente
2451,3855,Cartão,150.0,Pendente
2452,1718,Cartão,150.0,Estornado
2453,3444,Boleto,150.0,Pago
2454,965,PIX,250.0,Pendente
2455,320,Boleto,150.0,Estornado
2456,2869,Cartão,250.0,Pendente
2457,3082,Boleto,250.0,Pago
2458,1964,Cartão,150.0,Pago
2459,3346,Boleto,99.9,Estornado
2460,4000,PIX,150.0,Pago
2461,3405,Boleto,99.9,Estornado
2462,3384,PIX,99.9,Estornado
2463,2053,PIX,150.0,Pendente
2464,938,Cartão,250.0,Pendente
2465,872,PIX,99.9,Pendente
2466,3328,Boleto,150.0,Pendente
2467,4577,PIX,99.9,Pago
2468,3319,PIX,99.9,Pendente
2469,1180,Cartão,150.0,Pago
2470,3006,Boleto,250.0,Pendente
2471,3106,Boleto,99.9,Pendente
2472,4027,PIX,99.9,Estornado
2473,1678,PIX,250.0,Pendente
2474,2539,Cartão,150.0,Estornado
2475,2044,PIX,150.0,Pago
2476,425,PIX,150.0,Pendente
2477,2465,Boleto,250.0,Pago
2478,3414,Boleto,99.9,Estornado
2479,3318,PIX,150.0,Estornado
2480,381,Boleto,250.0,Pago
2481,2498,PIX,99.9,Estornado
2482,139,Boleto,250.0,Estornado
2483,3082,Boleto,99.9,Pago
2484,1035,PIX,250.0,Pendente
2485,2758,Boleto,99.9,Pendente
2486,1222,Cartão,250.0,Pendente
2487,1109,Cartão,250.0,Pago
2488,4629,Boleto,99.9,Pago
2489,1407,Boleto,250.0,Pendente
2490,3289,PIX,99.9,Estornado
2491,4293,PIX,99.9,Pago
2492,2334,PIX,99.9,Pendente
2493,305,Cartão,150.0,Estornado
2494,334,Boleto,250.0,Pago
2495,2020,Boleto,99.9,Pendente
2496,2164,PIX,250.0,Pago
2497,1793,Boleto,150.0,Estornado
2498,2020,Boleto,150.0,Pago
2499,3366,PIX,99.9,Estornado
2500,3126,Boleto,99.9,Estornado
2501,3378,PIX,250.0,Pendente
2502,363,Boleto,99.9,Pago
2503,2300,Boleto,150.0,Pago
2504,2888,Boleto,99.9,Pago
2505,2631,Cartão,250.0,Pendente
2506,1549,Boleto,150.0,Pago
2507,2776,Cartão,150.0,Pendente
2508,4339,PIX,250.0,Pendente
2509,575,PIX,250.0,Pendente
2510,4968,Cartão,250.0,Pendente
2511,1939,Cartão,150.0,Pago
2512,3170,PIX,99.9,Estornado
2513,3598,PIX,250.0,Pendente
2514,1092,Boleto,250.0,Pendente
2515,1731,PIX,150.0,Pendente
2516,431,PIX,150.0,Estornado
2517,4243,Boleto,150.0,Pago
2518,1421,Boleto,250.0,Estornado
2519,2304,PIX,150.0,Pendente
2520,3885,Cartão,250.0,Pendente
2521,4081,Boleto,250.0,Pago
2522,2383,PIX,250.0,Pago
2523,3152,Boleto,250.0,Pendente
2524,2315,Boleto,150.0,Pendente
2525,469,PIX,99.9,Estornado
2526,860,PIX,150.0,Estornado
2527,2952,PIX,99.9,Pendente
2528,2656,Boleto,150.0,Pago
2529,3957,PIX,250.0,Pendente
2530,588,Cartão,150.0,Pago
2531,3397,PIX,99.9,Estornado
2532,4517,Boleto,250.0,Pendente
2533,564,Boleto,250.0,Pago
2534,935,Cartão,150.0,Pago
2535,1265,Boleto,99.9,Estornado
2536,1758,Boleto,99.9,Pendente
2537,2995,Cartão,150.0,Pendente
2538,4396,Cartão,250.0,Pendente
2539,2916,Boleto,150.0,Estornado
2540,4038,PIX,150.0,Pago
2541,4952,Cartão,150.0,Pago
2542,4059,Boleto,250.0,Estornado
2543,2275,Boleto,150.0,Pago
2544,2249,PIX,99.9,Pago
2545,2633,PIX,99.9,Pendente
2546,1148,Cartão,99.9,Pago
2547,4706,Boleto,99.9,Estornado
2548,2894,Cartão,250.0,Pago
2549,3704,Cartão,150.0,Estornado
2550,720,Boleto,150.0,Estornado
2551,3277,PIX,99.9,Pendente
2552,508,Boleto,99.9,Pago
2553,1033,Boleto,150.0,Estornado
2554,1545,Cartão,250.0,Pendente
2555,800,Cartão,250.0,Pendente
2556,986,Boleto,250.0,Pago
2557,4597,Cartão,150.0,Pendente
2558,4773,PIX,150.0,Estornado
2559,2520,Cartão,150.0,Estornado
2560,3163,Boleto,150.0,Pago
2561,714,PIX,99.9,Pago
2562,203,Cartão,150.0,Pago
2563,300,Cartão,150.0,Estornado
2564,1800,Cartão,99.9,Pendente
2565,4278,PIX,99.9,Estornado
2566,3483,PIX,250.0,Pendente
2567,1731,Cartão,99.9,Estornado
2568,1170,PIX,150.0,Pendente
2569,2386,Cartão,150.0,Pendente
2570,2507,Cartão,250.0,Pendente
2571,3283,Cartão,99.9,Pago
2572,1041,Boleto,99.9,Estornado
2573,2601,Cartão,250.0,Pendente
2574,4696,Boleto,250.0,Estornado
2575,2571,PIX,99.9,Pago
2576,133,Boleto,150.0,Pago
2577,442,Cartão,150.0,Estornado
2578,1444,Boleto,250.0,Pendente
2579,3012,PIX,99.9,Estornado
2580,966,Boleto,250.0,Estornado
2581,898,Cartão,99.9,Pago
2582,864,Boleto,250.0,Estornado
2583,3442,Cartão,150.0,Pendente
2584,3491,Cartão,250.0,Pendente
2585,4804,Boleto,250.0,Pendente
2586,2375,Boleto,99.9,Pendente
2587,2348,PIX,99.9,Pendente
2588,2154,Boleto,99.9,Pago
2589,4261,Boleto,250.0,Pendente
2590,1606,PIX,250.0,Pendente
2591,4906,Boleto,250.0,Pago
2592,3722,Boleto,250.0,Estornado
2593,1254,Boleto,150.0,Estornado
2594,3344,Cartão,250.0,Pago
2595,2324,Boleto,150.0,Pendente
2596,406,PIX,99.9,Pendente
2597,1801,PIX,99.9,Pendente
2598,2840,Boleto,99.9,Estornado
2599,4270,Boleto,250.0,Pago
2600,1611,Boleto,150.0,Estornado
2601,1734,Boleto,150.0,Estornado
2602,1292,Cartão,250.0,Pendente
2603,2957,PIX,99.9,Pendente
2604,2117,Cartão,250.0,Estornado
2605,2183,PIX,99.9,Pendente
2606,1467,PIX,150.0,Pago
2607,4301,Boleto,250.0,Pendente
2608,898,Boleto,250.0,Pendente
2609,2564,Boleto,99.9,Pago
2610,141,Boleto,99.9,Pago
2611,3954,PIX,99.9,Estornado
2612,3686,Cartão,150.0,Pendente
2613,1692,Boleto,99.9,Pago
2614,1044,Cartão,150.0,Estornado
2615,1874,Boleto,99.9,Pendente
2616,4407,Cartão,150.0,Pago
2617,3193,Cartão,250.0,Estornado
2618,3097,Boleto,250.0,Pago
2619,1379,Cartão,150.0,Pago
2620,1305,PIX,250.0,Estornado
2621,2329,Cartão,250.0,Pendente
2622,3252,Cartão,99.9,Pendente
2623,2439,PIX,250.0,Estornado
2624,1440,PIX,150.0,Estornado
2625,3754,PIX,150.0,Estornado
2626,4871,PIX,250.0,Pendente
2627,1748,PIX,150.0,Pendente
2628,1680,Cartão,250.0,Estornado
2629,874,Boleto,250.0,Pendente
2630,1634,Boleto,99.9,Estornado
2631,2567,Cartão,99.9,Pago
2632,3992,PIX,99.9,Pago
2633,1728,PIX,250.0,Estornado
2634,2930,Boleto,250.0,Estornado
2635,77,Cartão,250.0,Estornado
2636,2721,Boleto,99.9,Pago
2637,4659,PIX,99.9,Estornado
2638,1976,PIX,250.0,Pendente
2639,1947,Boleto,150.0,Pago
2640,1837,Boleto,250.0,Estornado
2641,3189,Cartão,150.0,Pendente
2642,605,Boleto,150.0,Pendente
2643,3668,PIX,99.9,Pendente
2644,3532,PIX,250.0,Estornado
2645,710,Cartão,250.0,Pago
2646,2419,Boleto,99.9,Estornado
2647,1401,Cartão,99.9,Pendente
2648,3915,Cartão,250.0,Pendente
2649,3399,PIX,150.0,Estornado
2650,284,Boleto,150.0,Pendente
2651,120,PIX,99.9,Estornado
2652,3320,Cartão,250.0,Estornado
2653,3476,Cartão,250.0,Pendente
2654,4861,PIX,150.0,Pendente
2655,2244,PIX,150.0,Estornado
2656,3940,Cartão,150.0,Pago
2657,3412,Boleto,150.0,Pendente
2658,620,Cartão,250.0,Pendente
2659,4358,PIX,99.9,Pago
2660,1842,Cartão,150.0,Pago
2661,1715,Cartão,150.0,Pago
2662,4713,Boleto,99.9,Pago
2663,900,Cartão,250.0,Estornado
2664,4106,Cartão,150.0,Estornado
2665,3289,Cartão,250.0,Estornado
2666,2727,Boleto,250.0,Pendente
2667,980,Cartão,150.0,Estornado
2668,4924,Cartão,250.0,Pendente
2669,3809,Boleto,99.9,Pago
2670,2974,Boleto,99.9,Pendente
2671,762,Boleto,250.0,Pago
2672,4209,Boleto,99.9,Pendente
2673,545,Boleto,250.0,Estornado
2674,606,PIX,250.0,Pago
2675,4977,Cartão,150.0,Pendente
2676,444,Boleto,99.9,Pago
2677,4262,PIX,150.0,Pendente
2678,4409,Cartão,150.0,Pendente
2679,2921,Cartão,99.9,Pago
2680,3473,PIX,99.9,Pago
2681,3437,Cartão,250.0,Pendente
2682,3922,Cartão,99.9,Estornado
2683,1491,Boleto,150.0,Estornado
2684,1530,Cartão,150.0,Estornado
2685,2267,PIX,250.0,Estornado
2686,2389,PIX,250.0,Pago
2687,3451,Cartão,99.9,Pago
2688,149,Cartão,150.0,Pago
2689,919,PIX,99.9,Pendente
2690,3294,PIX,99.9,Pago
2691,495,PIX,99.9,Estornado
2692,4208,Boleto,250.0,Estornado
2693,4393,PIX,250.0,Pendente
2694,1559,PIX,99.9,Pago
2695,4511,Cartão,150.0,Estornado
2696,669,Boleto,150.0,Estornado
2697,2082,PIX,250.0,Pendente
2698,1827,Cartão,250.0,Estornado
2699,2539,Boleto,150.0,Pendente
2700,807,Boleto,150.0,Pendente
2701,4758,Cartão,150.0,Estornado
2702,1841,PIX,250.0,Estornado
2703,3973,Boleto,150.0,Estornado
2704,1493,Boleto,99.9,Pendente
2705,3923,Cartão,150.0,Pago
2706,298,PIX,150.0,Pago
2707,516,PIX,150.0,Pago
2708,3532,Cartão,250.0,Pendente
2709,1272,PIX,150.0,Estornado
2710,600,PIX,150.0,Pendente
2711,4596,Cartão,150.0,Pendente
2712,595,PIX,150.0,Pago
2713,4389,Cartão,250.0,Estornado
2714,673,Boleto,99.9,Estornado
2715,2554,Cartão,150.0,Pago
2716,2769,Cartão,99.9,Pendente
2717,774,Boleto,250.0,Pendente
2718,4860,PIX,150.0,Estornado
2719,3994,Boleto,150.0,Estornado
2720,4404,PIX,250.0,Estornado
2721,2127,Cartão,99.9,Estornado
2722,4873,Cartão,99.9,Estornado
2723,1323,Cartão,250.0,Pago
2724,2779,PIX,150.0,Pendente
2725,1693,Cartão,150.0,Pago
2726,4061,PIX,99.9,Pago
2727,3834,PIX,99.9,Pendente
2728,3575,Cartão,99.9,Pendente
2729,3452,PIX,250.0,Pago
2730,4825,Boleto,150.0,Pago
2731,2086,Cartão,150.0,Pago
2732,4738,Cartão,150.0,Pendente
2733,4609,Boleto,99.9,Pendente
2734,4808,Cartão,150.0,Pago
2735,526,Cartão,150.0,Pago
2736,3367,Cartão,99.9,Pago
2737,3159,Cartão,250.0,Pendente
2738,2992,PIX,99.9,Estornado
2739,3977,Cartão,99.9,Pago
2740,601,Cartão,150.0,Pendente
2741,1803,PIX,150.0,Pago
2742,62,Cartão,250.0,Pago
2743,4211,Boleto,150.0,Pago
2744,2002,Cartão,150.0,Pago
2745,3354,Cartão,250.0,Pendente
2746,1709,Boleto,150.0,Estornado
2747,4475,PIX,150.0,Pendente
2748,887,Boleto,250.0,Pendente
2749,2884,Boleto,99.9,Pago
2750,1338,Boleto,250.0,Pendente
2751,2427,PIX,250.0,Pago
2752,746,PIX,250.0,Pago
2753,763,Boleto,150.0,Estornado
2754,2787,Boleto,99.9,Pago
2755,4804,Cartão,250.0,Estornado
2756,3348,PIX,250.0,Pago
2757,4129,PIX,250.0,Pago
2758,1737,Cartão,250.0,Estornado
2759,3153,Cartão,99.9,Pendente
2760,2262,PIX,99.9,Pendente
2761,2182,Cartão,150.0,Estornado
2762,4535,Cartão,250.0,Estornado
2763,1692,Boleto,150.0,Pendente
2764,2932,Boleto,99.9,Pago
2765,2884,PIX,99.9,Pendente
2766,4048,Boleto,250.0,Pago
2767,3309,Boleto,99.9,Estornado
2768,361,Cartão,250.0,Pago
2769,2268,Cartão,99.9,Estornado
2770,247,Boleto,250.0,Pendente
2771,542,Cartão,250.0,Pendente
2772,309,Boleto,250.0,Pago
2773,3584,Cartão,150.0,Pendente
2774,1483,Boleto,99.9,Pendente
2775,4169,Cartão,250.0,Estornado
2776,2145,Cartão,150.0,Pendente
2777,4468,Boleto,150.0,Estornado
2778,3554,Boleto,150.0,Pago
2779,3929,Boleto,250.0,Pago
2780,2948,PIX,150.0,Pendente
2781,4381,Boleto,250.0,Estornado
2782,4712,PIX,99.9,Pago
2783,683,Boleto,99.9,Pago
2784,2338,Cartão,150.0,Estornado
2785,4894,Cartão,250.0,Estornado
2786,3069,Cartão,150.0,Pago
2787,428,Boleto,99.9,Estornado
2788,2185,PIX,99.9,Estornado
2789,1184,Boleto,150.0,Pendente
2790,3731,Cartão,99.9,Pago
2791,949,Cartão,150.0,Pago
2792,4941,Boleto,150.0,Estornado
2793,4130,Cartão,250.0,Pago
2794,4652,Boleto,150.0,Pago
2795,788,Cartão,99.9,Pago
2796,3351,Boleto,99.9,Pago
2797,834,PIX,250.0,Pago
2798,33,Cartão,250.0,Pendente
2799,4544,PIX,99.9,Estornado
2800,3538,Cartão,99.9,Pago
2801,2375,Boleto,99.9,Estornado
2802,392,Cartão,99.9,Pendente
2803,1524,Cartão,99.9,Estornado
2804,2950,Cartão,150.0,Pago
2805,4036,Boleto,250.0,Estornado
2806,1248,Cartão,250.0,Estornado
2807,252,Boleto,99.9,Pendente
2808,2048,Cartão,250.0,Estornado
2809,144,Boleto,150.0,Pago
2810,4526,Cartão,99.9,Pago
2811,3361,PIX,150.0,Pendente
2812,253,Cartão,150.0,Estornado
2813,1085,Boleto,99.9,Pago
2814,2621,Boleto,99.9,Pendente
2815,3418,Boleto,150.0,Pendente
2816,4861,Boleto,250.0,Pago
2817,4276,PIX,250.0,Estornado
2818,2878,PIX,99.9,Estornado
2819,2987,Cartão,99.9,Pendente
2820,1539,PIX,250.0,Estornado
2821,3532,Boleto,150.0,Pendente
2822,1553,PIX,99.9,Pago
2823,4926,Cartão,150.0,Pendente
2824,391,Cartão,250.0,Pago
2825,2664,Cartão,150.0,Estornado
2826,2578,Cartão,150.0,Pendente
2827,1317,Boleto,250.0,Pago
2828,225,Boleto,250.0,Pendente
2829,4764,Boleto,250.0,Pago
2830,2243,Cartão,150.0,Pendente
2831,1316,Cartão,99.9,Pendente
2832,2062,PIX,99.9,Pendente
2833,3632,PIX,150.0,Estornado
2834,1143,Cartão,250.0,Pendente
2835,899,PIX,250.0,Pendente
2836,3397,Cartão,250.0,Pendente
2837,4971,Cartão,99.9,Pago
2838,2900,Cartão,150.0,Pendente
2839,4179,PIX,99.9,Estornado
2840,3721,Cartão,150.0,Pendente
2841,2585,Boleto,150.0,Pago
2842,4825,Boleto,150.0,Pago
2843,720,Boleto,99.9,Pago
2844,171,Boleto,99.9,Pendente
2845,3035,Cartão,150.0,Pendente
2846,148,Boleto,150.0,Pago
2847,786,Boleto,150.0,Pago
2848,3496,Boleto,150.0,Estornado
2849,3707,PIX,150.0,Pendente
2850,3075,Cartão,250.0,Pago
2851,3022,Boleto,250.0,Pago
2852,2599,Boleto,150.0,Estornado
2853,2737,Boleto,99.9,Pago
2854,2127,Boleto,99.9,Pago
2855,2638,PIX,250.0,Pago
2856,4035,Boleto,150.0,Pago
2857,3536,Boleto,150.0,Estornado
2858,461,PIX,99.9,Pendente
2859,3228,PIX,150.0,Pago
2860,1668,PIX,99.9,Pago
2861,1318,Boleto,250.0,Pendente
2862,143,Cartão,99.9,Pago
2863,2673,Cartão,99.9,Estornado
2864,2961,PIX,150.0,Pago
2865,1552,PIX,150.0,Estornado
2866,3571,PIX,150.0,Pago
2867,1302,Boleto,99.9,Estornado
2868,1139,Boleto,99.9,Pago
2869,476,Boleto,99.9,Pendente
2870,2604,Boleto,150.0,Pendente
2871,1421,Cartão,150.0,Pendente
2872,2312,Cartão,250.0,Pendente
2873,4377,Boleto,150.0,Pendente
2874,4600,PIX,99.9,Pago
2875,3134,PIX,150.0,Pago
2876,1598,Cartão,150.0,Estornado
2877,1135,PIX,99.9,Estornado
2878,4108,Cartão,150.0,Pendente
2879,1242,PIX,150.0,Pendente
2880,2019,Boleto,250.0,Estornado
2881,1317,Cartão,99.9,Estornado
2882,3059,Boleto,250.0,Estornado
2883,32,Boleto,99.9,Estornado
2884,3226,Boleto,250.0,Pendente
2885,3509,PIX,250.0,Estornado
2886,3511,Boleto,250.0,Pendente
2887,2274,Boleto,150.0,Pendente
2888,3816,Cartão,250.0,Estornado
2889,1675,PIX,150.0,Pendente
2890,554,Cartão,250.0,Pago
2891,4194,Boleto,150.0,Pago
2892,2446,PIX,150.0,Estornado
2893,2400,Cartão,250.0,Pago
2894,3611,Boleto,99.9,Pago
2895,4642,Boleto,150.0,Estornado
2896,792,Cartão,150.0,Pago
2897,2740,Boleto,150.0,Pendente
2898,3969,PIX,250.0,Estornado
2899,4481,Cartão,250.0,Pago
2900,4054,Cartão,99.9,Pago
2901,1487,Cartão,99.9,Pago
2902,4213,PIX,150.0,Estornado
2903,4929,PIX,150.0,Pendente
2904,3187,PIX,250.0,Estornado
2905,1848,Boleto,150.0,Pago
2906,354,PIX,250.0,Estornado
2907,4317,PIX,99.9,Estornado
2908,797,Boleto,250.0,Estornado
2909,3193,Cartão,250.0,Estornado
2910,738,Cartão,99.9,Pendente
2911,1459,Boleto,99.9,Pago
2912,947,Cartão,250.0,Pago
2913,1514,Boleto,99.9,Pendente
2914,4445,PIX,250.0,Pago
2915,40,Cartão,99.9,Estornado
2916,4077,Cartão,99.9,Estornado
2917,4083,Boleto,150.0,Pago
2918,320,Boleto,250.0,Pendente
2919,4118,Cartão,150.0,Estornado
2920,1219,Cartão,250.0,Estornado
2921,1227,Cartão,250.0,Estornado
2922,4911,PIX,99.9,Pendente
2923,4179,PIX,250.0,Pendente
2924,4806,Cartão,150.0,Estornado
2925,1347,Cartão,150.0,Pago
2926,4283,Cartão,250.0,Estornado
2927,1214,PIX,250.0,Pago
2928,3173,Boleto,250.0,Pago
2929,2143,Boleto,150.0,Estornado
2930,4516,PIX,150.0,Pendente
2931,1516,PIX,150.0,Pago
2932,1265,PIX,150.0,Pago
2933,2570,Cartão,99.9,Pendente
2934,4526,Boleto,150.0,Pago
2935,2783,Boleto,250.0,Pendente
2936,881,Boleto,99.9,Pendente
2937,2558,Cartão,99.9,Pendente
2938,228,Cartão,150.0,Estornado
2939,2563,PIX,250.0,Estornado
2940,1774,Cartão,250.0,Estornado
2941,4892,Boleto,250.0,Estornado
2942,1740,Cartão,99.9,Estornado
2943,4160,Cartão,150.0,Pendente
2944,4504,PIX,250.0,Pago
2945,628,Cartão,250.0,Pendente
2946,2340,Boleto,99.9,Estornado
2947,1164,PIX,99.9,Pendente
2948,4325,PIX,250.0,Pago
2949,176,Cartão,99.9,Pago
2950,1174,Cartão,250.0,Pago
2951,2278,Cartão,99.9,Estornado
2952,3584,PIX,250.0,Pago
2953,2249,PIX,99.9,Estornado
2954,570,Boleto,250.0,Estornado
2955,2711,PIX,250.0,Estornado
2956,2797,Boleto,250.0,Pendente
2957,4175,Boleto,150.0,Pago
2958,1020,PIX,250.0,Estornado
2959,870,PIX,150.0,Estornado
2960,1479,PIX,150.0,Pendente
2961,3287,PIX,99.9,Pago
2962,3811,Cartão,150.0,Estornado
2963,3949,Cartão,250.0,Pendente
2964,284,Cartão,99.9,Estornado
2965,4045,PIX,150.0,Pago
2966,1882,Cartão,99.9,Pago
2967,86,Cartão,99.9,Pago
2968,2406,Boleto,250.0,Pago
2969,4845,PIX,99.9,Estornado
2970,1824,Cartão,250.0,Pago
2971,1419,PIX,99.9,Pendente
2972,3581,PIX,99.9,Pago
2973,3714,Cartão,150.0,Estornado
2974,2375,Boleto,250.0,Pendente
2975,4749,Boleto,150.0,Pago
2976,1726,Boleto,99.9,Pendente
2977,2046,Boleto,250.0,Pago
2978,3399,PIX,99.9,Pago
2979,798,Cartão,150.0,Pendente
2980,3617,PIX,99.9,Pago
2981,2386,PIX,99.9,Pago
2982,2395,PIX,250.0,Pendente
2983,2274,PIX,250.0,Pendente
2984,4016,Cartão,250.0,Pago
2985,3319,Cartão,99.9,Pendente
2986,2497,Boleto,250.0,Pendente
2987,1462,PIX,150.0,Pago
2988,4703,Boleto,99.9,Pago
2989,676,Boleto,250.0,Pendente
2990,3623,PIX,250.0,Pago
2991,3445,Boleto,250.0,Pago
2992,3480,Cartão,99.9,Pago
2993,2689,Cartão,99.9,Estornado
2994,3300,Cartão,250.0,Estornado
2995,4112,Cartão,250.0,Pendente
2996,385,PIX,99.9,Estornado
2997,4454,PIX,150.0,Estornado
2998,1469,Boleto,150.0,Pago
2999,972,Cartão,99.9,Pago
3000,3047,Boleto,250.0,Pago
3001,377,Cartão,99.9,Pago
3002,1209,Cartão,250.0,Estornado
3003,1824,PIX,99.9,Pago
3004,1408,Cartão,250.0,Estornado
3005,2092,Cartão,150.0,Pendente
3006,1177,Cartão,250.0,Pago
3007,152,Boleto,99.9,Estornado
3008,3082,Boleto,99.9,Pago
3009,3078,PIX,99.9,Pago
3010,256,Cartão,99.9,Pago
3011,4644,PIX,250.0,Pago
3012,2581,Boleto,99.9,Pago
3013,110,PIX,150.0,Pago
3014,4530,Boleto,250.0,Pago
3015,3845,Boleto,150.0,Pago
3016,1839,Cartão,150.0,Pago
3017,136,Boleto,99.9,Pendente
3018,2328,Boleto,150.0,Estornado
3019,1277,Cartão,99.9,Pendente
3020,2977,Cartão,99.9,Pago
3021,1677,PIX,99.9,Estornado
3022,3366,PIX,150.0,Pendente
3023,2065,Boleto,250.0,Pago
3024,1528,PIX,150.0,Pago
3025,2003,PIX,99.9,Pago
3026,1106,PIX,99.9,Pago
3027,1159,Cartão,250.0,Pendente
3028,848,PIX,250.0,Pendente
3029,2077,Boleto,250.0,Pendente
3030,2420,Boleto,250.0,Pago
3031,3218,PIX,99.9,Pago
3032,859,Cartão,99.9,Estornado
3033,371,PIX,150.0,Estornado
3034,3943,Cartão,250.0,Estornado
3035,1795,Boleto,250.0,Estornado
3036,1480,Cartão,99.9,Pendente
3037,1855,Cartão,150.0,Pago
3038,4680,Cartão,250.0,Pago
3039,4893,Cartão,250.0,Pendente
3040,1523,Cartão,250.0,Estornado
3041,4526,Boleto,150.0,Pendente
3042,4812,PIX,250.0,Pago
3043,3354,Boleto,250.0,Pendente
3044,2605,PIX,150.0,Pendente
3045,510,Cartão,99.9,Estornado
3046,4361,PIX,250.0,Pendente
3047,3596,PIX,250.0,Pago
3048,2039,Cartão,150.0,Pendente
3049,1901,Cartão,250.0,Pago
3050,4193,PIX,250.0,Pendente
3051,1680,Boleto,250.0,Pendente
3052,3892,Cartão,99.9,Pendente
3053,4795,Cartão,99.9,Pendente
3054,3090,Cartão,150.0,Pendente
3055,1716,PIX,250.0,Pendente
3056,3628,Boleto,150.0,Pago
3057,444,Boleto,99.9,Estornado
3058,1260,PIX,150.0,Pago
3059,4608,Cartão,250.0,Estornado
3060,210,Boleto,99.9,Pendente
3061,4743,Boleto,150.0,Pendente
3062,363,Boleto,250.0,Estornado
3063,3943,Cartão,150.0,Estornado
3064,4585,Boleto,99.9,Pago
3065,4236,Boleto,99.9,Pendente
3066,18,Cartão,250.0,Pendente
3067,659,Boleto,99.9,Pago
3068,1714,Boleto,250.0,Estornado
3069,2718,Cartão,150.0,Pago
3070,4564,PIX,99.9,Pago
3071,3310,Cartão,99.9,Pago
3072,1859,Cartão,250.0,Pago
3073,1093,Cartão,99.9,Estornado
3074,1174,PIX,150.0,Estornado
3075,894,PIX,150.0,Pendente
3076,4999,PIX,250.0,Pendente
3077,532,Boleto,250.0,Pago
3078,241,Cartão,250.0,Pago
3079,284,Cartão,99.9,Estornado
3080,2225,Cartão,250.0,Pendente
3081,3772,Boleto,250.0,Pago
3082,1288,PIX,250.0,Estornado
3083,2525,Boleto,99.9,Pago
3084,3747,Cartão,250.0,Pago
3085,470,Cartão,150.0,Pendente
3086,3094,PIX,99.9,Estornado
3087,3216,PIX,99.9,Estornado
3088,3443,PIX,99.9,Estornado
3089,236,PIX,250.0,Pago
3090,186,Cartão,150.0,Pendente
3091,2619,PIX,150.0,Estornado
3092,45,PIX,250.0,Estornado
3093,1364,Cartão,150.0,Estornado
3094,1719,Cartão,250.0,Pago
3095,2326,Boleto,150.0,Estornado
3096,966,PIX,250.0,Pendente
3097,141,Cartão,99.9,Pago
3098,3202,Cartão,99.9,Estornado
3099,3693,Cartão,250.0,Estornado
3100,1495,PIX,150.0,Estornado
3101,906,Cartão,250.0,Pendente
3102,994,Cartão,250.0,Pago
3103,4466,PIX,250.0,Estornado
3104,1201,PIX,250.0,Estornado
3105,1614,PIX,150.0,Pendente
3106,885,Boleto,250.0,Pago
3107,3584,Cartão,250.0,Estornado
3108,2770,PIX,250.0,Pendente
3109,1490,Boleto,150.0,Pendente
3110,2175,Cartão,99.9,Estornado
3111,4455,Cartão,150.0,Pago
3112,2222,PIX,99.9,Pendente
3113,2464,Boleto,99.9,Pago
3114,1018,Cartão,99.9,Pago
3115,2104,Boleto,150.0,Pago
3116,3283,Boleto,250.0,Pendente
3117,1639,Cartão,150.0,Pago
3118,1043,Boleto,99.9,Pendente
3119,3148,Boleto,250.0,Pendente
3120,4406,Cartão,150.0,Estornado
3121,1144,Cartão,99.9,Pendente
3122,4254,PIX,250.0,Pendente
3123,3240,Cartão,150.0,Estornado
3124,1868,Cartão,250.0,Pago
3125,802,PIX,150.0,Pendente
3126,552,Boleto,99.9,Pago
3127,2064,Cartão,150.0,Pago
3128,4280,Cartão,99.9,Estornado
3129,3072,Boleto,250.0,Pendente
3130,438,Cartão,250.0,Pago
3131,1059,PIX,250.0,Estornado
3132,4974,Boleto,99.9,Pago
3133,4724,Boleto,250.0,Pago
3134,3700,Boleto,250.0,Pago
3135,4421,Boleto,250.0,Estornado
3136,2145,PIX,99.9,Pago
3137,2073,Cartão,150.0,Pago
3138,3791,Cartão,99.9,Pendente
3139,640,Cartão,250.0,Estornado
3140,1450,PIX,99.9,Estornado
3141,1000,Boleto,250.0,Estornado
3142,2163,Cartão,150.0,Pendente
3143,3179,Boleto,250.0,Estornado
3144,893,Cartão,150.0,Pendente
3145,2194,Cartão,250.0,Estornado
3146,3439,Boleto,250.0,Estornado
3147,2207,PIX,250.0,Estornado
3148,114,PIX,150.0,Pendente
3149,1286,Cartão,250.0,Pendente
3150,2691,PIX,250.0,Estornado
3151,4541,Boleto,150.0,Pendente
3152,1501,Cartão,250.0,Pendente
3153,3448,Boleto,99.9,Estornado
3154,462,Cartão,99.9,Estornado
3155,2994,Cartão,99.9,Pendente
3156,4790,PIX,99.9,Estornado
3157,2473,Cartão,250.0,Estornado
3158,3753,Cartão,150.0,Estornado
3159,4793,Boleto,150.0,Pendente
3160,3861,PIX,150.0,Pendente
3161,3497,PIX,150.0,Pendente
3162,2500,Cartão,250.0,Pendente
3163,2421,Cartão,250.0,Estornado
3164,54,PIX,250.0,Estornado
3165,3051,PIX,150.0,Pago
3166,3684,Cartão,250.0,Pendente
3167,4041,Boleto,250.0,Pendente
3168,1357,PIX,99.9,Estornado
3169,4224,Cartão,150.0,Estornado
3170,271,Cartão,99.9,Pendente
3171,1540,PIX,250.0,Estornado
3172,2318,Cartão,150.0,Pago
3173,2223,PIX,250.0,Pendente
3174,3005,Cartão,99.9,Pendente
3175,4517,Boleto,99.9,Pendente
3176,3403,Boleto,99.9,Estornado
3177,2265,PIX,99.9,Pendente
3178,190,PIX,250.0,Pendente
3179,187,Boleto,250.0,Pago
3180,545,Boleto,99.9,Pendente
3181,2439,PIX,99.9,Pago
3182,1158,Cartão,99.9,Estornado
3183,106,Cartão,250.0,Pendente
3184,2629,PIX,250.0,Pago
3185,1995,Boleto,150.0,Pago
3186,1781,Cartão,250.0,Estornado
3187,4355,Cartão,150.0,Estornado
3188,742,PIX,150.0,Estornado
3189,1923,PIX,150.0,Estornado
3190,3924,PIX,250.0,Estornado
3191,3169,Cartão,99.9,Estornado
3192,1119,Cartão,250.0,Pendente
3193,174,PIX,150.0,Pendente
3194,2139,Cartão,99.9,Estornado
3195,1367,PIX,250.0,Pendente
3196,1054,PIX,150.0,Estornado
3197,3502,Boleto,150.0,Pendente
3198,1519,PIX,250.0,Estornado
3199,1921,Boleto,250.0,Estornado
3200,3503,Boleto,99.9,Estornado
3201,173,Boleto,99.9,Pago
3202,4606,Boleto,150.0,Pago
3203,3475,PIX,250.0,Pago
3204,2859,PIX,150.0,Estornado
3205,4943,Boleto,99.9,Pendente
3206,2548,Boleto,150.0,Pendente
3207,2076,PIX,150.0,Estornado
3208,4603,Cartão,250.0,Estornado
3209,1664,Cartão,99.9,Pendente
3210,1481,PIX,250.0,Pendente
3211,2605,PIX,99.9,Pago
3212,893,Boleto,99.9,Pago
3213,4670,PIX,99.9,Estornado
3214,1341,Cartão,150.0,Pendente
3215,4577,Cartão,150.0,Pendente
3216,2481,Boleto,99.9,Estornado
3217,3733,Cartão,150.0,Pago
3218,471,PIX,250.0,Pendente
3219,3023,Boleto,250.0,Pago
3220,1790,PIX,250.0,Pago
3221,640,Boleto,250.0,Estornado
3222,3749,Boleto,150.0,Estornado
3223,4013,PIX,250.0,Pago
3224,639,Cartão,150.0,Pago
3225,438,PIX,250.0,Estornado
3226,4332,Cartão,250.0,Pago
3227,2240,PIX,99.9,Pago
3228,576,Boleto,250.0,Pendente
3229,4307,Boleto,150.0,Estornado
3230,336,PIX,150.0,Pendente
3231,954,Boleto,99.9,Pendente
3232,4161,Boleto,99.9,Pendente
3233,4315,PIX,99.9,Pendente
3234,1196,Cartão,99.9,Pendente
3235,3837,Boleto,150.0,Estornado
3236,4485,PIX,150.0,Pendente
3237,4736,PIX,250.0,Estornado
3238,2519,Boleto,250.0,Pago
3239,1467,Cartão,250.0,Pago
3240,4226,Cartão,150.0,Pendente
3241,3747,PIX,99.9,Pendente
3242,2810,Cartão,99.9,Pago
3243,4292,Boleto,150.0,Pendente
3244,427,PIX,250.0,Pago
3245,512,Cartão,250.0,Estornado
3246,1283,Cartão,99.9,Pago
3247,3250,Cartão,150.0,Estornado
3248,4187,Boleto,150.0,Pendente
3249,3,Cartão,150.0,Estornado
3250,3019,Cartão,250.0,Pago
3251,3915,Cartão,150.0,Pendente
3252,2777,Boleto,99.9,Pendente
3253,2512,PIX,250.0,Pendente
3254,3700,Boleto,150.0,Estornado
3255,4393,Boleto,99.9,Pago
3256,206,Boleto,250.0,Pendente
3257,3494,PIX,150.0,Pago
3258,252,Cartão,99.9,Pendente
3259,11,Cartão,99.9,Pago
3260,3874,PIX,99.9,Pendente
3261,734,Boleto,150.0,Estornado
3262,3968,Boleto,99.9,Pago
3263,1980,PIX,250.0,Pendente
3264,1494,Cartão,250.0,Estornado
3265,2099,Boleto,150.0,Estornado
3266,2429,Boleto,150.0,Estornado
3267,1508,Boleto,150.0,Estornado
3268,3148,Boleto,250.0,Pago
3269,3965,Boleto,250.0,Pago
3270,4622,Cartão,99.9,Pago
3271,4780,Boleto,99.9,Pendente
3272,4257,Boleto,150.0,Pago
3273,2173,Cartão,150.0,Pago
3274,1072,Boleto,250.0,Estornado
3275,3861,Boleto,99.9,Estornado
3276,1734,Cartão,99.9,Estornado
3277,3111,PIX,99.9,Estornado
3278,962,Boleto,99.9,Pago
3279,2647,Boleto,99.9,Pendente
3280,1339,Boleto,99.9,Pago
3281,3055,Boleto,99.9,Pendente
3282,113,Boleto,150.0,Estornado
3283,1569,PIX,150.0,Estornado
3284,4141,Boleto,99.9,Pago
3285,398,Boleto,250.0,Pago
3286,2617,PIX,250.0,Estornado
3287,4146,Boleto,99.9,Estornado
3288,1000,PIX,99.9,Estornado
3289,3148,PIX,250.0,Pago
3290,353,PIX,150.0,Estornado
3291,586,Cartão,150.0,Estornado
3292,4711,PIX,99.9,Estornado
3293,4180,PIX,250.0,Estornado
3294,4777,Cartão,150.0,Estornado
3295,53,Boleto,99.9,Pago
3296,3782,Cartão,150.0,Estornado
3297,3270,PIX,250.0,Estornado
3298,3522,Cartão,150.0,Pendente
3299,3842,Cartão,250.0,Estornado
3300,4593,Boleto,150.0,Estornado
3301,2162,Boleto,250.0,Pendente
3302,1227,PIX,99.9,Pendente
3303,2493,Cartão,250.0,Pendente
3304,3962,Cartão,99.9,Pendente
3305,3227,PIX,99.9,Pago
3306,4801,PIX,150.0,Pendente
3307,964,Cartão,150.0,Pendente
3308,749,Cartão,250.0,Estornado
3309,402,PIX,150.0,Pendente
3310,1589,PIX,250.0,Pendente
3311,1456,Boleto,99.9,Pendente
3312,1968,Cartão,250.0,Estornado
3313,2228,Cartão,99.9,Pendente
3314,3451,Boleto,99.9,Pendente
3315,2820,PIX,150.0,Pendente
3316,3810,Boleto,250.0,Estornado
3317,4625,PIX,150.0,Pago
3318,734,Boleto,99.9,Pendente
3319,2971,PIX,99.9,Estornado
3320,4390,Cartão,99.9,Pago
3321,1715,PIX,250.0,Pago
3322,2454,Cartão,99.9,Estornado
3323,2187,Boleto,99.9,Estornado
3324,4539,Boleto,99.9,Estornado
3325,820,Cartão,99.9,Pendente
3326,2412,Boleto,99.9,Estornado
3327,1302,PIX,250.0,Estornado
3328,1509,PIX,150.0,Pago
3329,3984,Cartão,250.0,Pago
3330,1305,PIX,99.9,Estornado
3331,922,PIX,250.0,Estornado
3332,3135,Cartão,99.9,Estornado
3333,4835,Cartão,99.9,Pago
3334,3508,Cartão,150.0,Pendente
3335,3919,Cartão,250.0,Pendente
3336,3849,PIX,150.0,Pago
3337,2445,Cartão,99.9,Pendente
3338,1227,Cartão,250.0,Pendente
3339,4368,PIX,99.9,Pendente
3340,2790,PIX,250.0,Pago
3341,503,PIX,150.0,Pago
3342,2287,Boleto,150.0,Estornado
3343,268,Cartão,99.9,Pendente
3344,4254,Cartão,150.0,Pago
3345,3934,PIX,250.0,Estornado
3346,4172,PIX,250.0,Pendente
3347,2635,Cartão,99.9,Pago
3348,1001,Cartão,250.0,Pendente
3349,3902,Cartão,150.0,Pago
3350,3157,Cartão,99.9,Estornado
3351,56,Boleto,250.0,Estornado
3352,3273,PIX,99.9,Estornado
3353,112,Cartão,150.0,Pago
3354,896,Cartão,250.0,Pago
3355,734,Cartão,250.0,Estornado
3356,4391,PIX,150.0,Pendente
3357,4501,PIX,99.9,Estornado
3358,1613,PIX,250.0,Estornado
3359,2288,Cartão,99.9,Estornado
3360,2915,PIX,250.0,Estornado
3361,1271,Cartão,99.9,Pendente
3362,193,Cartão,150.0,Estornado
3363,2832,Boleto,150.0,Pago
3364,1160,Boleto,250.0,Pago
3365,3134,Boleto,150.0,Pago
3366,3735,Cartão,250.0,Pendente
3367,4280,Boleto,99.9,Pendente
3368,2916,PIX,99.9,Pendente
3369,2553,PIX,99.9,Pago
3370,634,PIX,150.0,Pendente
3371,1745,PIX,150.0,Estornado
3372,3785,Boleto,150.0,Pendente
3373,396,Cartão,250.0,Pago
3374,2699,Cartão,99.9,Estornado
3375,905,PIX,150.0,Estornado
3376,2025,Cartão,99.9,Pendente
3377,4519,Cartão,250.0,Pago
3378,4272,Cartão,150.0,Pago
3379,1312,Boleto,250.0,Pago
3380,3629,Boleto,99.9,Pago
3381,4547,Cartão,99.9,Estornado
3382,843,Cartão,150.0,Estornado
3383,3809,Cartão,250.0,Estornado
3384,3721,PIX,150.0,Pendente
3385,695,Cartão,150.0,Pago
3386,516,PIX,99.9,Pago
3387,2744,Cartão,250.0,Pendente
3388,2480,Cartão,150.0,Pendente
3389,2435,Boleto,99.9,Estornado
3390,245,PIX,150.0,Estornado
3391,1147,PIX,150.0,Pendente
3392,1769,Boleto,99.9,Pago
3393,754,Boleto,250.0,Pendente
3394,3742,PIX,99.9,Pendente
3395,4898,PIX,250.0,Pago
3396,4208,PIX,99.9,Pago
3397,4022,PIX,99.9,Estornado
3398,48,PIX,250.0,Pago
3399,3464,Boleto,250.0,Estornado
3400,2657,Cartão,99.9,Pago
3401,2690,Boleto,99.9,Pendente
3402,194,PIX,150.0,Estornado
3403,4846,Boleto,150.0,Pendente
3404,4382,PIX,250.0,Estornado
3405,3514,Cartão,99.9,Estornado
3406,2938,PIX,150.0,Pendente
3407,4867,Boleto,99.9,Pendente
3408,1943,Boleto,150.0,Pago
3409,2791,Boleto,250.0,Pendente
3410,1143,Boleto,99.9,Pendente
3411,1326,PIX,250.0,Pendente
3412,1037,PIX,150.0,Estornado
3413,1071,Cartão,150.0,Estornado
3414,3940,Cartão,150.0,Pago
3415,1466,PIX,99.9,Estornado
3416,2956,Boleto,99.9,Pago
3417,688,Cartão,99.9,Pendente
3418,2927,PIX,99.9,Pago
3419,4877,Boleto,150.0,Pago
3420,3366,Boleto,150.0,Estornado
3421,3443,Cartão,250.0,Pendente
3422,60,Cartão,99.9,Estornado
3423,1003,Boleto,150.0,Pendente
3424,64,PIX,150.0,Estornado
3425,878,PIX,250.0,Pendente
3426,2338,PIX,250.0,Pago
3427,2125,Boleto,150.0,Pendente
3428,3188,Cartão,99.9,Pendente
3429,2816,Cartão,250.0,Pago
3430,4353,PIX,150.0,Estornado
3431,2689,PIX,99.9,Pendente
3432,4578,Boleto,250.0,Pago
3433,4073,PIX,99.9,Estornado
3434,3351,PIX,250.0,Pago
3435,4210,Boleto,250.0,Pago
3436,4155,Boleto,250.0,Estornado
3437,4352,PIX,150.0,Pago
3438,330,Boleto,150.0,Pago
3439,4717,PIX,250.0,Pendente
3440,1456,Cartão,99.9,Pago
3441,4629,Cartão,150.0,Pago
3442,3285,Cartão,250.0,Estornado
3443,4398,Boleto,250.0,Pago
3444,2254,PIX,99.9,Pago
3445,704,Boleto,250.0,Pendente
3446,1473,Boleto,150.0,Estornado
3447,3042,Boleto,99.9,Pago
3448,3890,Boleto,99.9,Pendente
3449,3809,Boleto,150.0,Pago
3450,567,Cartão,250.0,Estornado
3451,2587,Boleto,99.9,Pendente
3452,2005,PIX,150.0,Pago
3453,3078,Boleto,99.9,Pendente
3454,2820,Cartão,250.0,Pendente
3455,3776,Boleto,250.0,Pendente
3456,4392,Boleto,99.9,Pago
3457,3132,Boleto,99.9,Pendente
3458,3961,Boleto,250.0,Pendente
3459,4537,Boleto,99.9,Estornado
3460,1443,Cartão,99.9,Pendente
3461,400,Boleto,250.0,Pendente
3462,2797,Cartão,150.0,Estornado
3463,1223,Boleto,99.9,Pendente
3464,3593,PIX,250.0,Estornado
3465,83,Cartão,150.0,Pendente
3466,4671,Boleto,250.0,Pago
3467,3965,PIX,250.0,Pendente
3468,81,Cartão,250.0,Pendente
3469,843,PIX,250.0,Pago
3470,135,Cartão,250.0,Pago
3471,1591,Boleto,99.9,Pago
3472,473,PIX,150.0,Pendente
3473,2572,Cartão,250.0,Pendente
3474,4416,Cartão,150.0,Pago
3475,3271,PIX,99.9,Pago
3476,569,Cartão,150.0,Estornado
3477,2226,Boleto,99.9,Estornado
3478,2207,Cartão,99.9,Estornado
3479,4117,Cartão,250.0,Pago
3480,2436,Boleto,150.0,Estornado
3481,3495,Cartão,250.0,Pendente
3482,4066,Boleto,250.0,Pago
3483,636,Boleto,250.0,Pendente
3484,3162,Boleto,99.9,Estornado
3485,1865,PIX,250.0,Pago
3486,3701,Boleto,150.0,Pendente
3487,3385,Boleto,99.9,Pago
3488,4907,Cartão,99.9,Pago
3489,63,Cartão,150.0,Pendente
3490,3284,PIX,99.9,Pendente
3491,3007,Cartão,150.0,Pago
3492,3991,Boleto,150.0,Estornado
3493,2118,Boleto,150.0,Pago
3494,621,Cartão,99.9,Pago
3495,3473,PIX,99.9,Pendente
3496,4144,Cartão,250.0,Pendente
3497,4231,Boleto,99.9,Pago
3498,1897,PIX,150.0,Pago
3499,2412,Cartão,150.0,Pendente
3500,486,Cartão,150.0,Pendente
3501,1688,PIX,150.0,Pago
3502,4472,Boleto,250.0,Pendente
3503,4532,PIX,150.0,Estornado
3504,2069,PIX,250.0,Pendente
3505,3215,PIX,99.9,Pago
3506,916,PIX,250.0,Estornado
3507,1038,Cartão,99.9,Pendente
3508,1259,Cartão,250.0,Estornado
3509,2335,Boleto,250.0,Estornado
3510,3067,PIX,150.0,Pago
3511,4722,Boleto,99.9,Pago
3512,2539,PIX,250.0,Pendente
3513,838,Cartão,99.9,Estornado
3514,4291,Cartão,150.0,Estornado
3515,3490,PIX,250.0,Pendente
3516,459,PIX,250.0,Pendente
3517,2842,PIX,150.0,Pago
3518,2186,Cartão,150.0,Pendente
3519,4474,PIX,250.0,Estornado
3520,2922,PIX,99.9,Pendente
3521,2706,PIX,250.0,Pago
3522,1560,Cartão,99.9,Pendente
3523,3076,PIX,150.0,Estornado
3524,114,Cartão,250.0,Estornado
3525,4073,PIX,250.0,Pago
3526,3591,PIX,250.0,Pendente
3527,2868,PIX,150.0,Pago
3528,649,Boleto,150.0,Pago
3529,3528,Cartão,250.0,Pago
3530,4532,Boleto,150.0,Estornado
3531,3736,Cartão,250.0,Estornado
3532,3103,Boleto,250.0,Estornado
3533,433,Boleto,99.9,Pendente
3534,2682,PIX,250.0,Pago
3535,953,PIX,150.0,Pendente
3536,2640,Cartão,99.9,Estornado
3537,3801,PIX,99.9,Pendente
3538,3275,Cartão,99.9,Pago
3539,380,Cartão,250.0,Pago
3540,1789,Cartão,250.0,Pendente
3541,1742,Cartão,150.0,Pago
3542,2771,Cartão,250.0,Pago
3543,1052,Cartão,150.0,Pendente
3544,3530,Boleto,99.9,Pendente
3545,2679,Boleto,99.9,Pago
3546,4639,PIX,150.0,Estornado
3547,1853,Boleto,99.9,Pendente
3548,24,Boleto,150.0,Pendente
3549,876,PIX,250.0,Pago
3550,4218,PIX,99.9,Pago
3551,4809,Boleto,150.0,Pendente
3552,4079,Boleto,150.0,Estornado
3553,1621,Boleto,250.0,Pago
3554,3241,Cartão,150.0,Pago
3555,2345,PIX,150.0,Pago
3556,4086,Boleto,150.0,Estornado
3557,3678,Cartão,150.0,Estornado
3558,2143,Boleto,250.0,Pendente
3559,3313,Cartão,150.0,Estornado
3560,944,Boleto,150.0,Estornado
3561,2669,PIX,150.0,Estornado
3562,437,Boleto,99.9,Pendente
3563,3805,PIX,99.9,Estornado
3564,800,Cartão,150.0,Pago
3565,3403,PIX,150.0,Pendente
3566,240,Boleto,99.9,Estornado
3567,67,PIX,250.0,Pago
3568,498,Cartão,99.9,Pago
3569,1145,Cartão,99.9,Pendente
3570,137,PIX,250.0,Pago
3571,4601,Cartão,99.9,Pendente
3572,3526,Cartão,99.9,Pendente
3573,2322,PIX,250.0,Pendente
3574,2979,Cartão,250.0,Pago
3575,4463,Cartão,150.0,Pendente
3576,3666,Cartão,150.0,Pago
3577,447,PIX,250.0,Estornado
3578,2212,Cartão,99.9,Pendente
3579,3739,PIX,150.0,Pago
3580,807,Cartão,150.0,Pago
3581,1223,Cartão,250.0,Pago
3582,1852,PIX,250.0,Pendente
3583,247,Cartão,250.0,Pago
3584,3797,PIX,150.0,Pendente
3585,897,Cartão,99.9,Pendente
3586,4304,Boleto,150.0,Pago
3587,4817,PIX,250.0,Estornado
3588,512,PIX,99.9,Pago
3589,2108,Boleto,99.9,Estornado
3590,2829,Cartão,250.0,Estornado
3591,4916,Cartão,99.9,Estornado
3592,3295,Boleto,150.0,Pendente
3593,2515,Cartão,99.9,Pago
3594,4906,Cartão,250.0,Estornado
3595,468,Cartão,250.0,Pendente
3596,1715,PIX,150.0,Pendente
3597,3814,PIX,250.0,Estornado
3598,2760,Cartão,250.0,Estornado
3599,1522,Cartão,99.9,Pendente
3600,4777,Boleto,250.0,Pago
3601,54,Boleto,99.9,Pago
3602,4152,PIX,250.0,Pago
3603,4421,Cartão,150.0,Pendente
3604,1213,Boleto,99.9,Estornado
3605,3138,Boleto,99.9,Pago
3606,444,PIX,99.9,Pago
3607,1599,Cartão,250.0,Pendente
3608,3878,PIX,99.9,Estornado
3609,50,Cartão,99.9,Estornado
3610,3832,Cartão,250.0,Pendente
3611,128,PIX,250.0,Estornado
3612,4955,PIX,250.0,Pendente
3613,707,Cartão,150.0,Pendente
3614,2802,PIX,99.9,Pago
3615,4294,Boleto,150.0,Pago
3616,791,PIX,150.0,Estornado
3617,2532,Boleto,150.0,Pendente
3618,3161,Cartão,99.9,Pendente
3619,2545,Cartão,99.9,Pago
3620,2412,PIX,250.0,Pendente
3621,2722,Cartão,99.9,Pago
3622,1032,PIX,150.0,Pago
3623,4180,Cartão,150.0,Estornado
3624,3081,PIX,250.0,Pendente
3625,296,Cartão,250.0,Pago
3626,4043,PIX,250.0,Estornado
3627,3970,Cartão,150.0,Estornado
3628,1260,PIX,99.9,Pendente
3629,1170,Boleto,250.0,Pendente
3630,4639,Boleto,250.0,Pago
3631,2293,Cartão,99.9,Pago
3632,3175,Boleto,250.0,Estornado
3633,2556,Boleto,99.9,Estornado
3634,3379,Cartão,250.0,Pago
3635,4610,Boleto,99.9,Estornado
3636,1258,PIX,250.0,Pago
3637,1978,Cartão,99.9,Pago
3638,342,PIX,99.9,Estornado
3639,1772,PIX,150.0,Estornado
3640,2372,Boleto,250.0,Estornado
3641,2613,Boleto,150.0,Pago
3642,3097,Boleto,150.0,Estornado
3643,2228,PIX,150.0,Pago
3644,3512,Boleto,99.9,Pendente
3645,1860,Boleto,99.9,Estornado
3646,118,Boleto,250.0,Pago
3647,575,Boleto,150.0,Estornado
3648,2177,Boleto,250.0,Estornado
3649,272,Cartão,99.9,Pago
3650,490,Cartão,99.9,Estornado
3651,4549,Boleto,150.0,Pago
3652,4854,Cartão,150.0,Pago
3653,1219,Cartão,150.0,Pago
3654,1103,Cartão,99.9,Pago
3655,2838,Boleto,250.0,Pendente
3656,1929,PIX,250.0,Pago
3657,1303,Boleto,150.0,Pendente
3658,3654,Cartão,99.9,Pago
3659,865,PIX,150.0,Estornado
3660,3903,Boleto,150.0,Pago
3661,3186,Boleto,250.0,Estornado
3662,1404,Cartão,250.0,Pago
3663,3720,Cartão,99.9,Pendente
3664,2658,PIX,99.9,Pendente
3665,2064,PIX,150.0,Pago
3666,4495,Boleto,150.0,Estornado
3667,3199,PIX,250.0,Pendente
3668,4953,Boleto,250.0,Pago
3669,2565,PIX,150.0,Pago
3670,4924,PIX,150.0,Pago
3671,2643,Boleto,250.0,Estornado
3672,2726,PIX,250.0,Pendente
3673,4218,Boleto,150.0,Estornado
3674,2760,PIX,250.0,Pendente
3675,4339,Boleto,150.0,Estornado
3676,558,Cartão,99.9,Pendente
3677,1040,Boleto,99.9,Pendente
3678,4863,PIX,250.0,Pago
3679,4190,Boleto,99.9,Pendente
3680,2842,Boleto,250.0,Pendente
3681,3032,PIX,99.9,Estornado
3682,1784,Boleto,150.0,Estornado
3683,4988,PIX,250.0,Pendente
3684,4788,Boleto,150.0,Pendente
3685,2308,Boleto,250.0,Pago
3686,2279,PIX,250.0,Pago
3687,1939,Cartão,250.0,Estornado
3688,1630,Cartão,99.9,Estornado
3689,4105,PIX,150.0,Pago
3690,2258,Cartão,99.9,Pendente
3691,16,Cartão,250.0,Estornado
3692,1926,Boleto,99.9,Pago
3693,3509,Boleto,150.0,Pendente
3694,70,PIX,99.9,Estornado
3695,3205,Boleto,150.0,Pago
3696,2146,Cartão,250.0,Pendente
3697,1156,PIX,99.9,Pago
3698,2484,Cartão,150.0,Estornado
3699,4182,Cartão,250.0,Pendente
3700,2591,PIX,250.0,Pago
3701,595,PIX,99.9,Pago
3702,4545,Boleto,150.0,Pendente
3703,3583,Boleto,99.9,Pendente
3704,2683,PIX,150.0,Pago
3705,4640,Boleto,250.0,Pago
3706,3120,Boleto,150.0,Estornado
3707,1446,PIX,99.9,Pendente
3708,4566,Boleto,250.0,Pago
3709,4757,Boleto,250.0,Pago
3710,905,Cartão,99.9,Pago
3711,951,Boleto,250.0,Pago
3712,4763,PIX,250.0,Estornado
3713,2510,PIX,99.9,Estornado
3714,3802,Cartão,250.0,Estornado
3715,1808,Boleto,250.0,Estornado
3716,3095,Cartão,150.0,Pago
3717,2774,PIX,99.9,Pendente
3718,1359,PIX,250.0,Pendente
3719,1642,Boleto,99.9,Pago
3720,1000,PIX,150.0,Pago
3721,775,PIX,250.0,Pendente
3722,4584,Boleto,250.0,Pago
3723,483,Boleto,250.0,Estornado
3724,2246,Boleto,99.9,Estornado
3725,944,PIX,250.0,Estornado
3726,4742,Boleto,250.0,Estornado
3727,3820,Boleto,250.0,Pago
3728,2267,Boleto,150.0,Pago
3729,2675,PIX,250.0,Pendente
3730,502,Boleto,99.9,Pendente
3731,2150,Cartão,99.9,Pendente
3732,634,Boleto,150.0,Pago
3733,1449,Boleto,99.9,Pendente
3734,4264,PIX,150.0,Pendente
3735,3155,Cartão,150.0,Estornado
3736,3194,Boleto,250.0,Estornado
3737,4389,PIX,99.9,Pago
3738,4915,PIX,250.0,Pago
3739,1157,PIX,99.9,Pendente
3740,1517,Cartão,150.0,Estornado
3741,2324,Boleto,150.0,Pendente
3742,1062,Boleto,150.0,Pago
3743,4590,Boleto,250.0,Pendente
3744,2399,Boleto,99.9,Pendente
3745,2367,PIX,150.0,Pendente
3746,4935,PIX,150.0,Estornado
3747,1850,Boleto,99.9,Estornado
3748,1886,Boleto,250.0,Pendente
3749,1943,Boleto,250.0,Pendente
3750,1332,PIX,250.0,Pago
3751,340,Cartão,150.0,Pendente
3752,2627,PIX,99.9,Estornado
3753,1612,Cartão,150.0,Pago
3754,3999,Cartão,99.9,Pago
3755,3473,PIX,99.9,Pendente
3756,628,Cartão,99.9,Estornado
3757,3166,PIX,150.0,Pendente
3758,4849,Cartão,250.0,Estornado
3759,381,Boleto,99.9,Estornado
3760,4979,Cartão,99.9,Pago
3761,4810,Boleto,99.9,Estornado
3762,1180,PIX,250.0,Pago
3763,3878,PIX,99.9,Pago
3764,3367,PIX,150.0,Pago
3765,527,Cartão,150.0,Pago
3766,4025,PIX,150.0,Estornado
3767,3623,Cartão,99.9,Pago
3768,3759,Cartão,99.9,Pendente
3769,3485,PIX,99.9,Estornado
3770,3447,PIX,150.0,Estornado
3771,832,Cartão,150.0,Estornado
3772,4127,PIX,99.9,Pendente
3773,604,PIX,99.9,Pendente
3774,4419,PIX,250.0,Pendente
3775,3317,Cartão,150.0,Pendente
3776,966,PIX,99.9,Pendente
3777,3510,Cartão,150.0,Estornado
3778,1319,Boleto,250.0,Pago
3779,4657,PIX,150.0,Estornado
3780,4126,PIX,250.0,Pendente
3781,3535,Boleto,99.9,Estornado
3782,256,Cartão,250.0,Estornado
3783,1955,Boleto,250.0,Pendente
3784,3473,Boleto,99.9,Estornado
3785,2060,Boleto,250.0,Pago
3786,3361,Cartão,99.9,Estornado
3787,1535,PIX,250.0,Pendente
3788,3361,PIX,99.9,Estornado
3789,3588,Cartão,99.9,Pendente
3790,3331,Cartão,99.9,Pendente
3791,2599,PIX,250.0,Pago
3792,2708,PIX,250.0,Pendente
3793,3596,PIX,150.0,Estornado
3794,1518,PIX,150.0,Estornado
3795,4753,Boleto,150.0,Pago
3796,2725,Boleto,150.0,Pendente
3797,3241,PIX,150.0,Estornado
3798,1048,PIX,99.9,Pendente
3799,1596,PIX,150.0,Pendente
3800,4833,PIX,150.0,Estornado
3801,4591,PIX,150.0,Pago
3802,3555,Boleto,250.0,Pago
3803,2280,Boleto,99.9,Estornado
3804,1273,PIX,99.9,Estornado
3805,4472,Boleto,250.0,Pendente
3806,3995,Cartão,250.0,Pago
3807,2026,PIX,150.0,Pago
3808,2549,PIX,99.9,Pendente
3809,216,Boleto,150.0,Pendente
3810,762,Cartão,150.0,Pendente
3811,995,Cartão,99.9,Estornado
3812,3081,Cartão,150.0,Pago
3813,4560,PIX,150.0,Pendente
3814,3479,Cartão,99.9,Pendente
3815,2481,Cartão,250.0,Pago
3816,2831,Cartão,99.9,Pago
3817,963,Boleto,250.0,Pago
3818,4404,Cartão,150.0,Pendente
3819,4112,Boleto,99.9,Pendente
3820,4141,Cartão,99.9,Pago
3821,3357,Cartão,150.0,Pago
3822,3702,PIX,99.9,Estornado
3823,807,Cartão,150.0,Pago
3824,738,Boleto,99.9,Pendente
3825,1281,PIX,99.9,Estornado
3826,510,Cartão,99.9,Estornado
3827,323,PIX,99.9,Pendente
3828,2627,Boleto,150.0,Pago
3829,2165,PIX,250.0,Estornado
3830,4124,Cartão,99.9,Pendente
3831,2754,Cartão,99.9,Pago
3832,1261,PIX,150.0,Pendente
3833,2259,Boleto,250.0,Pago
3834,4816,Cartão,99.9,Pago
3835,3784,PIX,150.0,Pendente
3836,3920,Cartão,250.0,Pago
3837,571,PIX,150.0,Estornado
3838,2502,PIX,250.0,Estornado
3839,172,Cartão,150.0,Estornado
3840,3513,Boleto,99.9,Estornado
3841,1417,Cartão,99.9,Estornado
3842,3073,PIX,150.0,Pendente
3843,3966,PIX,150.0,Pendente
3844,1492,PIX,99.9,Estornado
3845,4372,Boleto,99.9,Pendente
3846,4886,Cartão,99.9,Pendente
3847,1403,PIX,99.9,Estornado
3848,2219,Cartão,250.0,Estornado
3849,1676,Boleto,99.9,Pendente
3850,1314,Cartão,150.0,Pendente
3851,941,PIX,99.9,Estornado
3852,464,Boleto,150.0,Estornado
3853,2950,Cartão,150.0,Pendente
3854,1650,Boleto,250.0,Pago
3855,4167,Boleto,250.0,Pago
3856,4299,Boleto,99.9,Pago
3857,4848,Cartão,150.0,Pendente
3858,2962,Cartão,99.9,Estornado
3859,4957,Boleto,250.0,Estornado
3860,4161,Boleto,250.0,Pendente
3861,1696,Boleto,150.0,Pago
3862,719,Cartão,250.0,Pendente
3863,3649,Cartão,99.9,Pendente
3864,609,Cartão,150.0,Pago
3865,4475,PIX,99.9,Pago
3866,2320,Boleto,250.0,Pago
3867,4484,Cartão,150.0,Pendente
3868,1178,Cartão,150.0,Pendente
3869,2289,Boleto,250.0,Pago
3870,2189,Cartão,99.9,Estornado
3871,4379,Cartão,250.0,Pago
3872,938,Boleto,150.0,Pago
3873,4445,Boleto,99.9,Estornado
3874,4609,Cartão,99.9,Estornado
3875,1561,Boleto,150.0,Pago
3876,857,Boleto,99.9,Pago
3877,4299,PIX,250.0,Pendente
3878,1699,Cartão,99.9,Pendente
3879,1132,PIX,99.9,Pendente
3880,3768,Cartão,150.0,Pendente
3881,3454,Cartão,99.9,Pendente
3882,2527,Boleto,150.0,Estornado
3883,137,Cartão,250.0,Pendente
3884,273,Boleto,250.0,Estornado
3885,1905,PIX,250.0,Pago
3886,775,PIX,99.9,Pago
3887,4910,PIX,250.0,Estornado
3888,2280,Cartão,99.9,Pendente
3889,4956,Boleto,150.0,Pago
3890,3719,PIX,250.0,Pago
3891,4006,Cartão,99.9,Estornado
3892,632,Cartão,99.9,Estornado
3893,1371,Boleto,250.0,Pendente
3894,3282,Cartão,150.0,Pendente
3895,4369,Cartão,99.9,Estornado
3896,3869,Boleto,250.0,Pago
3897,871,Boleto,250.0,Pago
3898,1615,Cartão,150.0,Pago
3899,4174,Cartão,250.0,Pendente
3900,1297,Cartão,150.0,Pago
3901,3556,Cartão,250.0,Pendente
3902,3183,Cartão,150.0,Pago
3903,1535,PIX,99.9,Pago
3904,3985,Cartão,150.0,Pago
3905,606,Boleto,99.9,Pago
3906,2724,PIX,250.0,Pago
3907,1073,Cartão,99.9,Pago
3908,3526,Cartão,250.0,Pendente
3909,162,PIX,99.9,Pago
3910,4741,PIX,99.9,Estornado
3911,655,Cartão,250.0,Pendente
3912,4581,Boleto,150.0,Pendente
3913,1263,Boleto,99.9,Estornado
3914,4247,Boleto,99.9,Estornado
3915,2578,PIX,99.9,Pago
3916,650,PIX,250.0,Estornado
3917,1147,Boleto,99.9,Pendente
3918,4541,PIX,99.9,Estornado
3919,910,Cartão,250.0,Pendente
3920,2108,PIX,250.0,Pendente
3921,2309,Boleto,99.9,Pago
3922,306,Cartão,250.0,Pendente
3923,349,PIX,99.9,Pago
3924,4907,Boleto,250.0,Estornado
3925,4894,Boleto,150.0,Pago
3926,2053,Boleto,250.0,Pago
3927,3973,Boleto,150.0,Pendente
3928,2631,Boleto,150.0,Estornado
3929,1511,Cartão,250.0,Pendente
3930,3252,Cartão,250.0,Pendente
3931,35,Boleto,150.0,Pendente
3932,2638,PIX,150.0,Estornado
3933,2635,PIX,99.9,Estornado
3934,1292,Boleto,250.0,Pendente
3935,4118,Boleto,150.0,Estornado
3936,528,Boleto,150.0,Pendente
3937,997,Cartão,99.9,Estornado
3938,2954,PIX,99.9,Pendente
3939,3762,Cartão,250.0,Estornado
3940,3142,Cartão,99.9,Estornado
3941,4154,PIX,250.0,Pago
3942,1631,PIX,150.0,Estornado
3943,2448,Boleto,250.0,Estornado
3944,146,PIX,150.0,Estornado
3945,4520,Boleto,250.0,Pago
3946,2992,Cartão,99.9,Estornado
3947,4560,PIX,250.0,Pendente
3948,861,Boleto,150.0,Pendente
3949,1485,PIX,250.0,Pendente
3950,1016,Cartão,250.0,Estornado
3951,4484,PIX,150.0,Estornado
3952,1382,Boleto,150.0,Pendente
3953,2193,Boleto,99.9,Pago
3954,503,Cartão,150.0,Pendente
3955,828,Cartão,250.0,Estornado
3956,3184,Cartão,99.9,Pago
3957,648,Boleto,150.0,Estornado
3958,4802,Cartão,99.9,Pago
3959,4942,PIX,150.0,Estornado
3960,166,PIX,99.9,Estornado
3961,1852,Boleto,99.9,Pendente
3962,588,PIX,99.9,Pago
3963,1226,PIX,150.0,Pendente
3964,233,Boleto,150.0,Pago
3965,3772,Cartão,150.0,Estornado
3966,499,PIX,150.0,Estornado
3967,3160,Boleto,150.0,Pendente
3968,1018,PIX,99.9,Pendente
3969,3549,Boleto,99.9,Pago
3970,4862,Cartão,99.9,Pago
3971,2643,PIX,99.9,Estornado
3972,2657,Cartão,150.0,Pago
3973,4765,Cartão,99.9,Pendente
3974,2973,PIX,99.9,Pendente
3975,2356,PIX,99.9,Estornado
3976,1996,PIX,99.9,Estornado
3977,600,PIX,150.0,Pago
3978,843,Cartão,250.0,Pendente
3979,2444,Cartão,99.9,Pago
3980,3542,Boleto,99.9,Pago
3981,1498,Boleto,250.0,Pago
3982,4996,Cartão,250.0,Pago
3983,2485,Cartão,150.0,Estornado
3984,2131,Boleto,150.0,Estornado
3985,2511,PIX,250.0,Pago
3986,3974,Boleto,150.0,Estornado
3987,3790,PIX,250.0,Estornado
3988,1249,Cartão,150.0,Estornado
3989,4940,PIX,99.9,Estornado
3990,116,Boleto,150.0,Pendente
3991,410,Boleto,99.9,Pendente
3992,3971,Cartão,99.9,Estornado
3993,4399,PIX,250.0,Pago
3994,398,PIX,250.0,Estornado
3995,1372,Cartão,99.9,Estornado
3996,1036,Cartão,99.9,Estornado
3997,2484,Boleto,250.0,Estornado
3998,3048,PIX,99.9,Estornado
3999,802,Boleto,99.9,Pendente
4000,233,Boleto,250.0,Pago
4001,1010,PIX,250.0,Estornado
4002,1061,Boleto,150.0,Estornado
4003,3101,Cartão,150.0,Pago
4004,4421,PIX,99.9,Estornado
4005,455,Cartão,250.0,Estornado
4006,1830,PIX,99.9,Pendente
4007,2797,Boleto,150.0,Estornado
4008,4198,PIX,99.9,Pago
4009,4092,PIX,250.0,Pendente
4010,3319,PIX,150.0,Pago
4011,4918,PIX,99.9,Pago
4012,4351,Cartão,250.0,Estornado
4013,971,PIX,99.9,Estornado
4014,4465,Cartão,99.9,Estornado
4015,1699,Cartão,99.9,Estornado
4016,3024,Cartão,250.0,Pendente
4017,3374,Cartão,250.0,Estornado
4018,1566,PIX,99.9,Estornado
4019,2802,PIX,99.9,Estornado
4020,3744,PIX,250.0,Pago
4021,3086,Boleto,99.9,Pago
4022,4428,PIX,150.0,Pendente
4023,4594,Cartão,99.9,Estornado
4024,1250,Boleto,150.0,Pendente
4025,4828,Cartão,150.0,Pago
4026,1557,Boleto,99.9,Pago
4027,2792,PIX,250.0,Pendente
4028,408,Cartão,250.0,Estornado
4029,4151,PIX,150.0,Pendente
4030,3463,Cartão,250.0,Estornado
4031,3851,PIX,150.0,Pago
4032,3229,Cartão,99.9,Pago
4033,2640,PIX,150.0,Pendente
4034,109,Cartão,250.0,Estornado
4035,1177,Cartão,250.0,Pendente
4036,3872,PIX,250.0,Estornado
4037,4098,Cartão,99.9,Pendente
4038,2740,PIX,150.0,Pago
4039,3808,Cartão,99.9,Pago
4040,2660,Cartão,250.0,Estornado
4041,1417,Boleto,250.0,Estornado
4042,4392,PIX,99.9,Pago
4043,2372,Boleto,250.0,Pendente
4044,4267,Cartão,250.0,Estornado
4045,3464,Boleto,150.0,Pago
4046,1692,PIX,250.0,Pendente
4047,1081,Cartão,99.9,Pago
4048,1425,Cartão,150.0,Pago
4049,798,Boleto,150.0,Estornado
4050,1139,Boleto,250.0,Pago
4051,4343,Cartão,150.0,Pago
4052,978,Boleto,250.0,Estornado
4053,2637,PIX,99.9,Pendente
4054,2572,PIX,250.0,Estornado
4055,4084,PIX,99.9,Estornado
4056,2906,Cartão,99.9,Estornado
4057,3865,Boleto,250.0,Estornado
4058,1767,Cartão,99.9,Pago
4059,2525,PIX,150.0,Estornado
4060,3197,Cartão,150.0,Estornado
4061,3841,PIX,250.0,Estornado
4062,1624,Cartão,150.0,Pendente
4063,588,Cartão,250.0,Estornado
4064,1616,Cartão,99.9,Pago
4065,1561,PIX,250.0,Pago
4066,3837,PIX,150.0,Pendente
4067,2828,Boleto,150.0,Pago
4068,3966,PIX,99.9,Pago
4069,4123,Boleto,150.0,Pendente
4070,2421,Cartão,150.0,Estornado
4071,2219,PIX,150.0,Estornado
4072,3038,Cartão,150.0,Estornado
4073,775,Boleto,99.9,Pendente
4074,3022,Cartão,150.0,Estornado
4075,122,PIX,150.0,Pago
4076,2259,PIX,99.9,Pago
4077,4942,Boleto,99.9,Pago
4078,2167,Cartão,250.0,Estornado
4079,1867,Boleto,150.0,Estornado
4080,4690,PIX,250.0,Pendente
4081,3566,Cartão,250.0,Estornado
4082,4085,PIX,99.9,Estornado
4083,4401,Boleto,250.0,Pendente
4084,605,Boleto,99.9,Pago
4085,1592,PIX,250.0,Estornado
4086,3227,Cartão,150.0,Pendente
4087,4684,Cartão,150.0,Pago
4088,4200,PIX,250.0,Estornado
4089,2320,Boleto,150.0,Estornado
4090,1807,Cartão,250.0,Estornado
4091,953,Cartão,250.0,Pendente
4092,189,Cartão,150.0,Estornado
4093,376,Cartão,250.0,Estornado
4094,4451,Boleto,250.0,Pendente
4095,2059,Boleto,250.0,Estornado
4096,4407,PIX,99.9,Pendente
4097,2330,Cartão,150.0,Estornado
4098,1826,Boleto,150.0,Pago
4099,2226,Cartão,150.0,Pendente
4100,2232,PIX,150.0,Estornado
4101,2002,Cartão,99.9,Pendente
4102,321,PIX,150.0,Pendente
4103,1394,PIX,99.9,Pago
4104,1225,PIX,99.9,Pendente
4105,1404,Cartão,250.0,Estornado
4106,4650,PIX,250.0,Pago
4107,147,PIX,150.0,Pendente
4108,21,Cartão,250.0,Estornado
4109,82,PIX,250.0,Pendente
4110,4030,Boleto,99.9,Estornado
4111,1579,Boleto,150.0,Pendente
4112,2106,PIX,150.0,Estornado
4113,275,Cartão,99.9,Pago
4114,2373,Boleto,99.9,Pendente
4115,2334,Cartão,150.0,Pendente
4116,3181,Boleto,99.9,Pago
4117,4945,Cartão,99.9,Pendente
4118,3321,Boleto,250.0,Pago
4119,1942,Cartão,150.0,Pago
4120,4305,Cartão,250.0,Estornado
4121,2298,Cartão,150.0,Pago
4122,3300,Boleto,250.0,Estornado
4123,2334,Boleto,99.9,Estornado
4124,3378,Boleto,250.0,Pago
4125,4953,Boleto,99.9,Pago
4126,3699,Boleto,250.0,Pago
4127,2821,Boleto,150.0,Pendente
4128,2235,Boleto,250.0,Pago
4129,2068,Cartão,250.0,Pago
4130,269,Cartão,99.9,Pago
4131,1764,Cartão,150.0,Pendente
4132,3914,PIX,150.0,Pago
4133,2161,Cartão,250.0,Estornado
4134,2199,Boleto,99.9,Pago
4135,2589,PIX,150.0,Estornado
4136,4819,Cartão,150.0,Pendente
4137,4581,Cartão,150.0,Pago
4138,1281,Cartão,150.0,Estornado
4139,1122,Cartão,99.9,Pendente
4140,3193,PIX,150.0,Pendente
4141,231,PIX,150.0,Pago
4142,2526,Cartão,99.9,Pago
4143,46,Boleto,99.9,Pendente
4144,4623,PIX,250.0,Pendente
4145,1829,Cartão,250.0,Estornado
4146,1640,PIX,99.9,Pendente
4147,927,Cartão,150.0,Estornado
4148,3989,Boleto,150.0,Pendente
4149,199,Boleto,150.0,Estornado
4150,1357,PIX,99.9,Pendente
4151,4724,Boleto,150.0,Pago
4152,1620,Cartão,150.0,Pendente
4153,1719,Cartão,250.0,Pendente
4154,2598,Cartão,99.9,Pendente
4155,2317,PIX,150.0,Estornado
4156,465,Cartão,99.9,Estornado
4157,3027,PIX,250.0,Pendente
4158,3094,Boleto,250.0,Pendente
4159,4288,PIX,99.9,Estornado
4160,991,Boleto,99.9,Pago
4161,1253,Cartão,150.0,Estornado
4162,2750,PIX,150.0,Pendente
4163,4311,Cartão,99.9,Pago
4164,78,Cartão,99.9,Pendente
4165,1693,PIX,150.0,Pago
4166,4311,PIX,150.0,Pago
4167,4564,PIX,150.0,Pendente
4168,105,PIX,99.9,Pago
4169,4868,Cartão,150.0,Pago
4170,4677,Boleto,99.9,Estornado
4171,2274,Cartão,250.0,Estornado
4172,1305,PIX,250.0,Estornado
4173,2463,PIX,99.9,Pago
4174,2953,Cartão,150.0,Pago
4175,2573,PIX,99.9,Pago
4176,1571,Boleto,250.0,Pago
4177,2254,Boleto,250.0,Pendente
4178,304,Cartão,250.0,Estornado
4179,3984,PIX,150.0,Pendente
4180,1984,Boleto,99.9,Pendente
4181,4285,PIX,250.0,Pago
4182,4043,Cartão,150.0,Pendente
4183,1512,Boleto,150.0,Estornado
4184,2443,Cartão,150.0,Estornado
4185,4567,Cartão,250.0,Estornado
4186,1896,PIX,99.9,Estornado
4187,3308,Cartão,99.9,Pago
4188,4335,Cartão,150.0,Pago
4189,2018,Boleto,99.9,Pendente
4190,1935,PIX,250.0,Estornado
4191,1434,Cartão,150.0,Pendente
4192,3628,PIX,250.0,Pendente
4193,1232,Boleto,150.0,Pendente
4194,4122,PIX,250.0,Estornado
4195,1675,PIX,250.0,Pendente
4196,2695,PIX,99.9,Estornado
4197,1623,Boleto,250.0,Pago
4198,1746,Boleto,250.0,Pago
4199,2642,Boleto,99.9,Pago
4200,3309,PIX,250.0,Pago
4201,2715,Cartão,150.0,Estornado
4202,3105,Boleto,250.0,Estornado
4203,552,PIX,150.0,Estornado
4204,2339,Boleto,99.9,Pago
4205,1973,PIX,99.9,Pendente
4206,2864,Boleto,150.0,Pago
4207,1952,PIX,99.9,Estornado
4208,1014,Boleto,150.0,Estornado
4209,1630,Boleto,150.0,Pendente
4210,1603,PIX,250.0,Pendente
4211,4709,PIX,150.0,Pendente
4212,1151,Boleto,99.9,Estornado
4213,1672,PIX,99.9,Pendente
4214,806,Cartão,99.9,Pago
4215,4879,Boleto,250.0,Estornado
4216,3030,PIX,150.0,Pendente
4217,4024,Cartão,150.0,Estornado
4218,2770,Cartão,150.0,Pendente
4219,558,PIX,150.0,Estornado
4220,2262,Cartão,250.0,Estornado
4221,2188,PIX,250.0,Pendente
4222,4961,PIX,150.0,Pago
4223,3660,PIX,150.0,Pago
4224,2080,PIX,99.9,Pago
4225,4858,Boleto,99.9,Pendente
4226,1177,Cartão,99.9,Pendente
4227,3194,Cartão,99.9,Estornado
4228,4361,Cartão,150.0,Pago
4229,1014,Boleto,99.9,Estornado
4230,1972,Boleto,99.9,Estornado
4231,3485,Boleto,150.0,Estornado
4232,1678,Cartão,250.0,Pendente
4233,4337,Boleto,150.0,Estornado
4234,2940,PIX,150.0,Estornado
4235,1525,Boleto,99.9,Estornado
4236,2658,PIX,250.0,Estornado
4237,860,PIX,99.9,Pago
4238,3900,PIX,250.0,Pendente
4239,4427,PIX,250.0,Pendente
4240,1594,Cartão,99.9,Pendente
4241,1876,Boleto,99.9,Pendente
4242,3842,Cartão,150.0,Pendente
4243,3906,Boleto,250.0,Pendente
4244,3185,Boleto,150.0,Pago
4245,3312,PIX,150.0,Pendente
4246,2856,Cartão,150.0,Estornado
4247,1878,Cartão,250.0,Pendente
4248,2904,Cartão,99.9,Pendente
4249,2369,Cartão,99.9,Pendente
4250,3499,PIX,250.0,Estornado
4251,795,PIX,150.0,Pendente
4252,2991,Cartão,99.9,Estornado
4253,3539,Cartão,99.9,Pendente
4254,2017,Boleto,250.0,Estornado
4255,2061,Cartão,150.0,Pendente
4256,4358,Cartão,150.0,Pendente
4257,1481,Boleto,150.0,Pendente
4258,320,PIX,150.0,Pago
4259,2684,Cartão,99.9,Pendente
4260,717,Boleto,99.9,Estornado
4261,4617,Cartão,150.0,Pago
4262,2467,Cartão,99.9,Estornado
4263,267,Boleto,250.0,Pendente
4264,542,PIX,150.0,Estornado
4265,3577,Boleto,150.0,Estornado
4266,1026,Boleto,250.0,Estornado
4267,2612,PIX,99.9,Pago
4268,1876,PIX,150.0,Pago
4269,1743,PIX,250.0,Pendente
4270,3368,Cartão,250.0,Pago
4271,2554,Boleto,99.9,Estornado
4272,774,PIX,150.0,Pendente
4273,3927,PIX,150.0,Pago
4274,1584,Boleto,250.0,Pago
4275,1128,PIX,99.9,Pago
4276,480,Cartão,150.0,Pago
4277,3330,PIX,150.0,Pendente
4278,2716,PIX,250.0,Pago
4279,1738,Boleto,99.9,Pago
4280,3458,Boleto,250.0,Pendente
4281,256,Boleto,150.0,Pendente
4282,3413,PIX,150.0,Estornado
4283,1847,PIX,250.0,Estornado
4284,2633,Boleto,150.0,Estornado
4285,1789,Cartão,250.0,Pago
4286,121,PIX,150.0,Estornado
4287,3679,Cartão,150.0,Pago
4288,4561,Boleto,99.9,Pago
4289,4055,Boleto,150.0,Pendente
4290,3098,Cartão,250.0,Estornado
4291,3223,PIX,99.9,Estornado
4292,797,Boleto,150.0,Estornado
4293,1599,PIX,150.0,Pendente
4294,3325,Cartão,150.0,Pendente
4295,2195,Boleto,99.9,Pendente
4296,3847,PIX,150.0,Estornado
4297,1415,Cartão,150.0,Pago
4298,2155,PIX,250.0,Estornado
4299,1857,PIX,150.0,Pago
4300,2405,PIX,250.0,Pago
4301,123,Cartão,150.0,Pendente
4302,3298,Boleto,150.0,Estornado
4303,1338,Boleto,99.9,Estornado
4304,2751,Cartão,150.0,Estornado
4305,2900,Boleto,99.9,Pago
4306,732,Boleto,250.0,Pago
4307,4960,Cartão,250.0,Pendente
4308,491,Cartão,150.0,Estornado
4309,1462,PIX,150.0,Pendente
4310,2188,Cartão,150.0,Pendente
4311,3095,PIX,250.0,Pago
4312,2617,Boleto,250.0,Pendente
4313,33,PIX,250.0,Pago
4314,423,PIX,250.0,Pendente
4315,3177,Cartão,250.0,Pago
4316,1147,PIX,150.0,Pendente
4317,916,PIX,99.9,Estornado
4318,3887,Boleto,150.0,Estornado
4319,1951,Cartão,250.0,Estornado
4320,4977,PIX,99.9,Estornado
4321,1864,Boleto,250.0,Estornado
4322,118,Boleto,250.0,Pendente
4323,2099,Boleto,99.9,Pendente
4324,3269,Cartão,250.0,Pago
4325,3565,Boleto,250.0,Estornado
4326,2506,Cartão,99.9,Pendente
4327,1284,PIX,250.0,Estornado
4328,3044,Boleto,99.9,Estornado
4329,2707,Boleto,250.0,Estornado
4330,1387,Boleto,99.9,Pendente
4331,4289,PIX,99.9,Pago
4332,3067,Boleto,99.9,Estornado
4333,2458,Cartão,99.9,Estornado
4334,258,Boleto,250.0,Pago
4335,382,Cartão,150.0,Pendente
4336,3037,PIX,150.0,Estornado
4337,3297,Cartão,250.0,Pago
4338,1653,PIX,150.0,Estornado
4339,3702,Cartão,150.0,Pago
4340,1226,Boleto,150.0,Estornado
4341,4773,Boleto,250.0,Estornado
4342,3997,Cartão,99.9,Estornado
4343,4289,PIX,150.0,Pago
4344,1854,Boleto,150.0,Pendente
4345,979,Boleto,250.0,Estornado
4346,4412,Cartão,250.0,Pago
4347,1918,Boleto,99.9,Estornado
4348,2669,Boleto,250.0,Estornado
4349,2768,PIX,150.0,Pendente
4350,348,Boleto,250.0,Pago
4351,4996,PIX,250.0,Estornado
4352,34,Boleto,99.9,Estornado
4353,4152,Cartão,99.9,Pendente
4354,2971,Boleto,99.9,Estornado
4355,3353,Cartão,99.9,Pago
4356,3328,PIX,150.0,Estornado
4357,390,PIX,150.0,Pendente
4358,3447,Boleto,99.9,Pago
4359,1997,Cartão,250.0,Pago
4360,3534,PIX,250.0,Pendente
4361,3816,Cartão,150.0,Estornado
4362,3010,Cartão,150.0,Pago
4363,4473,PIX,150.0,Pago
4364,4719,Cartão,150.0,Pendente
4365,3974,PIX,150.0,Pendente
4366,1669,PIX,150.0,Pago
4367,3081,Cartão,99.9,Pendente
4368,1872,PIX,99.9,Estornado
4369,631,Boleto,250.0,Pago
4370,3449,Cartão,99.9,Estornado
4371,4226,Cartão,150.0,Pendente
4372,4582,Boleto,99.9,Pendente
4373,1604,Boleto,250.0,Estornado
4374,4530,Cartão,99.9,Pago
4375,4765,Cartão,250.0,Pago
4376,4915,Boleto,99.9,Pago
4377,2898,Boleto,150.0,Pago
4378,4295,PIX,150.0,Pago
4379,2127,Boleto,99.9,Estornado
4380,4455,PIX,150.0,Estornado
4381,4028,PIX,99.9,Pendente
4382,3380,Boleto,99.9,Estornado
4383,482,Cartão,250.0,Pago
4384,1663,Cartão,150.0,Pendente
4385,1574,Cartão,250.0,Pendente
4386,1555,Cartão,150.0,Pago
4387,1683,PIX,150.0,Pago
4388,4227,Cartão,99.9,Estornado
4389,3344,Cartão,250.0,Pendente
4390,3697,Cartão,150.0,Estornado
4391,4447,Cartão,250.0,Pendente
4392,2507,PIX,150.0,Pago
4393,1230,Cartão,150.0,Pago
4394,2697,Cartão,99.9,Pendente
4395,3075,PIX,99.9,Pago
4396,4174,Cartão,250.0,Pago
4397,4090,Boleto,99.9,Estornado
4398,1288,Cartão,250.0,Pendente
4399,3283,PIX,150.0,Pago
4400,1912,Boleto,99.9,Estornado
4401,1246,PIX,150.0,Pago
4402,1583,PIX,99.9,Pago
4403,1770,PIX,150.0,Pendente
4404,4159,Boleto,150.0,Pendente
4405,1354,Cartão,99.9,Pago
4406,250,PIX,99.9,Pendente
4407,1767,Boleto,150.0,Pago
4408,3190,Cartão,250.0,Pendente
4409,1822,Boleto,250.0,Pago
4410,1680,PIX,99.9,Pago
4411,426,PIX,99.9,Pendente
4412,4560,Cartão,150.0,Pago
4413,1914,Boleto,150.0,Pago
4414,346,PIX,250.0,Estornado
4415,1364,Boleto,99.9,Pendente
4416,2536,PIX,99.9,Pendente
4417,3785,Cartão,250.0,Estornado
4418,3847,PIX,150.0,Pendente
4419,4556,Boleto,250.0,Estornado
4420,3127,Cartão,250.0,Pendente
4421,3255,Boleto,99.9,Estornado
4422,1950,Boleto,150.0,Pago
4423,49,PIX,150.0,Estornado
4424,3177,Boleto,99.9,Estornado
4425,1249,Cartão,150.0,Pendente
4426,465,Cartão,99.9,Pago
4427,4252,Cartão,150.0,Pago
4428,3382,PIX,150.0,Estornado
4429,1066,Cartão,150.0,Pago
4430,4828,Cartão,150.0,Pago
4431,46,PIX,99.9,Pendente
4432,3487,Cartão,250.0,Estornado
4433,165,Cartão,250.0,Estornado
4434,3302,Boleto,150.0,Pendente
4435,2894,PIX,250.0,Pendente
4436,3207,PIX,250.0,Pendente
4437,3368,PIX,250.0,Pendente
4438,2693,Cartão,150.0,Pago
4439,40,Cartão,250.0,Pendente
4440,4694,Boleto,150.0,Pendente
4441,1980,Boleto,250.0,Pago
4442,971,Cartão,250.0,Pendente
4443,1279,PIX,250.0,Estornado
4444,1701,PIX,150.0,Pendente
4445,1551,Boleto,99.9,Pago
4446,600,Cartão,150.0,Pago
4447,3590,Cartão,150.0,Pago
4448,1226,PIX,150.0,Pago
4449,1145,Boleto,250.0,Estornado
4450,299,Boleto,99.9,Estornado
4451,1038,Boleto,99.9,Pendente
4452,2292,PIX,99.9,Estornado
4453,2924,Cartão,150.0,Estornado
4454,13,Boleto,150.0,Pago
4455,2463,Cartão,99.9,Pendente
4456,1883,PIX,250.0,Pendente
4457,4127,PIX,150.0,Pendente
4458,3104,PIX,150.0,Estornado
4459,2955,Cartão,99.9,Estornado
4460,4297,PIX,99.9,Pago
4461,2963,PIX,250.0,Pendente
4462,2413,Boleto,150.0,Estornado
4463,4938,Boleto,250.0,Pago
4464,3077,Cartão,99.9,Pendente
4465,2116,Cartão,250.0,Pago
4466,255,PIX,250.0,Pendente
4467,3070,Boleto,150.0,Estornado
4468,1805,Cartão,150.0,Pendente
4469,3348,Cartão,99.9,Estornado
4470,4903,Cartão,150.0,Pago
4471,4729,Cartão,99.9,Pendente
4472,1151,PIX,150.0,Estornado
4473,1361,PIX,250.0,Pago
4474,2291,Cartão,99.9,Estornado
4475,3960,PIX,99.9,Pendente
4476,3739,Cartão,250.0,Pago
4477,245,Boleto,99.9,Pendente
4478,3151,Boleto,250.0,Pendente
4479,924,PIX,99.9,Estornado
4480,2478,Cartão,150.0,Pendente
4481,2743,Boleto,150.0,Pendente
4482,725,Cartão,150.0,Pendente
4483,2183,Cartão,250.0,Estornado
4484,1963,PIX,150.0,Pendente
4485,3515,Cartão,150.0,Pago
4486,2409,Cartão,99.9,Estornado
4487,2151,PIX,250.0,Pago
4488,1631,PIX,150.0,Pendente
4489,2568,Boleto,99.9,Estornado
4490,659,PIX,99.9,Pago
4491,3025,Boleto,150.0,Pendente
4492,67,Boleto,150.0,Pendente
4493,75,Boleto,150.0,Pendente
4494,504,PIX,150.0,Pago
4495,4183,PIX,250.0,Pago
4496,3333,PIX,150.0,Pago
4497,4528,Cartão,250.0,Pago
4498,1599,PIX,99.9,Pago
4499,2280,PIX,99.9,Estornado
4500,2709,Boleto,99.9,Pendente
4501,459,Boleto,250.0,Estornado
4502,93,PIX,150.0,Pago
4503,2283,PIX,99.9,Pago
4504,1102,Boleto,150.0,Pendente
4505,831,PIX,250.0,Pendente
4506,4090,Boleto,150.0,Pago
4507,1746,Boleto,99.9,Estornado
4508,458,PIX,150.0,Pago
4509,4228,Cartão,250.0,Estornado
4510,1419,Cartão,150.0,Pago
4511,1847,PIX,99.9,Estornado
4512,2876,PIX,150.0,Estornado
4513,791,Boleto,150.0,Estornado
4514,1729,PIX,250.0,Estornado
4515,3282,PIX,150.0,Pendente
4516,1441,Boleto,150.0,Estornado
4517,2438,PIX,99.9,Estornado
4518,1147,PIX,250.0,Estornado
4519,2282,Boleto,150.0,Pendente
4520,636,PIX,99.9,Pendente
4521,2250,Boleto,150.0,Pendente
4522,1729,Cartão,150.0,Estornado
4523,1662,Boleto,99.9,Pendente
4524,2673,PIX,99.9,Pago
4525,215,Boleto,150.0,Estornado
4526,488,Boleto,250.0,Pendente
4527,823,Boleto,99.9,Estornado
4528,3526,Boleto,99.9,Pendente
4529,4803,PIX,250.0,Estornado
4530,4280,Cartão,150.0,Estornado
4531,530,Boleto,99.9,Pago
4532,1327,PIX,250.0,Pago
4533,4275,Boleto,150.0,Pendente
4534,2734,Cartão,150.0,Pendente
4535,110,Cartão,250.0,Estornado
4536,936,Boleto,250.0,Pendente
4537,1328,Boleto,250.0,Pago
4538,1763,Boleto,99.9,Pendente
4539,1039,PIX,250.0,Estornado
4540,3602,Boleto,99.9,Pago
4541,1567,Cartão,99.9,Estornado
4542,4310,Boleto,150.0,Estornado
4543,1890,PIX,99.9,Estornado
4544,2978,Cartão,250.0,Pago
4545,4830,Boleto,250.0,Pendente
4546,2905,PIX,99.9,Pendente
4547,3980,PIX,250.0,Estornado
4548,1241,PIX,150.0,Pendente
4549,4853,PIX,250.0,Estornado
4550,1450,Cartão,99.9,Estornado
4551,425,Cartão,150.0,Pendente
4552,483,Cartão,99.9,Pago
4553,1795,Cartão,99.9,Estornado
4554,4579,Cartão,250.0,Pendente
4555,3411,Boleto,250.0,Pendente
4556,1359,Cartão,250.0,Pago
4557,4998,Cartão,250.0,Pendente
4558,1743,Boleto,250.0,Pendente
4559,4605,Cartão,150.0,Pago
4560,1591,Cartão,250.0,Pendente
4561,891,Boleto,250.0,Pendente
4562,3327,PIX,150.0,Pago
4563,3208,PIX,250.0,Estornado
4564,1112,Boleto,150.0,Pago
4565,2530,Cartão,99.9,Estornado
4566,4302,Cartão,150.0,Estornado
4567,4232,Boleto,150.0,Pago
4568,1514,Cartão,150.0,Estornado
4569,2601,PIX,250.0,Pago
4570,1894,Cartão,99.9,Pago
4571,3102,Cartão,99.9,Estornado
4572,1389,PIX,150.0,Pago
4573,1150,Boleto,150.0,Pendente
4574,3529,Boleto,250.0,Estornado
4575,1983,Cartão,150.0,Pago
4576,4888,Boleto,250.0,Pendente
4577,2759,Cartão,150.0,Pendente
4578,3701,PIX,99.9,Estornado
4579,2035,Boleto,150.0,Pendente
4580,3411,PIX,99.9,Pago
4581,4109,PIX,250.0,Estornado
4582,804,Boleto,99.9,Pendente
4583,131,PIX,99.9,Pendente
4584,4908,PIX,150.0,Estornado
4585,122,Cartão,99.9,Pago
4586,1602,PIX,250.0,Pendente
4587,186,Boleto,250.0,Estornado
4588,3111,PIX,99.9,Pago
4589,1596,Cartão,99.9,Estornado
4590,1839,Cartão,250.0,Estornado
4591,860,Cartão,250.0,Pendente
4592,4107,Cartão,250.0,Pago
4593,147,Cartão,250.0,Pago
4594,1729,Cartão,99.9,Pendente
4595,640,Boleto,99.9,Estornado
4596,1745,Cartão,250.0,Pendente
4597,3954,Boleto,150.0,Pendente
4598,3106,PIX,250.0,Estornado
4599,1559,Boleto,99.9,Estornado
4600,1116,Cartão,150.0,Estornado
4601,3802,PIX,250.0,Pendente
4602,4887,Boleto,250.0,Estornado
4603,86,PIX,99.9,Pago
4604,894,Cartão,150.0,Pendente
4605,1971,PIX,99.9,Estornado
4606,3790,PIX,150.0,Pendente
4607,1271,Boleto,99.9,Pendente
4608,4502,PIX,250.0,Pago
4609,652,Boleto,250.0,Pendente
4610,3333,PIX,99.9,Pago
4611,2099,Boleto,250.0,Pendente
4612,2440,Cartão,99.9,Estornado
4613,2842,PIX,150.0,Pago
4614,3452,Cartão,99.9,Estornado
4615,3323,Cartão,150.0,Pago
4616,4719,Boleto,150.0,Estornado
4617,4074,Cartão,99.9,Pendente
4618,3946,Boleto,150.0,Pago
4619,2241,Cartão,150.0,Estornado
4620,1270,PIX,99.9,Pendente
4621,2750,Cartão,99.9,Estornado
4622,129,PIX,99.9,Pendente
4623,4710,Cartão,99.9,Estornado
4624,4396,Cartão,150.0,Pago
4625,164,Boleto,99.9,Estornado
4626,4416,Cartão,150.0,Pago
4627,1197,Cartão,150.0,Estornado
4628,57,Cartão,99.9,Pendente
4629,207,PIX,150.0,Estornado
4630,3569,PIX,250.0,Pago
4631,485,Boleto,250.0,Estornado
4632,2928,Cartão,99.9,Pendente
4633,3885,PIX,150.0,Estornado
4634,3486,Cartão,150.0,Pago
4635,2452,Cartão,150.0,Estornado
4636,2879,Cartão,150.0,Pendente
4637,2360,PIX,250.0,Pendente
4638,2722,PIX,150.0,Pendente
4639,1845,Cartão,150.0,Estornado
4640,2582,Cartão,150.0,Pendente
4641,949,PIX,99.9,Estornado
4642,302,PIX,99.9,Pendente
4643,1897,Boleto,150.0,Estornado
4644,793,PIX,99.9,Estornado
4645,1020,PIX,150.0,Estornado
4646,3836,Boleto,150.0,Estornado
4647,1498,PIX,150.0,Pendente
4648,2820,Boleto,99.9,Estornado
4649,513,Cartão,99.9,Estornado
4650,4765,Boleto,150.0,Pago
4651,1719,PIX,99.9,Estornado
4652,3659,Boleto,99.9,Pago
4653,2135,Boleto,150.0,Pago
4654,1862,Cartão,150.0,Estornado
4655,1984,PIX,99.9,Estornado
4656,1309,PIX,99.9,Pendente
4657,4478,PIX,99.9,Pendente
4658,1266,Boleto,250.0,Pendente
4659,4125,Boleto,150.0,Pendente
4660,1259,Cartão,250.0,Pendente
4661,1335,Boleto,250.0,Estornado
4662,2255,PIX,99.9,Pago
4663,3923,Boleto,150.0,Pendente
4664,1886,Boleto,99.9,Estornado
4665,67,Cartão,99.9,Estornado
4666,690,PIX,150.0,Estornado
4667,1620,PIX,250.0,Pago
4668,745,Cartão,250.0,Estornado
4669,966,Cartão,99.9,Estornado
4670,4133,Cartão,150.0,Pago
4671,1558,Boleto,250.0,Pago
4672,1925,Boleto,99.9,Pago
4673,4482,Cartão,150.0,Pendente
4674,2915,Boleto,250.0,Pendente
4675,420,Boleto,250.0,Estornado
4676,2100,Boleto,250.0,Estornado
4677,3574,PIX,150.0,Estornado
4678,1688,Boleto,250.0,Pendente
4679,4348,Cartão,250.0,Pago
4680,2316,PIX,99.9,Pendente
4681,2357,Boleto,150.0,Pendente
4682,2678,Boleto,99.9,Estornado
4683,39,Boleto,150.0,Pendente
4684,3258,Cartão,250.0,Estornado
4685,4046,Boleto,99.9,Pago
4686,2316,Boleto,99.9,Pendente
4687,350,Boleto,99.9,Pendente
4688,685,Cartão,99.9,Pendente
4689,2052,Cartão,150.0,Estornado
4690,1597,Boleto,250.0,Pago
4691,3306,Cartão,99.9,Pago
4692,4021,Cartão,99.9,Pago
4693,2519,Boleto,250.0,Pendente
4694,2674,PIX,150.0,Pago
4695,759,Boleto,150.0,Pendente
4696,2585,PIX,250.0,Pendente
4697,1138,Cartão,99.9,Pendente
4698,4748,PIX,99.9,Estornado
4699,2880,Boleto,150.0,Estornado
4700,707,Cartão,250.0,Estornado
4701,375,PIX,250.0,Estornado
4702,1767,PIX,99.9,Estornado
4703,1355,Cartão,150.0,Pendente
4704,2843,PIX,150.0,Estornado
4705,3267,PIX,99.9,Estornado
4706,2479,Boleto,250.0,Estornado
4707,3216,PIX,250.0,Estornado
4708,520,PIX,250.0,Pago
4709,1875,PIX,99.9,Estornado
4710,923,PIX,250.0,Pago
4711,4853,Boleto,150.0,Pendente
4712,4620,Cartão,250.0,Pago
4713,4935,Boleto,150.0,Pago
4714,2075,Cartão,99.9,Pago
4715,3758,PIX,150.0,Estornado
4716,535,Cartão,99.9,Pendente
4717,688,Boleto,99.9,Estornado
4718,2747,Cartão,250.0,Pendente
4719,4164,Boleto,99.9,Estornado
4720,3399,Boleto,250.0,Estornado
4721,3587,PIX,250.0,Pendente
4722,3957,Boleto,150.0,Pago
4723,3702,Cartão,150.0,Pago
4724,2480,Cartão,99.9,Estornado
4725,4708,Cartão,150.0,Pago
4726,2440,Cartão,99.9,Pendente
4727,2815,Cartão,150.0,Estornado
4728,1658,Boleto,250.0,Estornado
4729,3875,Boleto,150.0,Pago
4730,1672,PIX,250.0,Estornado
4731,1276,Cartão,150.0,Estornado
4732,2358,Boleto,150.0,Estornado
4733,2621,PIX,150.0,Estornado
4734,356,Cartão,250.0,Estornado
4735,4326,PIX,99.9,Estornado
4736,2675,Cartão,150.0,Pendente
4737,694,Cartão,150.0,Pendente
4738,1672,Boleto,150.0,Estornado
4739,4446,Boleto,150.0,Pendente
4740,3747,Boleto,250.0,Pago
4741,4911,Cartão,150.0,Pago
4742,444,PIX,250.0,Estornado
4743,3750,Boleto,99.9,Estornado
4744,4102,Cartão,250.0,Pendente
4745,4617,PIX,250.0,Pago
4746,4091,Cartão,150.0,Pendente
4747,493,Cartão,99.9,Estornado
4748,413,Cartão,99.9,Pendente
4749,2903,Cartão,250.0,Estornado
4750,2959,Cartão,250.0,Estornado
4751,434,Cartão,150.0,Pago
4752,3601,Boleto,250.0,Pago
4753,3512,Boleto,99.9,Estornado
4754,1735,Boleto,150.0,Pago
4755,464,PIX,250.0,Pago
4756,249,Cartão,150.0,Pago
4757,4308,PIX,99.9,Estornado
4758,4173,Boleto,99.9,Pendente
4759,1618,Cartão,250.0,Estornado
4760,4811,Boleto,250.0,Pendente
4761,4810,Boleto,99.9,Estornado
4762,2486,PIX,150.0,Estornado
4763,1122,PIX,150.0,Pendente
4764,2676,PIX,99.9,Estornado
4765,409,Cartão,150.0,Estornado
4766,3197,PIX,250.0,Estornado
4767,404,PIX,250.0,Estornado
4768,2498,Cartão,150.0,Pago
4769,3326,PIX,99.9,Estornado
4770,2424,Cartão,99.9,Estornado
4771,2866,Boleto,99.9,Estornado
4772,4913,Cartão,99.9,Estornado
4773,835,PIX,99.9,Pago
4774,4374,Cartão,150.0,Estornado
4775,3947,Cartão,250.0,Estornado
4776,2803,PIX,250.0,Estornado
4777,1542,Boleto,150.0,Pago
4778,4994,PIX,150.0,Pago
4779,2186,Cartão,250.0,Pago
4780,1637,PIX,250.0,Estornado
4781,809,Cartão,99.9,Pago
4782,2874,PIX,99.9,Estornado
4783,1927,PIX,250.0,Pendente
4784,3359,PIX,250.0,Pago
4785,2405,PIX,99.9,Pendente
4786,4210,PIX,150.0,Estornado
4787,4855,PIX,99.9,Pago
4788,1405,Boleto,250.0,Pendente
4789,2736,PIX,150.0,Estornado
4790,415,Boleto,150.0,Pago
4791,3000,Cartão,250.0,Pago
4792,2503,Boleto,99.9,Pago
4793,2778,Cartão,99.9,Pendente
4794,2313,PIX,250.0,Estornado
4795,963,Cartão,150.0,Pago
4796,4579,PIX,99.9,Pendente
4797,1935,PIX,150.0,Pago
4798,4264,Boleto,250.0,Pendente
4799,1493,PIX,250.0,Pago
4800,3028,Boleto,99.9,Pendente
4801,766,Boleto,150.0,Pago
4802,1609,Cartão,99.9,Pago
4803,695,PIX,250.0,Estornado
4804,2684,Boleto,250.0,Estornado
4805,1681,Cartão,150.0,Estornado
4806,4744,Boleto,150.0,Pago
4807,2432,PIX,99.9,Pendente
4808,2325,Boleto,150.0,Estornado
4809,1233,PIX,250.0,Pendente
4810,2047,Cartão,250.0,Pago
4811,3715,PIX,99.9,Pendente
4812,1120,Cartão,99.9,Pago
4813,3377,Cartão,150.0,Estornado
4814,3557,Boleto,150.0,Estornado
4815,3031,PIX,99.9,Pago
4816,3687,PIX,250.0,Pendente
4817,2777,Cartão,99.9,Pago
4818,2332,Cartão,150.0,Estornado
4819,4971,Cartão,150.0,Pendente
4820,295,Boleto,150.0,Pendente
4821,1964,PIX,99.9,Pago
4822,138,Cartão,150.0,Pendente
4823,3402,Cartão,150.0,Pendente
4824,3476,PIX,150.0,Pendente
4825,1518,PIX,99.9,Pendente
4826,13,PIX,99.9,Pago
4827,3409,Boleto,99.9,Pago
4828,3454,Boleto,99.9,Estornado
4829,2084,Boleto,99.9,Estornado
4830,2623,PIX,250.0,Pago
4831,3679,Boleto,99.9,Pago
4832,2486,Boleto,99.9,Pago
4833,2766,PIX,250.0,Estornado
4834,4697,PIX,150.0,Estornado
4835,1925,Boleto,250.0,Pendente
4836,1407,Boleto,150.0,Pago
4837,710,PIX,99.9,Pago
4838,3661,Boleto,99.9,Pendente
4839,3162,Boleto,99.9,Estornado
4840,459,Cartão,150.0,Estornado
4841,4318,PIX,250.0,Estornado
4842,712,PIX,150.0,Estornado
4843,1843,Boleto,150.0,Pago
4844,2137,Boleto,250.0,Pago
4845,2504,Boleto,150.0,Pago
4846,538,PIX,250.0,Pendente
4847,3381,Cartão,99.9,Pago
4848,2795,Boleto,99.9,Estornado
4849,2254,Boleto,250.0,Estornado
4850,3467,Cartão,150.0,Pendente
4851,1606,Boleto,250.0,Estornado
4852,717,Cartão,99.9,Pago
4853,1886,Boleto,150.0,Pago
4854,2631,Cartão,150.0,Estornado
4855,1619,Boleto,99.9,Pago
4856,439,Cartão,99.9,Pendente
4857,2812,Cartão,150.0,Pendente
4858,938,PIX,250.0,Pago
4859,2434,Cartão,150.0,Pago
4860,3514,Cartão,250.0,Estornado
4861,4479,Cartão,250.0,Estornado
4862,4158,Boleto,150.0,Estornado
4863,4795,PIX,99.9,Pago
4864,4081,Cartão,150.0,Pago
4865,4998,PIX,250.0,Estornado
4866,4110,PIX,250.0,Estornado
4867,4206,PIX,150.0,Estornado
4868,1053,Cartão,150.0,Pendente
4869,3533,PIX,250.0,Pendente
4870,2569,PIX,150.0,Estornado
4871,3302,Cartão,250.0,Pago
4872,3399,Cartão,99.9,Estornado
4873,1558,PIX,250.0,Pago
4874,2124,PIX,99.9,Estornado
4875,3739,Cartão,150.0,Pendente
4876,1918,Boleto,250.0,Estornado
4877,260,PIX,250.0,Pendente
4878,2954,Boleto,250.0,Estornado
4879,415,PIX,99.9,Pago
4880,577,Boleto,250.0,Pendente
4881,2842,PIX,150.0,Pendente
4882,4540,Cartão,150.0,Pago
4883,3232,Cartão,150.0,Estornado
4884,3913,PIX,250.0,Estornado
4885,4114,PIX,250.0,Pago
4886,4582,PIX,150.0,Estornado
4887,3730,PIX,99.9,Pendente
4888,3836,PIX,99.9,Estornado
4889,3037,PIX,99.9,Pendente
4890,3208,Cartão,99.9,Pendente
4891,2816,Cartão,250.0,Pendente
4892,2421,Cartão,250.0,Pago
4893,4886,Boleto,250.0,Pendente
4894,4706,Boleto,250.0,Pendente
4895,2077,Cartão,150.0,Estornado
4896,1548,Cartão,99.9,Pago
4897,3642,Cartão,150.0,Pendente
4898,2731,Boleto,99.9,Estornado
4899,2325,PIX,150.0,Estornado
4900,1059,Cartão,150.0,Pendente
4901,1613,Cartão,250.0,Estornado
4902,1768,PIX,250.0,Estornado
4903,1878,PIX,150.0,Pendente
4904,4256,Boleto,250.0,Pago
4905,4116,PIX,150.0,Pago
4906,1790,Cartão,250.0,Pendente
4907,3127,Cartão,99.9,Pendente
4908,3506,Cartão,150.0,Estornado
4909,3063,Boleto,150.0,Estornado
4910,1536,Boleto,250.0,Pendente
4911,4754,PIX,250.0,Estornado
4912,4814,PIX,99.9,Pago
4913,2120,Cartão,99.9,Estornado
4914,2795,Cartão,250.0,Pago
4915,2076,Boleto,150.0,Estornado
4916,3355,Cartão,150.0,Pago
4917,1300,Cartão,150.0,Pendente
4918,901,PIX,99.9,Pendente
4919,4471,Boleto,99.9,Pendente
4920,1783,Cartão,150.0,Pendente
4921,117,Boleto,99.9,Estornado
4922,3757,PIX,250.0,Pago
4923,2754,PIX,150.0,Pendente
4924,2997,Cartão,250.0,Estornado
4925,3298,Boleto,250.0,Pendente
4926,886,Cartão,250.0,Pago
4927,3377,PIX,99.9,Pendente
4928,2306,PIX,250.0,Estornado
4929,4876,Cartão,99.9,Pago
4930,3186,Boleto,99.9,Pago
4931,157,Cartão,250.0,Pendente
4932,3161,Boleto,99.9,Pago
4933,3858,Boleto,250.0,Pago
4934,1974,Cartão,150.0,Estornado
4935,2727,PIX,99.9,Pago
4936,2766,Boleto,99.9,Pago
4937,1539,Boleto,150.0,Pago
4938,2433,PIX,250.0,Estornado
4939,3302,Boleto,250.0,Pago
4940,4154,Boleto,150.0,Pendente
4941,2150,PIX,150.0,Estornado
4942,1919,Boleto,150.0,Pago
4943,4731,PIX,150.0,Pendente
4944,3496,Cartão,250.0,Pago
4945,4081,Cartão,99.9,Pago
4946,4107,Boleto,250.0,Pago
4947,811,Cartão,150.0,Estornado
4948,2915,PIX,99.9,Pago
4949,4857,Cartão,250.0,Pendente
4950,2735,PIX,150.0,Pago
4951,4538,Cartão,150.0,Estornado
4952,4431,PIX,250.0,Estornado
4953,1064,PIX,99.9,Pago
4954,4607,PIX,250.0,Pendente
4955,560,Boleto,150.0,Estornado
4956,1460,Boleto,250.0,Estornado
4957,361,Cartão,99.9,Estornado
4958,1793,PIX,99.9,Pendente
4959,4983,Cartão,150.0,Estornado
4960,2303,Boleto,150.0,Pendente
4961,535,Cartão,250.0,Pendente
4962,3135,PIX,250.0,Pago
4963,1511,PIX,99.9,Estornado
4964,4810,Boleto,250.0,Estornado
4965,2093,Cartão,99.9,Pendente
4966,224,Cartão,150.0,Pendente
4967,2200,PIX,250.0,Pago
4968,760,Boleto,150.0,Estornado
4969,4666,PIX,250.0,Estornado
4970,4620,Cartão,150.0,Pendente
4971,2222,Boleto,150.0,Pendente
4972,3621,Boleto,150.0,Pendente
4973,4586,Cartão,150.0,Pago
4974,104,PIX,250.0,Estornado
4975,3084,PIX,99.9,Pago
4976,1949,Cartão,250.0,Estornado
4977,1815,Cartão,99.9,Pago
4978,528,PIX,150.0,Pendente
4979,4674,Cartão,150.0,Estornado
4980,2488,Boleto,99.9,Pendente
4981,3872,Boleto,250.0,Pendente
4982,166,Boleto,250.0,Pendente
4983,2899,Cartão,250.0,Pendente
4984,1791,Boleto,99.9,Pago
4985,700,PIX,99.9,Pago
4986,2085,PIX,150.0,Pendente
4987,1223,Boleto,99.9,Estornado
4988,3966,Cartão,250.0,Estornado
4989,1285,Cartão,250.0,Pago
4990,2833,PIX,250.0,Pendente
4991,734,Boleto,99.9,Pendente
4992,4087,Cartão,250.0,Pago
4993,3305,PIX,250.0,Estornado
4994,1798,Cartão,99.9,Pago
4995,1987,Boleto,250.0,Estornado
4996,3518,Cartão,250.0,Estornado
4997,1263,Cartão,250.0,Pendente
4998,3343,PIX,150.0,Pendente
4999,777,Cartão,250.0,Pendente
5000,3527,Cartão,250.0,Estornado
