entrega_id,pedido_id,transportadora,data_envio,data_entrega,frete
1,4927,Correios,2025-01-28,2025-01-30,20
2,1972,Correios,2025-05-21,2025-05-24,-5
3,4581,LogX,2025-04-10,2025-04-09,35
4,540,Correios,2025-04-08,2025-04-12,-5
5,849,LogX,2025-04-23,2025-04-23,20
6,3038,LogX,2025-03-13,2025-03-17,35
7,2767,Correios,2025-06-18,2025-06-28,-5
8,2461,Correios,2025-04-18,2025-04-23,-5
9,1672,LogX,2025-05-09,2025-05-11,20
10,4457,Correios,2025-04-10,2025-04-20,-5
11,727,LogX,2025-03-23,2025-03-21,-5
12,502,Correios,2025-05-21,2025-05-29,35
13,4870,LogX,2025-02-14,2025-02-20,35
14,3224,LogX,2025-05-07,2025-05-16,20
15,487,LogX,2025-01-15,2025-01-16,35
16,4110,Correios,2025-04-07,2025-04-11,35
17,4863,LogX,2025-02-16,2025-02-24,20
18,2226,LogX,2025-05-05,2025-05-05,-5
19,3763,Correios,2025-02-02,2025-02-08,35
20,3717,LogX,2025-02-17,2025-02-25,20
21,1735,LogX,2025-03-27,2025-03-25,35
22,3982,LogX,2025-05-16,2025-05-25,35
23,1557,Correios,2025-01-26,2025-01-25,-5
24,3408,Correios,2025-02-15,2025-02-16,-5
25,198,Correios,2025-02-25,2025-03-06,35
26,794,Correios,2025-02-01,2025-02-08,20
27,1406,LogX,2025-06-26,2025-07-01,-5
28,2306,LogX,2025-05-17,2025-05-15,35
29,1760,LogX,2025-01-19,2025-01-19,35
30,3675,Correios,2025-05-31,2025-06-06,20
31,4549,LogX,2025-03-27,2025-04-05,-5
32,4801,Correios,2025-02-03,2025-02-03,35
33,4050,LogX,2025-03-31,2025-04-07,20
34,2443,LogX,2025-03-31,2025-04-02,-5
35,3501,LogX,2025-04-07,2025-04-13,20
36,3106,Correios,2025-03-04,2025-03-02,20
37,1140,Correios,2025-05-08,2025-05-07,-5
38,2728,Correios,2025-04-19,2025-04-19,35
39,632,Correios,2025-03-19,2025-03-29,35
40,3519,Correios,2025-05-29,2025-06-07,-5
41,3245,Correios,2025-06-22,2025-06-22,-5
42,153,LogX,2025-01-13,2025-01-11,-5
43,2358,LogX,2025-02-06,2025-02-11,-5
44,2603,LogX,2025-05-08,2025-05-07,20
45,197,Correios,2025-03-15,2025-03-17,20
46,4454,LogX,2025-04-27,2025-05-07,35
47,4932,Correios,2025-04-17,2025-04-16,20
48,3283,Correios,2025-06-16,2025-06-25,20
49,2209,Correios,2025-05-29,2025-06-07,20
50,4603,LogX,2025-02-02,2025-02-03,35
51,1538,Correios,2025-05-28,2025-06-01,20
52,2464,Correios,2025-04-06,2025-04-11,20
53,1529,LogX,2025-05-12,2025-05-17,20
54,3933,LogX,2025-06-25,2025-06-25,-5
55,1591,LogX,2025-04-07,2025-04-08,35
56,4708,LogX,2025-05-12,2025-05-19,20
57,4952,Correios,2025-04-02,2025-04-02,35
58,3505,Correios,2025-06-17,2025-06-24,-5
59,287,LogX,2025-01-25,2025-01-31,20
60,2210,Correios,2025-01-06,2025-01-11,35
61,4639,LogX,2025-04-30,2025-05-02,35
62,4791,Correios,2025-03-28,2025-03-26,-5
63,3218,Correios,2025-02-07,2025-02-15,20
64,4797,LogX,2025-02-13,2025-02-15,20
65,4022,Correios,2025-02-23,2025-03-01,35
66,3801,LogX,2025-06-09,2025-06-18,-5
67,1522,LogX,2025-02-01,2025-02-03,35
68,3318,Correios,2025-05-22,2025-05-21,-5
69,2416,Correios,2025-05-31,2025-06-01,-5
70,183,Correios,2025-06-16,2025-06-20,35
71,4933,LogX,2025-02-09,2025-02-07,35
72,438,Correios,2025-02-22,2025-03-02,-5
73,3190,Correios,2025-02-07,2025-02-12,-5
74,2325,Correios,2025-02-28,2025-03-01,-5
75,1981,LogX,2025-05-05,2025-05-04,20
76,4083,Correios,2025-04-06,2025-04-04,-5
77,2808,LogX,2025-06-22,2025-07-01,35
78,3651,Correios,2025-03-25,2025-03-26,20
79,2965,LogX,2025-01-29,2025-01-27,20
80,4687,LogX,2025-01-31,2025-02-10,-5
81,1898,Correios,2025-01-10,2025-01-10,35
82,593,Correios,2025-02-16,2025-02-20,20
83,2987,Correios,2025-01-24,2025-01-24,35
84,4077,LogX,2025-04-01,2025-04-09,-5
85,461,Correios,2025-01-07,2025-01-06,35
86,305,Correios,2025-04-14,2025-04-18,20
87,4324,LogX,2025-01-27,2025-02-05,-5
88,1886,LogX,2025-01-21,2025-01-23,20
89,4412,LogX,2025-02-05,2025-02-15,-5
90,3450,LogX,2025-02-26,2025-03-02,-5
91,627,Correios,2025-06-19,2025-06-23,35
92,1662,Correios,2025-02-19,2025-02-17,35
93,1684,LogX,2025-02-04,2025-02-13,35
94,2682,Correios,2025-01-13,2025-01-21,-5
95,1877,LogX,2025-04-23,2025-04-22,20
96,442,LogX,2025-01-18,2025-01-26,35
97,4632,Correios,2025-06-23,2025-07-01,35
98,1289,LogX,2025-01-12,2025-01-13,35
99,898,LogX,2025-01-08,2025-01-06,-5
100,285,Correios,2025-02-23,2025-02-27,20
101,2247,Correios,2025-02-11,2025-02-20,-5
102,2144,LogX,2025-06-26,2025-07-06,-5
103,3435,Correios,2025-03-08,2025-03-13,-5
104,3557,LogX,2025-05-25,2025-05-26,35
105,1045,LogX,2025-06-29,2025-07-04,35
106,2624,Correios,2025-01-21,2025-01-28,20
107,4903,LogX,2025-05-11,2025-05-18,-5
108,167,Correios,2025-05-11,2025-05-15,20
109,4012,Correios,2025-04-23,2025-04-27,-5
110,496,LogX,2025-06-01,2025-06-10,-5
111,72,LogX,2025-02-11,2025-02-17,20
112,532,Correios,2025-02-08,2025-02-06,-5
113,1010,Correios,2025-04-08,2025-04-14,35
114,4416,Correios,2025-01-18,2025-01-23,-5
115,511,LogX,2025-06-23,2025-06-21,-5
116,1047,LogX,2025-05-12,2025-05-18,-5
117,4634,LogX,2025-06-11,2025-06-13,-5
118,3064,LogX,2025-06-19,2025-06-29,35
119,442,LogX,2025-02-02,2025-02-10,35
120,1402,LogX,2025-03-27,2025-04-04,-5
121,2399,Correios,2025-05-17,2025-05-25,35
122,241,Correios,2025-02-01,2025-02-09,35
123,4092,Correios,2025-04-18,2025-04-21,35
124,4962,LogX,2025-03-18,2025-03-20,-5
125,2647,LogX,2025-05-09,2025-05-07,20
126,1579,LogX,2025-06-01,2025-06-07,-5
127,1542,LogX,2025-02-27,2025-03-06,35
128,925,Correios,2025-05-03,2025-05-01,-5
129,3519,Correios,2025-01-20,2025-01-29,-5
130,3746,Correios,2025-01-12,2025-01-14,20
131,690,LogX,2025-05-26,2025-05-24,35
132,2771,LogX,2025-01-24,2025-02-01,20
133,296,Correios,2025-01-15,2025-01-25,-5
134,1188,LogX,2025-06-25,2025-06-29,35
135,1458,Correios,2025-06-16,2025-06-20,20
136,3836,Correios,2025-01-13,2025-01-19,-5
137,4967,LogX,2025-03-11,2025-03-21,20
138,4057,Correios,2025-02-05,2025-02-14,20
139,49,LogX,2025-05-02,2025-05-01,20
140,2713,Correios,2025-02-02,2025-02-08,-5
141,3705,LogX,2025-05-28,2025-05-27,20
142,3259,LogX,2025-01-26,2025-01-28,-5
143,1780,LogX,2025-01-26,2025-02-02,35
144,4681,Correios,2025-03-10,2025-03-13,-5
145,3410,LogX,2025-04-11,2025-04-17,35
146,4366,LogX,2025-02-05,2025-02-03,35
147,4266,Correios,2025-04-10,2025-04-15,-5
148,4376,LogX,2025-02-08,2025-02-14,35
149,2685,LogX,2025-04-06,2025-04-06,20
150,3603,Correios,2025-03-13,2025-03-14,-5
151,3887,LogX,2025-05-27,2025-06-06,35
152,1054,LogX,2025-05-31,2025-06-08,-5
153,4177,LogX,2025-01-16,2025-01-22,20
154,3797,Correios,2025-02-19,2025-02-19,20
155,1434,LogX,2025-02-08,2025-02-12,35
156,2535,LogX,2025-04-29,2025-05-08,-5
157,2965,LogX,2025-04-18,2025-04-26,-5
158,1852,LogX,2025-06-16,2025-06-20,35
159,4940,LogX,2025-05-11,2025-05-11,35
160,1613,LogX,2025-05-05,2025-05-12,35
161,1192,LogX,2025-01-02,2025-01-12,20
162,1241,Correios,2025-06-30,2025-07-02,-5
163,1519,LogX,2025-02-26,2025-03-08,35
164,4482,Correios,2025-03-06,2025-03-05,35
165,3045,LogX,2025-04-16,2025-04-23,20
166,2797,LogX,2025-06-13,2025-06-15,-5
167,2461,Correios,2025-02-10,2025-02-18,-5
168,3704,Correios,2025-04-23,2025-04-30,-5
169,1692,Correios,2025-05-10,2025-05-11,20
170,1672,Correios,2025-05-16,2025-05-17,-5
171,204,LogX,2025-05-01,2025-05-09,20
172,641,LogX,2025-03-07,2025-03-07,20
173,3564,Correios,2025-05-31,2025-06-03,35
174,1180,LogX,2025-03-28,2025-03-29,-5
175,2926,Correios,2025-04-11,2025-04-15,20
176,2971,LogX,2025-06-25,2025-06-25,20
177,1558,LogX,2025-01-13,2025-01-12,20
178,1483,LogX,2025-05-07,2025-05-15,20
179,2823,LogX,2025-03-28,2025-03-31,20
180,4840,Correios,2025-02-09,2025-02-09,35
181,2305,Correios,2025-04-20,2025-04-26,20
182,4065,Correios,2025-04-10,2025-04-13,20
183,4858,Correios,2025-01-14,2025-01-18,35
184,4214,LogX,2025-01-15,2025-01-20,20
185,683,LogX,2025-05-08,2025-05-14,20
186,2244,Correios,2025-05-11,2025-05-12,-5
187,3816,LogX,2025-04-08,2025-04-10,-5
188,2054,Correios,2025-02-22,2025-02-21,35
189,2534,LogX,2025-02-19,2025-02-28,20
190,802,LogX,2025-02-25,2025-02-25,-5
191,2912,LogX,2025-03-12,2025-03-12,20
192,135,LogX,2025-02-08,2025-02-07,20
193,1476,LogX,2025-04-23,2025-04-21,35
194,4300,Correios,2025-02-17,2025-02-24,20
195,2067,LogX,2025-01-07,2025-01-07,-5
196,2374,LogX,2025-04-12,2025-04-17,20
197,864,Correios,2025-03-22,2025-03-29,20
198,3068,Correios,2025-05-19,2025-05-28,-5
199,3390,LogX,2025-05-26,2025-06-01,35
200,3805,Correios,2025-02-20,2025-03-01,-5
201,821,LogX,2025-04-15,2025-04-22,20
202,757,LogX,2025-05-19,2025-05-24,-5
203,3457,LogX,2025-05-09,2025-05-13,-5
204,1485,LogX,2025-04-12,2025-04-13,35
205,1212,Correios,2025-05-16,2025-05-17,-5
206,3785,Correios,2025-06-16,2025-06-20,20
207,3716,Correios,2025-02-12,2025-02-19,-5
208,1034,Correios,2025-05-07,2025-05-06,-5
209,330,LogX,2025-05-01,2025-05-03,35
210,1273,Correios,2025-02-13,2025-02-18,20
211,2308,Correios,2025-05-24,2025-05-31,-5
212,1943,Correios,2025-05-01,2025-05-11,35
213,4993,LogX,2025-04-03,2025-04-11,35
214,1495,Correios,2025-03-13,2025-03-18,20
215,4648,Correios,2025-05-02,2025-05-05,35
216,75,Correios,2025-04-06,2025-04-07,20
217,1491,Correios,2025-06-30,2025-07-03,-5
218,4028,Correios,2025-04-14,2025-04-17,-5
219,2855,LogX,2025-05-22,2025-05-28,20
220,1,LogX,2025-04-06,2025-04-12,20
221,603,LogX,2025-02-22,2025-02-23,20
222,794,Correios,2025-03-31,2025-04-10,-5
223,2580,LogX,2025-04-14,2025-04-20,-5
224,4569,Correios,2025-05-08,2025-05-15,20
225,600,Correios,2025-01-17,2025-01-25,20
226,2962,LogX,2025-02-19,2025-02-21,-5
227,81,Correios,2025-04-18,2025-04-16,-5
228,1917,Correios,2025-03-23,2025-03-31,-5
229,3312,LogX,2025-01-25,2025-01-29,-5
230,2935,Correios,2025-03-28,2025-03-31,35
231,1398,Correios,2025-04-09,2025-04-08,35
232,4632,LogX,2025-05-02,2025-05-10,20
233,41,Correios,2025-06-02,2025-06-10,-5
234,1960,LogX,2025-03-30,2025-03-29,20
235,1943,LogX,2025-04-16,2025-04-14,-5
236,432,LogX,2025-04-05,2025-04-07,35
237,367,Correios,2025-04-16,2025-04-19,-5
238,3890,Correios,2025-04-06,2025-04-14,-5
239,2823,LogX,2025-02-11,2025-02-10,35
240,3322,LogX,2025-04-22,2025-04-27,35
241,1198,Correios,2025-05-24,2025-05-27,-5
242,4377,Correios,2025-06-29,2025-07-01,35
243,1707,Correios,2025-05-30,2025-05-30,35
244,3308,LogX,2025-05-26,2025-05-29,20
245,3858,LogX,2025-05-06,2025-05-13,20
246,4524,LogX,2025-01-09,2025-01-13,35
247,1371,Correios,2025-01-25,2025-01-25,-5
248,321,Correios,2025-03-23,2025-03-31,35
249,2730,LogX,2025-06-26,2025-06-28,35
250,999,LogX,2025-04-04,2025-04-03,-5
251,258,LogX,2025-02-21,2025-02-22,-5
252,1510,LogX,2025-04-13,2025-04-17,-5
253,3790,LogX,2025-01-04,2025-01-05,-5
254,24,LogX,2025-01-08,2025-01-09,-5
255,2341,LogX,2025-01-12,2025-01-21,20
256,3968,Correios,2025-03-03,2025-03-02,20
257,3929,Correios,2025-04-21,2025-04-30,-5
258,1222,Correios,2025-04-04,2025-04-02,-5
259,3011,Correios,2025-03-02,2025-03-07,35
260,596,LogX,2025-05-27,2025-06-06,-5
261,4430,LogX,2025-04-17,2025-04-19,35
262,3188,Correios,2025-06-29,2025-07-01,-5
263,1169,Correios,2025-01-30,2025-02-01,-5
264,2420,Correios,2025-03-19,2025-03-18,35
265,2849,LogX,2025-03-26,2025-03-28,35
266,36,LogX,2025-06-30,2025-07-03,-5
267,3821,Correios,2025-03-28,2025-04-03,-5
268,3039,LogX,2025-05-07,2025-05-16,35
269,1965,LogX,2025-04-04,2025-04-11,-5
270,2935,Correios,2025-05-05,2025-05-04,35
271,3405,Correios,2025-03-19,2025-03-22,-5
272,3447,Correios,2025-06-28,2025-06-26,-5
273,1701,Correios,2025-03-16,2025-03-24,35
274,4368,Correios,2025-05-10,2025-05-18,35
275,2106,Correios,2025-06-13,2025-06-12,20
276,3636,LogX,2025-05-24,2025-05-25,20
277,2299,Correios,2025-04-17,2025-04-16,-5
278,3162,LogX,2025-01-30,2025-02-09,35
279,2246,Correios,2025-05-24,2025-05-22,-5
280,2616,Correios,2025-03-11,2025-03-15,35
281,525,Correios,2025-06-01,2025-06-02,20
282,3890,LogX,2025-01-08,2025-01-16,20
283,1851,Correios,2025-04-23,2025-04-21,35
284,4947,LogX,2025-03-09,2025-03-18,-5
285,3984,LogX,2025-01-22,2025-01-29,35
286,443,Correios,2025-04-22,2025-04-25,20
287,2021,Correios,2025-06-18,2025-06-28,-5
288,1026,LogX,2025-01-05,2025-01-07,-5
289,816,Correios,2025-05-28,2025-06-07,20
290,4755,Correios,2025-02-26,2025-03-04,-5
291,4256,Correios,2025-06-24,2025-06-29,-5
292,4319,LogX,2025-01-27,2025-02-04,35
293,4145,Correios,2025-01-30,2025-01-28,35
294,22,LogX,2025-01-16,2025-01-17,35
295,1367,LogX,2025-03-22,2025-03-31,-5
296,3958,Correios,2025-06-20,2025-06-29,20
297,2286,Correios,2025-05-29,2025-06-02,35
298,4193,Correios,2025-01-14,2025-01-21,35
299,2533,LogX,2025-06-13,2025-06-19,20
300,631,LogX,2025-06-10,2025-06-13,35
301,2323,LogX,2025-02-15,2025-02-16,20
302,2111,LogX,2025-03-25,2025-04-03,35
303,195,LogX,2025-04-04,2025-04-05,20
304,2153,LogX,2025-05-30,2025-06-06,-5
305,3542,LogX,2025-02-14,2025-02-22,20
306,760,Correios,2025-06-03,2025-06-04,20
307,268,LogX,2025-06-22,2025-06-21,-5
308,4593,LogX,2025-02-20,2025-02-23,35
309,4572,LogX,2025-04-10,2025-04-17,-5
310,3729,Correios,2025-02-28,2025-03-07,20
311,207,LogX,2025-03-17,2025-03-24,35
312,4947,LogX,2025-03-19,2025-03-23,35
313,4331,LogX,2025-04-23,2025-04-28,35
314,2521,LogX,2025-01-12,2025-01-17,-5
315,1993,LogX,2025-05-07,2025-05-16,35
316,1496,Correios,2025-03-17,2025-03-15,-5
317,3741,LogX,2025-05-15,2025-05-15,35
318,4248,Correios,2025-06-17,2025-06-26,20
319,1872,LogX,2025-01-12,2025-01-18,20
320,2210,LogX,2025-04-26,2025-04-27,-5
321,2415,LogX,2025-03-11,2025-03-11,35
322,2293,Correios,2025-06-07,2025-06-14,-5
323,3525,LogX,2025-04-27,2025-04-29,35
324,2927,LogX,2025-05-18,2025-05-28,20
325,3227,LogX,2025-05-06,2025-05-05,35
326,220,LogX,2025-06-16,2025-06-18,-5
327,1256,LogX,2025-05-15,2025-05-13,-5
328,1337,Correios,2025-01-25,2025-02-03,20
329,3390,Correios,2025-03-28,2025-03-31,20
330,1808,Correios,2025-05-11,2025-05-15,35
331,1047,Correios,2025-03-28,2025-03-31,20
332,1590,LogX,2025-02-17,2025-02-18,-5
333,2606,LogX,2025-02-19,2025-02-18,20
334,4231,LogX,2025-02-26,2025-02-26,35
335,2575,Correios,2025-05-29,2025-05-29,35
336,1076,LogX,2025-02-13,2025-02-17,35
337,3946,Correios,2025-06-23,2025-07-03,20
338,522,Correios,2025-01-14,2025-01-21,20
339,3373,Correios,2025-06-20,2025-06-28,-5
340,2528,LogX,2025-03-08,2025-03-11,20
341,1732,Correios,2025-04-14,2025-04-13,35
342,2926,Correios,2025-06-02,2025-06-10,20
343,1246,Correios,2025-01-04,2025-01-07,-5
344,4724,LogX,2025-05-14,2025-05-23,35
345,640,LogX,2025-04-08,2025-04-06,-5
346,4160,Correios,2025-02-11,2025-02-10,20
347,2845,Correios,2025-04-05,2025-04-03,35
348,4316,LogX,2025-01-07,2025-01-11,35
349,1479,LogX,2025-05-29,2025-06-02,35
350,118,LogX,2025-06-03,2025-06-03,-5
351,4928,Correios,2025-05-12,2025-05-11,-5
352,4557,Correios,2025-03-19,2025-03-20,35
353,2314,Correios,2025-04-16,2025-04-18,20
354,1336,LogX,2025-03-17,2025-03-22,35
355,3943,Correios,2025-03-25,2025-04-02,20
356,2681,Correios,2025-05-15,2025-05-13,20
357,3712,LogX,2025-04-21,2025-04-25,-5
358,1673,LogX,2025-05-03,2025-05-10,20
359,3532,LogX,2025-06-24,2025-07-04,35
360,617,Correios,2025-06-13,2025-06-12,-5
361,4665,Correios,2025-04-07,2025-04-15,20
362,2821,LogX,2025-05-05,2025-05-15,35
363,4029,LogX,2025-06-16,2025-06-21,35
364,4744,Correios,2025-05-26,2025-05-29,35
365,1649,Correios,2025-05-07,2025-05-14,20
366,1969,LogX,2025-06-13,2025-06-16,20
367,2400,Correios,2025-03-06,2025-03-11,-5
368,3081,Correios,2025-03-17,2025-03-15,35
369,163,Correios,2025-05-25,2025-05-30,35
370,4905,LogX,2025-05-26,2025-06-04,-5
371,3597,LogX,2025-05-29,2025-05-28,35
372,3694,LogX,2025-05-15,2025-05-18,20
373,549,Correios,2025-01-31,2025-02-01,20
374,50,LogX,2025-01-22,2025-01-25,-5
375,2922,LogX,2025-01-08,2025-01-07,35
376,2610,Correios,2025-04-15,2025-04-23,35
377,2406,Correios,2025-03-27,2025-03-26,20
378,3520,LogX,2025-06-11,2025-06-12,35
379,2352,LogX,2025-01-11,2025-01-13,20
380,166,LogX,2025-04-07,2025-04-14,35
381,1710,LogX,2025-06-01,2025-06-06,-5
382,3569,Correios,2025-04-20,2025-04-18,20
383,2587,Correios,2025-02-26,2025-03-05,-5
384,3702,LogX,2025-03-22,2025-03-21,-5
385,3252,LogX,2025-05-26,2025-05-31,20
386,2986,LogX,2025-03-18,2025-03-21,-5
387,3647,Correios,2025-04-17,2025-04-16,20
388,3928,Correios,2025-05-08,2025-05-06,35
389,175,LogX,2025-02-21,2025-02-27,-5
390,157,LogX,2025-02-25,2025-03-04,35
391,1971,Correios,2025-02-02,2025-02-05,-5
392,3819,Correios,2025-02-11,2025-02-21,35
393,3430,LogX,2025-03-30,2025-04-02,35
394,2480,Correios,2025-05-31,2025-06-09,35
395,2856,Correios,2025-02-22,2025-02-28,20
396,3955,LogX,2025-01-06,2025-01-07,35
397,285,Correios,2025-05-04,2025-05-06,20
398,2513,LogX,2025-01-12,2025-01-22,20
399,4937,LogX,2025-02-17,2025-02-26,-5
400,1721,LogX,2025-01-31,2025-01-29,35
401,2420,LogX,2025-03-21,2025-03-31,-5
402,341,LogX,2025-04-06,2025-04-14,20
403,4638,Correios,2025-01-17,2025-01-15,35
404,4679,Correios,2025-05-14,2025-05-16,-5
405,1489,LogX,2025-06-30,2025-07-06,35
406,3655,Correios,2025-01-28,2025-01-26,35
407,84,LogX,2025-01-11,2025-01-14,35
408,467,LogX,2025-06-05,2025-06-12,35
409,283,Correios,2025-04-15,2025-04-17,-5
410,3124,LogX,2025-06-13,2025-06-19,35
411,4206,Correios,2025-01-25,2025-01-27,20
412,3825,Correios,2025-05-09,2025-05-19,35
413,3566,LogX,2025-02-27,2025-02-28,-5
414,2086,Correios,2025-04-28,2025-05-08,20
415,4694,LogX,2025-01-19,2025-01-23,35
416,4796,Correios,2025-06-30,2025-06-30,20
417,1355,Correios,2025-03-14,2025-03-22,20
418,4334,LogX,2025-03-28,2025-04-04,35
419,2709,Correios,2025-01-24,2025-02-03,-5
420,1523,LogX,2025-02-03,2025-02-10,20
421,781,LogX,2025-04-24,2025-04-24,20
422,993,LogX,2025-01-10,2025-01-11,35
423,535,LogX,2025-06-29,2025-06-29,20
424,4277,Correios,2025-04-27,2025-05-06,20
425,2234,LogX,2025-05-17,2025-05-19,20
426,4519,LogX,2025-03-29,2025-04-08,20
427,652,LogX,2025-04-22,2025-04-24,35
428,3654,LogX,2025-03-12,2025-03-12,35
429,4240,LogX,2025-03-06,2025-03-12,-5
430,2487,Correios,2025-04-27,2025-05-05,-5
431,1553,Correios,2025-05-22,2025-05-30,-5
432,804,LogX,2025-04-25,2025-04-26,20
433,4328,LogX,2025-02-04,2025-02-03,20
434,95,LogX,2025-03-31,2025-03-30,-5
435,3741,Correios,2025-04-14,2025-04-12,20
436,4879,LogX,2025-05-03,2025-05-03,35
437,550,LogX,2025-06-11,2025-06-10,20
438,2156,Correios,2025-04-01,2025-04-02,20
439,2151,Correios,2025-04-28,2025-05-05,35
440,377,LogX,2025-03-04,2025-03-14,20
441,3963,LogX,2025-01-23,2025-01-27,20
442,86,LogX,2025-06-01,2025-06-06,-5
443,237,LogX,2025-04-22,2025-05-01,35
444,4913,LogX,2025-04-01,2025-04-03,-5
445,2559,LogX,2025-05-24,2025-05-31,20
446,4206,LogX,2025-06-09,2025-06-12,-5
447,3928,LogX,2025-06-28,2025-06-29,20
448,4211,Correios,2025-01-19,2025-01-29,-5
449,2740,Correios,2025-06-23,2025-06-29,-5
450,4600,Correios,2025-05-30,2025-06-01,35
451,2515,Correios,2025-02-07,2025-02-14,-5
452,3010,LogX,2025-03-31,2025-04-10,20
453,248,Correios,2025-06-06,2025-06-15,20
454,3293,Correios,2025-02-11,2025-02-09,35
455,1395,Correios,2025-04-23,2025-04-28,35
456,4790,LogX,2025-01-12,2025-01-12,35
457,4645,Correios,2025-05-14,2025-05-21,-5
458,2269,LogX,2025-06-06,2025-06-14,20
459,4701,LogX,2025-06-07,2025-06-07,20
460,4780,Correios,2025-02-14,2025-02-18,35
461,4960,Correios,2025-03-29,2025-04-03,35
462,300,LogX,2025-03-20,2025-03-27,35
463,4843,LogX,2025-03-27,2025-03-29,-5
464,21,LogX,2025-03-30,2025-04-08,20
465,3505,LogX,2025-01-04,2025-01-03,-5
466,2548,Correios,2025-04-05,2025-04-04,35
467,1822,LogX,2025-03-20,2025-03-24,35
468,812,Correios,2025-03-24,2025-03-25,-5
469,13,Correios,2025-05-16,2025-05-16,20
470,3675,LogX,2025-04-18,2025-04-16,20
471,2898,Correios,2025-05-19,2025-05-18,-5
472,4226,LogX,2025-05-07,2025-05-07,20
473,1599,Correios,2025-04-07,2025-04-09,35
474,1833,Correios,2025-01-29,2025-01-27,20
475,120,LogX,2025-06-08,2025-06-09,20
476,3075,LogX,2025-02-08,2025-02-13,-5
477,3956,LogX,2025-05-21,2025-05-26,20
478,638,Correios,2025-04-11,2025-04-19,20
479,1705,LogX,2025-05-31,2025-06-05,35
480,4928,LogX,2025-03-18,2025-03-25,20
481,303,LogX,2025-06-10,2025-06-17,20
482,545,Correios,2025-04-25,2025-04-26,20
483,3711,Correios,2025-01-21,2025-01-26,-5
484,157,Correios,2025-01-09,2025-01-12,20
485,447,Correios,2025-04-06,2025-04-06,35
486,4963,Correios,2025-06-24,2025-07-02,20
487,4283,Correios,2025-04-11,2025-04-15,-5
488,2743,Correios,2025-04-11,2025-04-10,-5
489,2843,Correios,2025-06-21,2025-06-20,35
490,1742,Correios,2025-05-15,2025-05-14,35
491,2099,Correios,2025-04-14,2025-04-19,-5
492,2851,LogX,2025-05-06,2025-05-09,20
493,4725,LogX,2025-05-27,2025-05-28,20
494,4609,LogX,2025-02-25,2025-03-04,-5
495,3188,Correios,2025-02-07,2025-02-08,-5
496,340,LogX,2025-02-12,2025-02-17,20
497,1165,Correios,2025-03-31,2025-04-04,-5
498,4081,LogX,2025-05-28,2025-06-07,-5
499,3130,Correios,2025-03-23,2025-03-22,35
500,723,LogX,2025-03-07,2025-03-05,35
501,4099,Correios,2025-05-28,2025-06-07,20
502,333,LogX,2025-05-10,2025-05-20,-5
503,1453,LogX,2025-06-12,2025-06-14,35
504,3394,Correios,2025-05-23,2025-05-24,-5
505,1295,Correios,2025-06-10,2025-06-16,35
506,441,LogX,2025-05-22,2025-05-24,35
507,1748,Correios,2025-02-01,2025-02-11,-5
508,4467,LogX,2025-06-27,2025-07-07,-5
509,2697,LogX,2025-06-05,2025-06-11,35
510,881,LogX,2025-02-26,2025-03-02,20
511,126,Correios,2025-04-06,2025-04-10,-5
512,2647,LogX,2025-05-23,2025-05-26,20
513,1996,Correios,2025-06-13,2025-06-16,35
514,3312,LogX,2025-06-12,2025-06-12,-5
515,4406,LogX,2025-05-15,2025-05-25,20
516,2784,LogX,2025-03-07,2025-03-12,35
517,4736,Correios,2025-04-21,2025-04-27,20
518,2328,LogX,2025-04-23,2025-04-22,35
519,3697,Correios,2025-04-09,2025-04-19,35
520,2047,LogX,2025-03-08,2025-03-12,35
521,3706,LogX,2025-02-17,2025-02-26,20
522,2647,LogX,2025-03-21,2025-03-31,20
523,3751,Correios,2025-05-12,2025-05-12,20
524,2473,Correios,2025-05-28,2025-06-03,-5
525,2845,Correios,2025-05-29,2025-05-30,20
526,2287,Correios,2025-01-13,2025-01-20,20
527,4307,LogX,2025-02-15,2025-02-15,-5
528,2648,LogX,2025-01-28,2025-01-31,35
529,745,LogX,2025-05-27,2025-05-27,35
530,3533,Correios,2025-01-16,2025-01-14,35
531,3392,Correios,2025-01-27,2025-02-03,20
532,2320,Correios,2025-04-02,2025-04-11,35
533,39,LogX,2025-01-07,2025-01-15,20
534,2954,LogX,2025-01-13,2025-01-22,20
535,730,Correios,2025-06-24,2025-06-25,20
536,1702,Correios,2025-04-05,2025-04-13,-5
537,2697,LogX,2025-03-07,2025-03-06,20
538,647,Correios,2025-05-22,2025-05-21,35
539,2471,LogX,2025-06-23,2025-06-28,20
540,197,LogX,2025-05-15,2025-05-25,-5
541,2162,LogX,2025-02-13,2025-02-23,-5
542,3079,LogX,2025-01-03,2025-01-06,20
543,971,Correios,2025-04-16,2025-04-15,20
544,600,LogX,2025-01-16,2025-01-25,20
545,3171,Correios,2025-01-15,2025-01-13,20
546,1933,Correios,2025-03-08,2025-03-13,35
547,1949,Correios,2025-04-28,2025-05-02,35
548,4794,LogX,2025-06-10,2025-06-13,20
549,1587,Correios,2025-01-07,2025-01-11,20
550,735,Correios,2025-06-14,2025-06-19,-5
551,1690,Correios,2025-04-28,2025-05-05,-5
552,4795,LogX,2025-04-21,2025-04-29,20
553,2931,LogX,2025-06-07,2025-06-07,35
554,4423,LogX,2025-02-21,2025-02-26,-5
555,2504,Correios,2025-05-07,2025-05-11,35
556,4566,Correios,2025-05-10,2025-05-17,-5
557,450,Correios,2025-04-11,2025-04-15,35
558,4439,Correios,2025-04-30,2025-05-09,20
559,4577,LogX,2025-06-30,2025-07-03,35
560,4270,LogX,2025-06-07,2025-06-07,20
561,2752,LogX,2025-01-07,2025-01-08,20
562,673,Correios,2025-02-04,2025-02-09,20
563,2362,Correios,2025-05-30,2025-05-31,20
564,1828,Correios,2025-06-22,2025-06-21,35
565,4005,Correios,2025-04-28,2025-05-05,35
566,1315,LogX,2025-05-07,2025-05-13,20
567,1296,LogX,2025-04-04,2025-04-03,20
568,1793,LogX,2025-01-17,2025-01-26,20
569,1093,LogX,2025-04-08,2025-04-12,35
570,3970,Correios,2025-05-28,2025-06-06,-5
571,2862,LogX,2025-06-06,2025-06-05,35
572,2882,LogX,2025-01-19,2025-01-23,35
573,2835,Correios,2025-01-30,2025-01-28,-5
574,2758,Correios,2025-02-01,2025-02-08,-5
575,790,LogX,2025-06-06,2025-06-04,35
576,3257,LogX,2025-04-11,2025-04-19,35
577,3184,LogX,2025-04-13,2025-04-11,20
578,656,Correios,2025-03-04,2025-03-10,-5
579,1372,Correios,2025-05-12,2025-05-13,-5
580,1124,LogX,2025-02-07,2025-02-10,35
581,4453,LogX,2025-04-12,2025-04-20,20
582,4731,LogX,2025-06-02,2025-06-05,35
583,848,LogX,2025-05-23,2025-06-01,35
584,3601,LogX,2025-03-30,2025-03-29,20
585,3782,LogX,2025-05-05,2025-05-07,35
586,4138,Correios,2025-05-13,2025-05-20,-5
587,4438,LogX,2025-03-01,2025-02-27,20
588,2828,Correios,2025-04-05,2025-04-06,35
589,1844,LogX,2025-04-12,2025-04-13,-5
590,3269,LogX,2025-05-06,2025-05-07,-5
591,2262,Correios,2025-01-14,2025-01-16,35
592,2133,LogX,2025-04-06,2025-04-15,-5
593,2522,LogX,2025-06-24,2025-07-01,35
594,1832,LogX,2025-04-06,2025-04-15,35
595,205,Correios,2025-05-13,2025-05-11,35
596,4873,Correios,2025-03-25,2025-03-23,35
597,1187,LogX,2025-03-05,2025-03-14,20
598,3733,Correios,2025-04-17,2025-04-17,35
599,3525,Correios,2025-06-20,2025-06-18,35
600,1291,LogX,2025-03-30,2025-04-01,-5
601,1077,Correios,2025-03-19,2025-03-21,20
602,2492,LogX,2025-04-06,2025-04-04,35
603,774,Correios,2025-02-10,2025-02-08,20
604,2161,Correios,2025-04-12,2025-04-17,20
605,1167,LogX,2025-02-28,2025-02-28,20
606,3817,LogX,2025-01-22,2025-01-24,-5
607,2691,LogX,2025-04-27,2025-04-26,35
608,3766,LogX,2025-06-02,2025-06-01,35
609,1328,LogX,2025-06-17,2025-06-17,-5
610,3229,Correios,2025-05-09,2025-05-17,35
611,1305,LogX,2025-01-28,2025-02-01,20
612,656,Correios,2025-03-25,2025-03-25,20
613,2394,LogX,2025-06-18,2025-06-25,20
614,406,Correios,2025-05-07,2025-05-12,-5
615,3646,LogX,2025-03-02,2025-02-28,20
616,4225,LogX,2025-05-28,2025-05-27,20
617,1684,LogX,2025-04-22,2025-05-02,35
618,1570,Correios,2025-05-16,2025-05-24,20
619,4249,LogX,2025-05-14,2025-05-17,20
620,4103,Correios,2025-05-08,2025-05-10,-5
621,4299,LogX,2025-02-14,2025-02-23,35
622,2732,LogX,2025-06-22,2025-06-26,35
623,1241,Correios,2025-06-12,2025-06-12,20
624,3041,LogX,2025-05-14,2025-05-19,35
625,3690,LogX,2025-03-31,2025-04-05,-5
626,1946,LogX,2025-05-20,2025-05-28,20
627,3582,Correios,2025-01-06,2025-01-08,-5
628,4253,Correios,2025-01-12,2025-01-10,20
629,3958,LogX,2025-02-28,2025-03-03,20
630,1809,LogX,2025-04-23,2025-04-21,20
631,4930,LogX,2025-05-23,2025-05-21,20
632,4650,Correios,2025-01-07,2025-01-14,35
633,4523,Correios,2025-02-08,2025-02-10,-5
634,3354,LogX,2025-02-02,2025-02-09,35
635,4137,LogX,2025-04-26,2025-04-28,35
636,1358,Correios,2025-01-02,2025-01-05,-5
637,4442,Correios,2025-05-10,2025-05-17,-5
638,605,Correios,2025-01-27,2025-02-02,35
639,4334,Correios,2025-02-18,2025-02-21,20
640,4879,LogX,2025-02-24,2025-02-23,20
641,1557,Correios,2025-01-06,2025-01-11,20
642,168,Correios,2025-01-25,2025-01-28,35
643,514,Correios,2025-03-03,2025-03-06,-5
644,3690,Correios,2025-06-07,2025-06-07,20
645,368,LogX,2025-04-26,2025-04-27,20
646,1572,LogX,2025-05-06,2025-05-15,-5
647,673,LogX,2025-01-19,2025-01-28,35
648,975,LogX,2025-06-16,2025-06-22,20
649,2080,Correios,2025-06-01,2025-06-03,35
650,4749,Correios,2025-01-09,2025-01-12,-5
651,4665,LogX,2025-03-24,2025-03-24,20
652,366,Correios,2025-03-11,2025-03-11,35
653,911,Correios,2025-06-28,2025-06-28,-5
654,3406,LogX,2025-04-02,2025-04-06,20
655,3075,LogX,2025-01-20,2025-01-27,20
656,1485,LogX,2025-02-05,2025-02-14,-5
657,836,LogX,2025-03-03,2025-03-03,-5
658,3838,LogX,2025-05-11,2025-05-09,35
659,1353,Correios,2025-03-18,2025-03-18,20
660,688,Correios,2025-01-20,2025-01-27,35
661,1156,LogX,2025-03-30,2025-04-06,-5
662,3072,Correios,2025-01-24,2025-02-03,-5
663,1089,LogX,2025-03-27,2025-04-01,35
664,1433,LogX,2025-06-17,2025-06-26,20
665,1111,LogX,2025-04-09,2025-04-11,35
666,3604,Correios,2025-05-18,2025-05-16,20
667,2402,Correios,2025-05-26,2025-06-04,-5
668,2419,Correios,2025-06-27,2025-06-27,20
669,3566,LogX,2025-04-02,2025-04-05,35
670,2383,Correios,2025-04-04,2025-04-13,35
671,342,LogX,2025-03-28,2025-03-30,35
672,982,LogX,2025-06-18,2025-06-28,35
673,1638,Correios,2025-05-08,2025-05-11,-5
674,1952,Correios,2025-03-08,2025-03-14,-5
675,2923,LogX,2025-01-03,2025-01-01,20
676,2452,LogX,2025-06-21,2025-06-26,20
677,2641,LogX,2025-02-11,2025-02-19,20
678,4317,Correios,2025-03-09,2025-03-15,20
679,2023,Correios,2025-06-19,2025-06-27,20
680,2617,LogX,2025-04-16,2025-04-24,20
681,4934,Correios,2025-05-30,2025-05-28,-5
682,2351,LogX,2025-05-20,2025-05-29,35
683,2683,Correios,2025-03-27,2025-03-28,35
684,3879,Correios,2025-01-20,2025-01-30,20
685,1353,Correios,2025-03-10,2025-03-11,35
686,2569,Correios,2025-02-18,2025-02-17,-5
687,4256,Correios,2025-06-13,2025-06-19,35
688,1994,LogX,2025-04-20,2025-04-18,20
689,1672,Correios,2025-04-16,2025-04-15,35
690,4059,LogX,2025-04-05,2025-04-05,-5
691,3542,LogX,2025-01-23,2025-01-26,20
692,4676,Correios,2025-05-23,2025-05-30,35
693,2238,LogX,2025-04-18,2025-04-28,35
694,1786,LogX,2025-05-26,2025-06-04,-5
695,3624,Correios,2025-02-05,2025-02-14,20
696,3159,LogX,2025-05-02,2025-05-12,20
697,3161,Correios,2025-03-24,2025-04-03,20
698,3727,Correios,2025-06-05,2025-06-04,20
699,4452,LogX,2025-05-17,2025-05-24,20
700,1490,Correios,2025-05-13,2025-05-19,-5
701,4927,LogX,2025-02-16,2025-02-25,35
702,1729,Correios,2025-04-12,2025-04-15,20
703,422,Correios,2025-05-01,2025-05-07,35
704,4909,LogX,2025-04-03,2025-04-06,35
705,2091,Correios,2025-04-24,2025-04-27,-5
706,855,LogX,2025-06-03,2025-06-04,20
707,4923,LogX,2025-06-12,2025-06-10,20
708,1977,Correios,2025-02-25,2025-03-03,35
709,421,Correios,2025-05-08,2025-05-13,20
710,3049,LogX,2025-01-08,2025-01-07,-5
711,3387,LogX,2025-04-27,2025-05-01,-5
712,3664,LogX,2025-03-05,2025-03-12,-5
713,329,LogX,2025-01-14,2025-01-20,-5
714,2429,Correios,2025-06-02,2025-06-02,-5
715,358,Correios,2025-05-10,2025-05-19,-5
716,2595,LogX,2025-05-13,2025-05-11,20
717,431,LogX,2025-03-28,2025-04-07,-5
718,449,Correios,2025-05-02,2025-05-08,-5
719,2023,Correios,2025-06-21,2025-06-20,35
720,656,LogX,2025-04-11,2025-04-12,20
721,605,LogX,2025-02-19,2025-02-20,20
722,4665,Correios,2025-01-23,2025-01-28,20
723,4663,LogX,2025-05-17,2025-05-16,35
724,1228,Correios,2025-01-18,2025-01-22,35
725,4969,Correios,2025-06-04,2025-06-13,20
726,4471,LogX,2025-04-13,2025-04-20,35
727,4857,Correios,2025-06-01,2025-05-30,35
728,3133,LogX,2025-02-16,2025-02-21,-5
729,1765,Correios,2025-06-06,2025-06-11,35
730,3282,Correios,2025-06-01,2025-06-07,-5
731,2991,Correios,2025-02-19,2025-02-24,-5
732,1857,LogX,2025-02-05,2025-02-03,35
733,96,Correios,2025-03-30,2025-03-31,35
734,3731,Correios,2025-04-13,2025-04-20,35
735,4594,LogX,2025-04-27,2025-05-01,20
736,3663,LogX,2025-04-23,2025-04-30,20
737,924,Correios,2025-01-06,2025-01-08,-5
738,3371,LogX,2025-06-30,2025-07-06,20
739,3372,Correios,2025-02-18,2025-02-24,35
740,3120,Correios,2025-05-13,2025-05-19,-5
741,1432,Correios,2025-01-12,2025-01-11,35
742,648,Correios,2025-01-07,2025-01-06,20
743,3911,Correios,2025-04-12,2025-04-14,35
744,4858,Correios,2025-06-03,2025-06-02,-5
745,2767,LogX,2025-05-29,2025-05-31,-5
746,700,LogX,2025-06-17,2025-06-25,-5
747,3578,Correios,2025-01-05,2025-01-14,-5
748,32,Correios,2025-01-17,2025-01-17,20
749,1961,Correios,2025-03-18,2025-03-28,20
750,3693,Correios,2025-02-05,2025-02-05,20
751,4497,LogX,2025-06-14,2025-06-15,35
752,3538,Correios,2025-02-12,2025-02-15,-5
753,875,LogX,2025-04-20,2025-04-28,35
754,1368,LogX,2025-05-14,2025-05-15,-5
755,4452,Correios,2025-01-19,2025-01-21,-5
756,4543,LogX,2025-01-31,2025-02-04,20
757,633,LogX,2025-01-04,2025-01-13,35
758,262,Correios,2025-05-15,2025-05-15,35
759,4696,Correios,2025-03-11,2025-03-19,20
760,3158,LogX,2025-04-19,2025-04-21,20
761,4909,Correios,2025-04-13,2025-04-20,20
762,1972,Correios,2025-02-24,2025-02-26,20
763,1560,Correios,2025-04-14,2025-04-19,-5
764,641,Correios,2025-01-24,2025-01-30,-5
765,1080,LogX,2025-02-26,2025-03-08,20
766,4056,Correios,2025-03-19,2025-03-19,20
767,635,Correios,2025-01-09,2025-01-18,35
768,104,Correios,2025-06-06,2025-06-16,20
769,3932,LogX,2025-01-04,2025-01-09,35
770,4711,Correios,2025-02-06,2025-02-15,-5
771,3715,LogX,2025-05-26,2025-05-29,-5
772,3924,Correios,2025-06-14,2025-06-12,35
773,2269,LogX,2025-05-18,2025-05-24,35
774,4502,LogX,2025-01-05,2025-01-08,35
775,2722,Correios,2025-03-18,2025-03-16,20
776,2484,Correios,2025-06-22,2025-06-20,-5
777,4419,Correios,2025-02-15,2025-02-23,35
778,2045,LogX,2025-05-13,2025-05-19,-5
779,147,LogX,2025-05-04,2025-05-08,35
780,757,Correios,2025-04-01,2025-04-04,35
781,348,Correios,2025-06-29,2025-07-09,35
782,3638,LogX,2025-05-22,2025-05-20,20
783,2267,Correios,2025-01-05,2025-01-14,20
784,3238,Correios,2025-06-04,2025-06-10,20
785,727,Correios,2025-03-01,2025-03-06,-5
786,3770,Correios,2025-05-14,2025-05-18,-5
787,5,Correios,2025-01-16,2025-01-25,35
788,2631,LogX,2025-06-27,2025-07-03,-5
789,103,LogX,2025-03-20,2025-03-21,35
790,4427,Correios,2025-05-24,2025-05-26,20
791,2064,LogX,2025-05-20,2025-05-24,35
792,4510,Correios,2025-06-28,2025-07-05,-5
793,2342,Correios,2025-04-28,2025-05-04,35
794,2582,LogX,2025-03-30,2025-04-08,-5
795,1790,LogX,2025-04-26,2025-04-25,-5
796,910,Correios,2025-05-16,2025-05-16,20
797,1788,Correios,2025-03-06,2025-03-15,35
798,1273,Correios,2025-06-20,2025-06-24,20
799,2373,LogX,2025-02-23,2025-02-27,-5
800,1950,LogX,2025-06-14,2025-06-13,20
801,1759,Correios,2025-02-19,2025-02-26,35
802,1475,LogX,2025-03-16,2025-03-19,35
803,3101,Correios,2025-04-04,2025-04-03,20
804,710,LogX,2025-06-24,2025-06-28,-5
805,191,Correios,2025-01-21,2025-01-20,20
806,4643,LogX,2025-03-03,2025-03-08,-5
807,20,Correios,2025-05-30,2025-05-28,-5
808,2426,LogX,2025-04-06,2025-04-09,35
809,1482,Correios,2025-02-13,2025-02-12,-5
810,4001,Correios,2025-03-02,2025-03-01,-5
811,938,LogX,2025-02-09,2025-02-08,35
812,2163,LogX,2025-05-31,2025-06-08,20
813,1031,LogX,2025-01-09,2025-01-09,35
814,1551,LogX,2025-01-11,2025-01-17,35
815,375,LogX,2025-04-28,2025-05-06,20
816,3612,LogX,2025-01-06,2025-01-10,20
817,1391,LogX,2025-04-12,2025-04-10,20
818,1590,LogX,2025-03-04,2025-03-03,-5
819,2030,LogX,2025-04-25,2025-05-04,35
820,3497,LogX,2025-02-25,2025-02-26,-5
821,4007,LogX,2025-06-14,2025-06-24,35
822,485,LogX,2025-04-01,2025-04-11,-5
823,3298,LogX,2025-05-23,2025-05-25,-5
824,473,LogX,2025-05-02,2025-05-10,35
825,4271,LogX,2025-01-23,2025-01-22,35
826,1184,Correios,2025-06-18,2025-06-17,-5
827,1688,Correios,2025-04-09,2025-04-14,20
828,4200,LogX,2025-01-10,2025-01-08,-5
829,930,LogX,2025-02-15,2025-02-23,-5
830,277,LogX,2025-06-21,2025-06-28,35
831,3857,LogX,2025-04-27,2025-05-05,20
832,3774,Correios,2025-06-26,2025-06-26,20
833,4808,LogX,2025-05-21,2025-05-20,-5
834,3645,Correios,2025-02-11,2025-02-19,20
835,3382,Correios,2025-05-01,2025-05-03,35
836,2097,Correios,2025-02-17,2025-02-18,35
837,3579,LogX,2025-05-13,2025-05-22,20
838,1918,Correios,2025-01-01,2025-01-09,-5
839,543,Correios,2025-04-20,2025-04-22,20
840,3970,LogX,2025-05-20,2025-05-18,20
841,2201,LogX,2025-01-12,2025-01-20,-5
842,289,Correios,2025-04-04,2025-04-08,35
843,4550,Correios,2025-05-15,2025-05-24,-5
844,777,Correios,2025-04-09,2025-04-08,-5
845,4230,LogX,2025-05-30,2025-06-04,-5
846,815,Correios,2025-03-08,2025-03-11,20
847,3391,Correios,2025-05-21,2025-05-29,-5
848,4106,Correios,2025-06-06,2025-06-07,-5
849,1347,LogX,2025-05-06,2025-05-14,20
850,1681,Correios,2025-06-20,2025-06-27,20
851,1590,Correios,2025-03-13,2025-03-23,20
852,3388,LogX,2025-02-21,2025-02-25,20
853,301,Correios,2025-02-16,2025-02-21,35
854,2454,Correios,2025-06-20,2025-06-22,-5
855,2973,Correios,2025-06-03,2025-06-04,20
856,466,Correios,2025-03-21,2025-03-19,35
857,1348,LogX,2025-01-11,2025-01-11,-5
858,552,LogX,2025-03-14,2025-03-12,-5
859,3622,LogX,2025-03-06,2025-03-16,-5
860,1488,LogX,2025-04-17,2025-04-18,-5
861,2122,LogX,2025-03-06,2025-03-15,-5
862,1183,Correios,2025-04-30,2025-05-08,-5
863,3527,LogX,2025-02-16,2025-02-16,35
864,56,LogX,2025-06-01,2025-06-05,20
865,4755,Correios,2025-04-14,2025-04-12,35
866,4844,Correios,2025-03-28,2025-03-26,20
867,617,Correios,2025-04-15,2025-04-15,-5
868,959,Correios,2025-06-20,2025-06-26,-5
869,2180,LogX,2025-03-08,2025-03-17,20
870,1708,LogX,2025-05-15,2025-05-16,-5
871,3941,LogX,2025-03-03,2025-03-11,-5
872,896,LogX,2025-06-28,2025-07-07,35
873,4717,LogX,2025-06-15,2025-06-24,20
874,3409,LogX,2025-01-13,2025-01-18,20
875,791,Correios,2025-01-12,2025-01-13,20
876,679,LogX,2025-01-23,2025-01-21,-5
877,1254,Correios,2025-05-19,2025-05-27,20
878,4500,LogX,2025-04-09,2025-04-13,-5
879,2363,LogX,2025-05-26,2025-06-02,-5
880,2085,LogX,2025-02-03,2025-02-05,35
881,2433,LogX,2025-03-07,2025-03-10,20
882,2239,Correios,2025-06-20,2025-06-24,20
883,737,LogX,2025-06-16,2025-06-14,-5
884,3181,LogX,2025-05-26,2025-05-30,-5
885,2309,LogX,2025-01-28,2025-02-02,20
886,3313,Correios,2025-01-22,2025-02-01,35
887,4300,Correios,2025-06-03,2025-06-07,-5
888,2169,Correios,2025-01-22,2025-01-25,20
889,2916,LogX,2025-01-03,2025-01-09,20
890,2134,Correios,2025-03-13,2025-03-20,20
891,254,LogX,2025-06-16,2025-06-24,35
892,2815,LogX,2025-04-30,2025-05-03,-5
893,3731,LogX,2025-06-15,2025-06-25,35
894,1147,Correios,2025-05-13,2025-05-17,20
895,3784,Correios,2025-03-06,2025-03-05,-5
896,2610,LogX,2025-04-01,2025-04-11,-5
897,110,Correios,2025-05-05,2025-05-05,35
898,3942,Correios,2025-01-08,2025-01-17,-5
899,511,LogX,2025-04-09,2025-04-17,35
900,583,LogX,2025-03-28,2025-04-06,-5
901,916,LogX,2025-06-30,2025-07-07,20
902,1198,Correios,2025-06-23,2025-06-27,20
903,3764,Correios,2025-02-03,2025-02-06,20
904,2381,LogX,2025-06-23,2025-07-03,35
905,35,Correios,2025-05-07,2025-05-11,20
906,2256,Correios,2025-06-22,2025-06-26,20
907,3196,Correios,2025-04-24,2025-05-02,20
908,4163,Correios,2025-01-07,2025-01-12,-5
909,3510,LogX,2025-03-15,2025-03-14,35
910,2402,LogX,2025-05-31,2025-05-31,20
911,3737,LogX,2025-02-06,2025-02-10,-5
912,4805,Correios,2025-01-09,2025-01-09,35
913,2023,Correios,2025-04-25,2025-04-23,-5
914,1420,LogX,2025-03-26,2025-04-02,20
915,4906,LogX,2025-02-25,2025-02-26,35
916,3070,LogX,2025-05-02,2025-05-05,-5
917,3248,LogX,2025-02-21,2025-02-27,-5
918,4866,LogX,2025-03-16,2025-03-26,-5
919,1989,Correios,2025-04-17,2025-04-24,20
920,3042,Correios,2025-03-28,2025-04-03,20
921,3237,Correios,2025-05-25,2025-05-27,35
922,4769,LogX,2025-01-14,2025-01-14,-5
923,3209,LogX,2025-01-11,2025-01-20,20
924,881,LogX,2025-01-24,2025-02-01,-5
925,4916,Correios,2025-01-21,2025-01-31,20
926,2414,Correios,2025-03-29,2025-04-03,20
927,2492,LogX,2025-03-03,2025-03-09,-5
928,458,LogX,2025-01-07,2025-01-10,20
929,3502,LogX,2025-01-06,2025-01-14,20
930,4325,Correios,2025-04-28,2025-04-27,-5
931,4859,LogX,2025-03-03,2025-03-11,35
932,4309,Correios,2025-01-15,2025-01-19,-5
933,313,Correios,2025-01-19,2025-01-18,35
934,4084,Correios,2025-01-16,2025-01-17,-5
935,4398,Correios,2025-04-15,2025-04-25,-5
936,580,Correios,2025-06-08,2025-06-17,-5
937,1266,LogX,2025-06-02,2025-06-12,-5
938,2513,Correios,2025-02-07,2025-02-13,35
939,4270,Correios,2025-04-02,2025-04-09,20
940,4171,LogX,2025-04-03,2025-04-06,20
941,1256,Correios,2025-06-08,2025-06-10,-5
942,3080,LogX,2025-01-05,2025-01-06,20
943,4084,LogX,2025-05-10,2025-05-15,20
944,772,LogX,2025-05-29,2025-05-27,-5
945,4619,LogX,2025-02-06,2025-02-04,35
946,1550,Correios,2025-06-22,2025-07-01,20
947,1576,Correios,2025-03-28,2025-04-04,35
948,1482,LogX,2025-03-30,2025-04-06,-5
949,4268,Correios,2025-04-01,2025-04-04,35
950,343,Correios,2025-06-30,2025-06-30,-5
951,3657,LogX,2025-04-27,2025-05-01,35
952,1329,Correios,2025-04-17,2025-04-17,35
953,203,Correios,2025-03-17,2025-03-18,-5
954,3141,Correios,2025-04-12,2025-04-18,-5
955,3372,LogX,2025-03-06,2025-03-11,-5
956,1105,LogX,2025-06-20,2025-06-28,35
957,1630,LogX,2025-02-03,2025-02-07,35
958,3419,LogX,2025-06-06,2025-06-04,-5
959,4338,LogX,2025-01-15,2025-01-15,-5
960,2239,Correios,2025-01-01,2025-01-03,20
961,718,LogX,2025-05-22,2025-05-24,20
962,4177,LogX,2025-02-01,2025-02-07,20
963,2767,LogX,2025-02-11,2025-02-11,35
964,3196,Correios,2025-06-30,2025-06-29,35
965,1436,Correios,2025-05-27,2025-05-27,35
966,1174,LogX,2025-01-01,2024-12-30,35
967,2984,Correios,2025-03-09,2025-03-13,-5
968,983,Correios,2025-04-15,2025-04-15,35
969,186,LogX,2025-02-11,2025-02-11,20
970,3984,Correios,2025-04-06,2025-04-15,-5
971,2550,Correios,2025-02-26,2025-03-05,35
972,2961,LogX,2025-04-24,2025-04-22,-5
973,4715,LogX,2025-05-18,2025-05-20,-5
974,1034,Correios,2025-02-24,2025-03-01,35
975,3116,Correios,2025-04-22,2025-04-27,20
976,4794,LogX,2025-05-07,2025-05-09,-5
977,319,LogX,2025-05-07,2025-05-05,20
978,1692,LogX,2025-04-18,2025-04-26,20
979,2704,Correios,2025-01-27,2025-01-25,20
980,1672,Correios,2025-03-23,2025-03-23,20
981,514,Correios,2025-01-05,2025-01-09,35
982,4539,Correios,2025-05-30,2025-06-08,-5
983,4310,Correios,2025-03-19,2025-03-22,35
984,4439,LogX,2025-05-09,2025-05-16,20
985,4259,Correios,2025-04-06,2025-04-14,20
986,2106,Correios,2025-03-14,2025-03-20,20
987,4913,Correios,2025-04-20,2025-04-29,-5
988,4462,Correios,2025-04-04,2025-04-05,-5
989,3955,LogX,2025-06-12,2025-06-13,-5
990,1972,Correios,2025-06-28,2025-07-07,20
991,3957,Correios,2025-02-14,2025-02-17,20
992,3315,LogX,2025-05-06,2025-05-14,-5
993,4468,Correios,2025-06-14,2025-06-23,20
994,1800,Correios,2025-03-23,2025-03-31,35
995,203,Correios,2025-04-03,2025-04-04,20
996,1968,Correios,2025-03-06,2025-03-10,20
997,1106,LogX,2025-02-12,2025-02-13,35
998,837,Correios,2025-06-17,2025-06-23,35
999,4467,Correios,2025-03-01,2025-03-09,35
1000,2108,LogX,2025-04-25,2025-04-26,20
1001,945,LogX,2025-02-22,2025-02-21,-5
1002,2131,Correios,2025-04-28,2025-05-06,35
1003,4001,Correios,2025-04-13,2025-04-18,35
1004,1979,Correios,2025-06-26,2025-06-30,35
1005,1523,Correios,2025-06-15,2025-06-19,-5
1006,849,LogX,2025-05-02,2025-05-07,35
1007,2708,LogX,2025-04-02,2025-04-09,35
1008,2722,Correios,2025-04-13,2025-04-18,35
1009,4055,Correios,2025-01-21,2025-01-29,20
1010,3950,LogX,2025-03-25,2025-04-02,-5
1011,3774,Correios,2025-01-25,2025-01-23,20
1012,1853,LogX,2025-03-26,2025-03-29,35
1013,3129,Correios,2025-06-19,2025-06-24,-5
1014,1538,Correios,2025-05-19,2025-05-18,20
1015,1723,LogX,2025-01-02,2025-01-12,20
1016,309,Correios,2025-06-19,2025-06-19,-5
1017,3855,LogX,2025-04-22,2025-04-27,35
1018,2885,LogX,2025-02-18,2025-02-17,20
1019,1453,Correios,2025-04-10,2025-04-18,-5
1020,3864,LogX,2025-04-20,2025-04-27,35
1021,4907,LogX,2025-05-10,2025-05-16,35
1022,2588,Correios,2025-06-03,2025-06-13,-5
1023,78,Correios,2025-02-10,2025-02-16,35
1024,2359,Correios,2025-03-26,2025-04-01,20
1025,4211,Correios,2025-01-20,2025-01-22,20
1026,3711,Correios,2025-01-11,2025-01-19,20
1027,1634,Correios,2025-04-10,2025-04-09,-5
1028,4633,Correios,2025-06-22,2025-06-25,20
1029,2292,Correios,2025-01-08,2025-01-12,-5
1030,575,Correios,2025-01-09,2025-01-13,35
1031,2244,LogX,2025-02-14,2025-02-12,20
1032,672,Correios,2025-05-21,2025-05-28,20
1033,3128,Correios,2025-02-02,2025-02-03,20
1034,3358,LogX,2025-01-13,2025-01-21,-5
1035,2966,LogX,2025-06-24,2025-07-04,-5
1036,1799,LogX,2025-03-26,2025-03-31,20
1037,229,LogX,2025-04-04,2025-04-10,20
1038,352,Correios,2025-02-11,2025-02-20,-5
1039,1548,Correios,2025-05-19,2025-05-19,20
1040,534,LogX,2025-04-16,2025-04-19,35
1041,970,Correios,2025-05-17,2025-05-22,20
1042,1276,LogX,2025-02-01,2025-02-08,-5
1043,2401,LogX,2025-04-06,2025-04-04,35
1044,1786,LogX,2025-04-04,2025-04-10,35
1045,1342,Correios,2025-01-26,2025-02-02,20
1046,2615,Correios,2025-01-29,2025-02-08,35
1047,3479,LogX,2025-04-30,2025-05-09,20
1048,2670,LogX,2025-06-14,2025-06-23,20
1049,3063,Correios,2025-05-18,2025-05-23,35
1050,4459,Correios,2025-05-12,2025-05-16,20
1051,2618,Correios,2025-06-24,2025-06-24,35
1052,3338,LogX,2025-01-28,2025-01-31,20
1053,4167,LogX,2025-04-23,2025-04-27,-5
1054,4498,Correios,2025-01-23,2025-01-27,-5
1055,2551,Correios,2025-04-17,2025-04-24,-5
1056,4635,LogX,2025-05-03,2025-05-08,20
1057,976,Correios,2025-04-09,2025-04-16,-5
1058,1399,Correios,2025-02-04,2025-02-07,20
1059,4396,LogX,2025-05-07,2025-05-13,35
1060,1506,LogX,2025-05-12,2025-05-20,-5
1061,3911,LogX,2025-03-04,2025-03-03,35
1062,3881,LogX,2025-01-09,2025-01-15,20
1063,1698,LogX,2025-02-12,2025-02-11,35
1064,4461,Correios,2025-01-24,2025-02-02,35
1065,4762,Correios,2025-03-08,2025-03-08,-5
1066,4439,LogX,2025-03-21,2025-03-20,-5
1067,173,LogX,2025-05-07,2025-05-14,35
1068,1383,Correios,2025-04-21,2025-04-19,35
1069,2300,Correios,2025-04-23,2025-05-02,20
1070,1241,LogX,2025-04-09,2025-04-08,20
1071,4567,LogX,2025-02-17,2025-02-27,-5
1072,4212,Correios,2025-05-04,2025-05-03,35
1073,1213,Correios,2025-03-15,2025-03-16,20
1074,4077,LogX,2025-01-16,2025-01-21,35
1075,4913,LogX,2025-05-13,2025-05-12,20
1076,372,Correios,2025-02-19,2025-02-28,20
1077,3204,LogX,2025-03-05,2025-03-08,20
1078,4237,LogX,2025-01-25,2025-02-03,35
1079,4047,LogX,2025-05-13,2025-05-12,-5
1080,2178,Correios,2025-05-10,2025-05-15,20
1081,4742,Correios,2025-02-06,2025-02-14,-5
1082,4557,LogX,2025-04-22,2025-04-22,35
1083,1817,Correios,2025-03-07,2025-03-07,20
1084,4107,LogX,2025-01-07,2025-01-11,20
1085,1144,Correios,2025-06-12,2025-06-21,20
1086,112,LogX,2025-05-04,2025-05-12,35
1087,3503,LogX,2025-02-01,2025-02-01,-5
1088,3369,Correios,2025-03-29,2025-04-01,-5
1089,1188,Correios,2025-05-14,2025-05-22,-5
1090,2755,LogX,2025-01-15,2025-01-24,20
1091,1075,Correios,2025-02-23,2025-03-04,-5
1092,2423,LogX,2025-05-19,2025-05-27,-5
1093,2227,LogX,2025-06-11,2025-06-10,20
1094,46,LogX,2025-05-26,2025-05-24,-5
1095,3430,Correios,2025-04-06,2025-04-16,-5
1096,3290,LogX,2025-02-10,2025-02-10,20
1097,1190,Correios,2025-05-01,2025-04-30,35
1098,576,LogX,2025-01-16,2025-01-14,-5
1099,3937,Correios,2025-01-07,2025-01-10,35
1100,4503,LogX,2025-01-29,2025-02-08,35
1101,2391,LogX,2025-01-31,2025-02-09,20
1102,4687,LogX,2025-01-11,2025-01-09,-5
1103,4793,Correios,2025-03-14,2025-03-20,20
1104,480,Correios,2025-02-20,2025-02-22,35
1105,3110,LogX,2025-03-11,2025-03-18,-5
1106,676,Correios,2025-04-15,2025-04-21,35
1107,2507,LogX,2025-02-08,2025-02-11,20
1108,3524,Correios,2025-02-01,2025-01-30,35
1109,228,Correios,2025-06-14,2025-06-22,35
1110,580,Correios,2025-04-06,2025-04-04,20
1111,2011,LogX,2025-01-17,2025-01-26,-5
1112,525,Correios,2025-06-03,2025-06-03,35
1113,2038,Correios,2025-06-21,2025-06-28,20
1114,3675,LogX,2025-04-01,2025-04-08,-5
1115,1699,LogX,2025-03-30,2025-04-06,35
1116,3418,LogX,2025-06-13,2025-06-23,-5
1117,4614,LogX,2025-01-05,2025-01-09,20
1118,4761,Correios,2025-01-08,2025-01-10,-5
1119,3884,Correios,2025-03-14,2025-03-22,35
1120,3344,Correios,2025-05-15,2025-05-21,35
1121,1473,Correios,2025-03-21,2025-03-19,-5
1122,3778,LogX,2025-03-17,2025-03-26,20
1123,3568,Correios,2025-01-03,2025-01-08,-5
1124,4786,Correios,2025-03-20,2025-03-29,-5
1125,986,LogX,2025-05-04,2025-05-12,-5
1126,4972,LogX,2025-02-23,2025-02-27,-5
1127,1159,Correios,2025-06-12,2025-06-19,-5
1128,4285,LogX,2025-06-30,2025-07-02,-5
1129,2586,Correios,2025-06-12,2025-06-19,20
1130,2973,LogX,2025-05-21,2025-05-29,20
1131,4280,Correios,2025-05-15,2025-05-14,-5
1132,1905,Correios,2025-05-28,2025-06-03,-5
1133,1006,LogX,2025-02-14,2025-02-14,35
1134,1066,Correios,2025-02-09,2025-02-15,35
1135,4395,LogX,2025-06-19,2025-06-28,20
1136,1834,LogX,2025-02-25,2025-03-05,20
1137,1473,LogX,2025-05-29,2025-05-30,-5
1138,4590,LogX,2025-01-24,2025-01-26,-5
1139,2655,LogX,2025-05-27,2025-06-06,-5
1140,2404,Correios,2025-04-25,2025-05-05,-5
1141,4337,Correios,2025-02-09,2025-02-18,20
1142,2535,Correios,2025-03-14,2025-03-23,20
1143,2731,Correios,2025-01-09,2025-01-07,35
1144,2410,LogX,2025-04-11,2025-04-12,-5
1145,410,Correios,2025-05-11,2025-05-16,-5
1146,3814,LogX,2025-06-14,2025-06-14,-5
1147,2204,LogX,2025-04-06,2025-04-11,20
1148,1372,Correios,2025-05-06,2025-05-07,-5
1149,826,Correios,2025-06-26,2025-06-25,35
1150,1003,Correios,2025-05-27,2025-05-25,-5
1151,4498,LogX,2025-03-27,2025-03-26,-5
1152,4425,Correios,2025-04-18,2025-04-24,-5
1153,4724,Correios,2025-02-11,2025-02-12,35
1154,3086,LogX,2025-01-12,2025-01-13,20
1155,3203,LogX,2025-06-21,2025-06-28,20
1156,739,Correios,2025-05-18,2025-05-27,-5
1157,1340,LogX,2025-01-30,2025-02-09,20
1158,4339,LogX,2025-03-15,2025-03-25,35
1159,1195,Correios,2025-01-23,2025-01-23,-5
1160,3737,Correios,2025-01-12,2025-01-12,20
1161,66,LogX,2025-03-29,2025-04-02,-5
1162,3401,Correios,2025-02-25,2025-03-04,-5
1163,3822,LogX,2025-01-04,2025-01-08,-5
1164,1528,Correios,2025-03-22,2025-03-26,-5
1165,2933,LogX,2025-03-16,2025-03-14,20
1166,4718,Correios,2025-03-01,2025-03-06,20
1167,3754,Correios,2025-04-02,2025-04-09,20
1168,423,LogX,2025-03-10,2025-03-11,-5
1169,4179,LogX,2025-05-04,2025-05-11,35
1170,2902,LogX,2025-02-28,2025-03-10,20
1171,3238,Correios,2025-04-08,2025-04-16,35
1172,3005,LogX,2025-04-25,2025-04-30,-5
1173,504,Correios,2025-06-08,2025-06-07,35
1174,3676,Correios,2025-04-02,2025-04-03,-5
1175,1237,LogX,2025-06-30,2025-06-30,20
1176,23,Correios,2025-06-07,2025-06-08,20
1177,3574,LogX,2025-04-06,2025-04-08,-5
1178,4447,LogX,2025-06-22,2025-07-02,20
1179,1707,LogX,2025-05-18,2025-05-19,35
1180,963,Correios,2025-03-22,2025-03-21,20
1181,2767,Correios,2025-05-23,2025-05-22,20
1182,3795,LogX,2025-04-17,2025-04-18,20
1183,499,LogX,2025-02-26,2025-03-03,-5
1184,3449,LogX,2025-06-28,2025-06-28,20
1185,2055,LogX,2025-03-24,2025-03-30,20
1186,2419,LogX,2025-02-15,2025-02-22,20
1187,2537,LogX,2025-05-14,2025-05-12,35
1188,2263,Correios,2025-01-19,2025-01-28,35
1189,3230,Correios,2025-04-07,2025-04-13,35
1190,859,LogX,2025-02-11,2025-02-13,20
1191,2346,LogX,2025-02-08,2025-02-07,35
1192,3848,LogX,2025-06-01,2025-06-04,-5
1193,4804,LogX,2025-04-06,2025-04-05,-5
1194,187,LogX,2025-03-21,2025-03-25,35
1195,3766,LogX,2025-03-23,2025-03-27,-5
1196,3213,LogX,2025-03-26,2025-03-25,-5
1197,3427,LogX,2025-05-07,2025-05-05,-5
1198,2296,Correios,2025-03-03,2025-03-07,35
1199,603,LogX,2025-04-07,2025-04-05,-5
1200,3632,Correios,2025-05-28,2025-05-29,20
1201,3785,Correios,2025-06-23,2025-07-03,20
1202,2924,LogX,2025-01-29,2025-02-01,35
1203,2114,Correios,2025-05-04,2025-05-09,20
1204,4973,LogX,2025-03-28,2025-04-07,35
1205,1282,Correios,2025-04-12,2025-04-16,-5
1206,3307,Correios,2025-04-27,2025-04-25,35
1207,2816,LogX,2025-06-27,2025-07-03,35
1208,3880,Correios,2025-03-10,2025-03-16,35
1209,1506,LogX,2025-06-30,2025-06-29,20
1210,2892,Correios,2025-06-19,2025-06-20,-5
1211,4527,LogX,2025-02-05,2025-02-04,20
1212,4444,Correios,2025-03-11,2025-03-10,20
1213,3905,LogX,2025-05-03,2025-05-04,20
1214,1891,Correios,2025-01-21,2025-01-26,-5
1215,3008,Correios,2025-05-21,2025-05-24,35
1216,1565,Correios,2025-04-04,2025-04-13,-5
1217,2436,Correios,2025-01-07,2025-01-15,-5
1218,3087,Correios,2025-04-16,2025-04-18,20
1219,2943,LogX,2025-03-02,2025-03-02,-5
1220,3102,Correios,2025-05-06,2025-05-13,-5
1221,531,Correios,2025-04-12,2025-04-10,20
1222,3623,LogX,2025-04-15,2025-04-18,35
1223,3460,LogX,2025-05-13,2025-05-15,20
1224,3771,LogX,2025-04-18,2025-04-18,35
1225,1587,LogX,2025-01-01,2025-01-10,-5
1226,632,LogX,2025-04-15,2025-04-23,-5
1227,4604,Correios,2025-02-14,2025-02-16,-5
1228,3096,LogX,2025-01-03,2025-01-08,-5
1229,3770,LogX,2025-06-26,2025-07-02,20
1230,378,Correios,2025-03-17,2025-03-16,-5
1231,1176,Correios,2025-01-14,2025-01-21,20
1232,1407,Correios,2025-06-16,2025-06-22,35
1233,4270,LogX,2025-03-20,2025-03-28,35
1234,751,LogX,2025-02-08,2025-02-11,35
1235,2359,Correios,2025-04-16,2025-04-24,-5
1236,4129,LogX,2025-02-20,2025-02-21,35
1237,3566,Correios,2025-05-05,2025-05-13,-5
1238,3938,LogX,2025-02-28,2025-03-05,-5
1239,965,Correios,2025-04-25,2025-04-26,-5
1240,3617,LogX,2025-02-11,2025-02-18,35
1241,865,LogX,2025-02-10,2025-02-13,20
1242,4032,LogX,2025-02-08,2025-02-15,20
1243,4944,LogX,2025-05-02,2025-05-12,20
1244,4034,LogX,2025-03-23,2025-03-24,-5
1245,3064,LogX,2025-03-05,2025-03-08,20
1246,2383,Correios,2025-06-02,2025-06-08,-5
1247,851,LogX,2025-05-30,2025-06-01,-5
1248,570,LogX,2025-02-12,2025-02-22,35
1249,4431,Correios,2025-02-19,2025-02-26,-5
1250,1445,LogX,2025-04-02,2025-04-05,20
1251,1781,LogX,2025-05-09,2025-05-08,20
1252,3301,Correios,2025-03-03,2025-03-13,35
1253,1000,Correios,2025-05-19,2025-05-24,-5
1254,3943,Correios,2025-04-21,2025-04-26,35
1255,1394,LogX,2025-03-10,2025-03-15,20
1256,886,LogX,2025-06-09,2025-06-17,35
1257,4681,Correios,2025-01-17,2025-01-16,20
1258,251,LogX,2025-03-12,2025-03-17,-5
1259,2055,Correios,2025-02-25,2025-03-06,-5
1260,3711,Correios,2025-04-01,2025-04-08,-5
1261,4870,Correios,2025-02-19,2025-02-23,35
1262,2671,LogX,2025-01-19,2025-01-25,20
1263,2107,LogX,2025-01-23,2025-01-22,35
1264,1832,Correios,2025-01-19,2025-01-22,20
1265,2658,LogX,2025-01-28,2025-01-29,-5
1266,1249,LogX,2025-01-01,2025-01-11,-5
1267,1696,Correios,2025-03-30,2025-04-03,20
1268,1770,LogX,2025-06-25,2025-06-24,-5
1269,4841,Correios,2025-05-12,2025-05-22,35
1270,53,LogX,2025-05-30,2025-06-09,20
1271,3442,Correios,2025-06-23,2025-06-21,-5
1272,3596,LogX,2025-03-29,2025-04-05,35
1273,4547,LogX,2025-04-16,2025-04-19,20
1274,375,LogX,2025-05-23,2025-05-28,35
1275,1554,LogX,2025-03-19,2025-03-17,-5
1276,4189,LogX,2025-02-02,2025-02-11,35
1277,3035,Correios,2025-04-02,2025-04-01,20
1278,441,LogX,2025-03-12,2025-03-11,20
1279,732,Correios,2025-06-27,2025-07-06,-5
1280,2362,LogX,2025-03-31,2025-03-31,35
1281,3854,LogX,2025-06-06,2025-06-10,35
1282,232,LogX,2025-05-13,2025-05-16,35
1283,3888,Correios,2025-03-30,2025-04-09,-5
1284,3277,LogX,2025-03-24,2025-03-27,35
1285,4228,Correios,2025-01-12,2025-01-16,20
1286,1144,LogX,2025-02-11,2025-02-12,-5
1287,4297,LogX,2025-05-24,2025-05-27,-5
1288,293,Correios,2025-05-17,2025-05-19,-5
1289,2134,Correios,2025-04-02,2025-04-03,35
1290,4375,Correios,2025-03-24,2025-03-25,20
1291,2847,Correios,2025-06-28,2025-06-30,35
1292,3529,LogX,2025-05-28,2025-06-02,35
1293,698,LogX,2025-05-30,2025-06-04,-5
1294,4319,Correios,2025-01-04,2025-01-06,35
1295,1627,Correios,2025-03-22,2025-03-22,20
1296,48,Correios,2025-01-25,2025-02-03,35
1297,3400,LogX,2025-02-10,2025-02-19,-5
1298,1842,Correios,2025-06-16,2025-06-18,35
1299,2480,Correios,2025-05-04,2025-05-05,-5
1300,2920,Correios,2025-06-14,2025-06-14,35
1301,2389,LogX,2025-03-14,2025-03-16,20
1302,3435,LogX,2025-01-27,2025-02-03,-5
1303,3233,Correios,2025-05-01,2025-05-11,20
1304,838,Correios,2025-06-01,2025-06-01,35
1305,1862,Correios,2025-06-09,2025-06-17,-5
1306,2045,LogX,2025-03-27,2025-03-28,35
1307,2568,LogX,2025-05-21,2025-05-25,-5
1308,3688,Correios,2025-06-24,2025-06-25,35
1309,3183,Correios,2025-01-06,2025-01-08,35
1310,800,LogX,2025-02-13,2025-02-20,35
1311,2455,LogX,2025-03-19,2025-03-22,20
1312,1152,LogX,2025-05-22,2025-05-28,35
1313,3612,Correios,2025-05-19,2025-05-19,35
1314,138,Correios,2025-05-16,2025-05-26,20
1315,2941,LogX,2025-03-16,2025-03-24,35
1316,4028,LogX,2025-06-19,2025-06-17,35
1317,4743,Correios,2025-06-02,2025-06-02,-5
1318,4371,LogX,2025-01-30,2025-01-30,-5
1319,2694,LogX,2025-05-12,2025-05-22,35
1320,101,LogX,2025-05-09,2025-05-09,-5
1321,4418,LogX,2025-04-03,2025-04-13,20
1322,826,Correios,2025-03-24,2025-03-26,35
1323,1169,Correios,2025-04-19,2025-04-23,-5
1324,622,LogX,2025-03-10,2025-03-18,35
1325,1291,Correios,2025-06-09,2025-06-19,35
1326,1658,LogX,2025-04-11,2025-04-14,20
1327,2502,Correios,2025-06-29,2025-06-30,-5
1328,2751,LogX,2025-04-05,2025-04-11,20
1329,2647,Correios,2025-06-03,2025-06-08,35
1330,4573,LogX,2025-02-22,2025-02-21,35
1331,4045,Correios,2025-02-13,2025-02-13,35
1332,3873,Correios,2025-03-24,2025-03-23,-5
1333,2700,Correios,2025-02-27,2025-03-06,35
1334,1829,Correios,2025-01-01,2025-01-11,35
1335,2535,Correios,2025-05-31,2025-05-31,35
1336,4900,LogX,2025-04-16,2025-04-19,20
1337,3169,LogX,2025-06-23,2025-07-01,35
1338,696,LogX,2025-01-16,2025-01-22,-5
1339,3183,LogX,2025-04-10,2025-04-12,20
1340,51,LogX,2025-02-03,2025-02-11,35
1341,3579,LogX,2025-02-04,2025-02-08,-5
1342,187,LogX,2025-05-28,2025-06-05,20
1343,3983,Correios,2025-06-15,2025-06-15,35
1344,3485,LogX,2025-01-09,2025-01-15,-5
1345,116,Correios,2025-03-11,2025-03-09,20
1346,3022,Correios,2025-04-30,2025-05-09,20
1347,38,Correios,2025-04-15,2025-04-15,20
1348,4423,LogX,2025-01-06,2025-01-06,20
1349,2676,LogX,2025-02-16,2025-02-25,20
1350,1081,Correios,2025-01-14,2025-01-24,20
1351,3774,LogX,2025-04-18,2025-04-21,-5
1352,3938,LogX,2025-06-16,2025-06-18,35
1353,2623,Correios,2025-04-28,2025-04-27,35
1354,675,Correios,2025-05-25,2025-05-30,35
1355,1648,Correios,2025-05-20,2025-05-19,-5
1356,928,LogX,2025-06-30,2025-07-06,20
1357,1781,LogX,2025-06-16,2025-06-20,-5
1358,2036,Correios,2025-04-20,2025-04-25,35
1359,2274,Correios,2025-03-19,2025-03-18,35
1360,4727,Correios,2025-05-26,2025-06-04,20
1361,121,Correios,2025-02-11,2025-02-14,35
1362,3118,Correios,2025-05-28,2025-06-02,20
1363,2703,LogX,2025-03-31,2025-03-31,35
1364,3142,Correios,2025-04-01,2025-04-05,35
1365,2886,Correios,2025-02-08,2025-02-18,20
1366,2616,Correios,2025-05-25,2025-05-27,-5
1367,2438,Correios,2025-05-27,2025-05-26,20
1368,1068,Correios,2025-01-27,2025-02-03,35
1369,2463,LogX,2025-02-11,2025-02-21,-5
1370,1127,Correios,2025-05-07,2025-05-15,20
1371,3007,Correios,2025-03-13,2025-03-15,20
1372,3021,Correios,2025-01-26,2025-02-01,-5
1373,2342,Correios,2025-01-26,2025-01-27,-5
1374,4023,LogX,2025-04-23,2025-04-29,35
1375,240,Correios,2025-05-31,2025-05-31,20
1376,368,LogX,2025-02-12,2025-02-20,20
1377,4139,LogX,2025-04-29,2025-05-09,20
1378,1350,LogX,2025-06-10,2025-06-18,-5
1379,884,LogX,2025-04-08,2025-04-09,20
1380,1338,LogX,2025-05-25,2025-05-31,-5
1381,314,Correios,2025-05-05,2025-05-11,20
1382,3407,Correios,2025-04-29,2025-05-07,20
1383,2567,LogX,2025-03-01,2025-03-04,20
1384,878,Correios,2025-02-23,2025-02-24,35
1385,2338,LogX,2025-05-03,2025-05-01,35
1386,791,LogX,2025-01-17,2025-01-22,-5
1387,3227,LogX,2025-06-21,2025-06-29,-5
1388,273,LogX,2025-06-13,2025-06-19,35
1389,915,Correios,2025-06-23,2025-07-01,20
1390,1494,LogX,2025-01-14,2025-01-23,35
1391,2901,LogX,2025-06-19,2025-06-23,20
1392,3218,Correios,2025-04-04,2025-04-03,20
1393,4668,Correios,2025-01-28,2025-02-07,20
1394,3953,LogX,2025-05-02,2025-04-30,20
1395,2118,Correios,2025-06-04,2025-06-07,20
1396,2030,Correios,2025-04-21,2025-04-21,-5
1397,2633,Correios,2025-06-27,2025-07-07,20
1398,4701,LogX,2025-04-06,2025-04-06,-5
1399,1876,LogX,2025-05-16,2025-05-20,20
1400,2831,Correios,2025-06-29,2025-06-29,-5
1401,1964,Correios,2025-05-30,2025-05-31,-5
1402,1782,Correios,2025-05-01,2025-05-08,-5
1403,498,Correios,2025-05-15,2025-05-21,35
1404,3086,LogX,2025-02-12,2025-02-15,35
1405,2446,LogX,2025-02-22,2025-02-28,20
1406,3917,LogX,2025-03-01,2025-03-06,20
1407,1877,Correios,2025-02-15,2025-02-14,-5
1408,4584,LogX,2025-01-23,2025-01-22,-5
1409,2227,LogX,2025-05-01,2025-05-10,-5
1410,3164,LogX,2025-06-28,2025-06-28,35
1411,1069,LogX,2025-02-19,2025-02-20,-5
1412,4645,Correios,2025-05-04,2025-05-12,-5
1413,2731,Correios,2025-01-30,2025-02-04,-5
1414,383,Correios,2025-06-22,2025-06-21,-5
1415,3728,LogX,2025-04-04,2025-04-02,35
1416,2727,Correios,2025-02-11,2025-02-14,-5
1417,223,Correios,2025-02-16,2025-02-21,35
1418,2707,LogX,2025-05-17,2025-05-27,20
1419,1468,Correios,2025-03-19,2025-03-24,-5
1420,2601,Correios,2025-01-29,2025-01-31,20
1421,1470,LogX,2025-06-07,2025-06-12,35
1422,256,LogX,2025-06-03,2025-06-08,35
1423,1917,LogX,2025-06-15,2025-06-22,-5
1424,3732,LogX,2025-03-31,2025-04-06,-5
1425,380,Correios,2025-02-23,2025-02-28,35
1426,3865,Correios,2025-03-06,2025-03-04,20
1427,3615,LogX,2025-03-04,2025-03-13,20
1428,2770,Correios,2025-03-02,2025-02-28,-5
1429,4882,LogX,2025-02-17,2025-02-17,-5
1430,2138,LogX,2025-06-10,2025-06-11,35
1431,3982,LogX,2025-06-27,2025-07-04,20
1432,1084,LogX,2025-01-27,2025-01-25,20
1433,3695,LogX,2025-06-12,2025-06-15,-5
1434,3084,Correios,2025-04-03,2025-04-06,-5
1435,4151,Correios,2025-04-12,2025-04-12,-5
1436,1521,Correios,2025-01-20,2025-01-24,20
1437,2854,Correios,2025-03-10,2025-03-20,20
1438,4469,LogX,2025-06-19,2025-06-22,35
1439,1392,LogX,2025-02-20,2025-03-01,35
1440,4998,LogX,2025-01-20,2025-01-29,-5
1441,2085,Correios,2025-06-17,2025-06-27,-5
1442,2266,LogX,2025-01-17,2025-01-26,35
1443,171,LogX,2025-06-08,2025-06-15,-5
1444,610,Correios,2025-02-14,2025-02-12,-5
1445,1656,Correios,2025-03-22,2025-03-29,20
1446,2432,LogX,2025-03-20,2025-03-25,-5
1447,3535,Correios,2025-06-19,2025-06-26,20
1448,3768,LogX,2025-01-23,2025-01-26,35
1449,1498,Correios,2025-01-09,2025-01-12,35
1450,1891,Correios,2025-03-12,2025-03-15,35
1451,1328,LogX,2025-05-09,2025-05-17,35
1452,1684,Correios,2025-03-03,2025-03-01,-5
1453,2267,Correios,2025-02-14,2025-02-20,35
1454,711,Correios,2025-05-14,2025-05-17,20
1455,4554,Correios,2025-04-21,2025-04-25,35
1456,4502,LogX,2025-02-03,2025-02-05,20
1457,984,LogX,2025-01-18,2025-01-17,-5
1458,2596,LogX,2025-06-13,2025-06-12,20
1459,1993,LogX,2025-06-01,2025-05-31,35
1460,817,Correios,2025-05-30,2025-06-09,20
1461,3672,Correios,2025-03-22,2025-03-30,-5
1462,3072,LogX,2025-02-02,2025-02-06,20
1463,4598,Correios,2025-06-21,2025-06-22,35
1464,2032,LogX,2025-01-06,2025-01-13,20
1465,2718,LogX,2025-04-12,2025-04-17,-5
1466,103,Correios,2025-02-17,2025-02-25,20
1467,738,LogX,2025-05-20,2025-05-21,20
1468,246,Correios,2025-01-07,2025-01-15,-5
1469,3325,LogX,2025-01-13,2025-01-23,35
1470,1170,Correios,2025-01-20,2025-01-22,35
1471,1635,LogX,2025-01-03,2025-01-13,-5
1472,2734,Correios,2025-03-31,2025-04-02,35
1473,4790,LogX,2025-06-28,2025-07-05,-5
1474,660,LogX,2025-03-13,2025-03-21,20
1475,3041,LogX,2025-02-10,2025-02-10,-5
1476,1115,Correios,2025-03-08,2025-03-08,35
1477,4675,Correios,2025-05-20,2025-05-21,35
1478,2625,LogX,2025-01-20,2025-01-27,-5
1479,823,Correios,2025-03-12,2025-03-11,20
1480,4080,Correios,2025-02-24,2025-03-04,20
1481,64,Correios,2025-03-08,2025-03-16,35
1482,2486,LogX,2025-02-02,2025-02-02,20
1483,367,LogX,2025-06-27,2025-06-29,-5
1484,2290,LogX,2025-02-26,2025-03-06,35
1485,1227,LogX,2025-02-28,2025-02-26,-5
1486,2840,LogX,2025-05-20,2025-05-29,35
1487,4082,LogX,2025-06-17,2025-06-18,35
1488,3099,LogX,2025-01-02,2025-01-09,-5
1489,4403,Correios,2025-04-29,2025-04-28,35
1490,4090,Correios,2025-06-02,2025-06-12,-5
1491,1128,Correios,2025-02-12,2025-02-18,-5
1492,3517,Correios,2025-04-05,2025-04-12,-5
1493,4898,Correios,2025-03-14,2025-03-19,-5
1494,3142,LogX,2025-02-08,2025-02-07,35
1495,3777,Correios,2025-02-17,2025-02-26,-5
1496,2534,LogX,2025-04-10,2025-04-12,20
1497,2598,LogX,2025-02-16,2025-02-15,20
1498,2524,Correios,2025-05-22,2025-05-30,35
1499,1323,LogX,2025-05-17,2025-05-15,20
1500,234,Correios,2025-03-23,2025-03-29,-5
1501,3010,Correios,2025-03-31,2025-04-04,20
1502,510,LogX,2025-02-09,2025-02-19,35
1503,271,Correios,2025-01-16,2025-01-22,35
1504,454,LogX,2025-01-12,2025-01-20,20
1505,4796,LogX,2025-05-16,2025-05-17,35
1506,4575,Correios,2025-06-07,2025-06-09,20
1507,418,LogX,2025-04-17,2025-04-15,20
1508,412,Correios,2025-04-08,2025-04-15,20
1509,1160,Correios,2025-01-28,2025-02-07,35
1510,4865,LogX,2025-03-06,2025-03-08,35
1511,2489,LogX,2025-06-17,2025-06-16,35
1512,3765,LogX,2025-02-16,2025-02-21,35
1513,580,LogX,2025-05-25,2025-06-02,35
1514,359,Correios,2025-01-19,2025-01-28,20
1515,4224,LogX,2025-03-31,2025-04-09,-5
1516,636,Correios,2025-04-09,2025-04-08,-5
1517,2599,Correios,2025-06-28,2025-07-03,35
1518,3753,LogX,2025-03-28,2025-04-04,35
1519,1623,LogX,2025-01-12,2025-01-15,20
1520,2089,LogX,2025-03-14,2025-03-16,35
1521,2934,Correios,2025-04-04,2025-04-13,-5
1522,1889,LogX,2025-06-09,2025-06-17,20
1523,3389,LogX,2025-01-21,2025-01-21,-5
1524,4982,Correios,2025-05-15,2025-05-20,20
1525,2217,LogX,2025-06-22,2025-06-21,-5
1526,2036,LogX,2025-02-23,2025-02-25,20
1527,1036,LogX,2025-06-14,2025-06-14,20
1528,2816,LogX,2025-04-30,2025-04-28,-5
1529,1899,Correios,2025-05-07,2025-05-09,-5
1530,1408,Correios,2025-02-04,2025-02-11,20
1531,315,LogX,2025-04-09,2025-04-17,35
1532,354,Correios,2025-01-20,2025-01-22,20
1533,4852,LogX,2025-01-08,2025-01-16,35
1534,4734,LogX,2025-01-11,2025-01-11,35
1535,2507,Correios,2025-06-11,2025-06-16,35
1536,3468,LogX,2025-04-02,2025-04-01,35
1537,607,Correios,2025-02-20,2025-02-27,-5
1538,4075,Correios,2025-01-16,2025-01-21,-5
1539,2996,LogX,2025-05-28,2025-06-04,35
1540,2431,Correios,2025-01-21,2025-01-19,-5
1541,227,Correios,2025-05-10,2025-05-10,-5
1542,4371,Correios,2025-06-13,2025-06-20,20
1543,2279,Correios,2025-06-26,2025-07-01,35
1544,3670,Correios,2025-02-19,2025-02-22,35
1545,1752,LogX,2025-04-26,2025-05-06,20
1546,4273,Correios,2025-02-06,2025-02-15,-5
1547,4275,Correios,2025-02-20,2025-02-24,-5
1548,3923,Correios,2025-03-16,2025-03-20,35
1549,2975,Correios,2025-05-20,2025-05-22,35
1550,130,LogX,2025-03-10,2025-03-17,-5
1551,348,Correios,2025-01-22,2025-01-20,35
1552,41,LogX,2025-01-22,2025-01-31,20
1553,1154,LogX,2025-05-03,2025-05-01,20
1554,3669,LogX,2025-05-19,2025-05-26,35
1555,3151,Correios,2025-05-12,2025-05-18,35
1556,2715,Correios,2025-05-06,2025-05-13,-5
1557,4695,Correios,2025-03-08,2025-03-08,35
1558,2088,Correios,2025-01-21,2025-01-24,20
1559,2642,Correios,2025-01-12,2025-01-16,35
1560,2754,LogX,2025-05-24,2025-05-31,35
1561,2611,Correios,2025-06-19,2025-06-22,20
1562,4538,Correios,2025-05-24,2025-05-22,20
1563,2780,LogX,2025-02-21,2025-02-20,20
1564,4961,Correios,2025-01-16,2025-01-21,-5
1565,736,Correios,2025-04-07,2025-04-17,-5
1566,1895,LogX,2025-03-23,2025-04-02,20
1567,37,Correios,2025-05-28,2025-06-04,-5
1568,2895,Correios,2025-04-18,2025-04-18,35
1569,4726,LogX,2025-03-28,2025-03-27,35
1570,1664,LogX,2025-02-15,2025-02-23,-5
1571,2365,LogX,2025-03-19,2025-03-27,35
1572,2436,Correios,2025-03-15,2025-03-22,-5
1573,998,Correios,2025-03-03,2025-03-04,20
1574,3135,LogX,2025-05-05,2025-05-13,20
1575,4735,LogX,2025-02-04,2025-02-13,35
1576,274,Correios,2025-06-11,2025-06-21,35
1577,1109,Correios,2025-04-13,2025-04-20,20
1578,465,LogX,2025-05-10,2025-05-10,35
1579,4632,Correios,2025-06-26,2025-06-29,-5
1580,1061,LogX,2025-03-01,2025-03-11,20
1581,3897,Correios,2025-06-14,2025-06-15,20
1582,2854,Correios,2025-05-03,2025-05-03,-5
1583,3829,Correios,2025-01-21,2025-01-29,35
1584,2631,LogX,2025-06-25,2025-06-28,35
1585,1464,Correios,2025-01-28,2025-02-06,35
1586,2583,LogX,2025-06-05,2025-06-09,-5
1587,2240,Correios,2025-05-07,2025-05-10,20
1588,2705,Correios,2025-06-26,2025-07-03,-5
1589,4417,Correios,2025-05-23,2025-05-28,20
1590,3603,Correios,2025-06-28,2025-07-08,-5
1591,4554,Correios,2025-05-31,2025-06-01,-5
1592,3290,LogX,2025-01-23,2025-01-28,-5
1593,2778,LogX,2025-01-26,2025-02-01,35
1594,1925,LogX,2025-03-26,2025-04-03,35
1595,467,Correios,2025-06-26,2025-07-06,35
1596,3252,LogX,2025-04-11,2025-04-10,20
1597,406,LogX,2025-04-27,2025-05-05,35
1598,1310,LogX,2025-05-25,2025-05-30,35
1599,4506,LogX,2025-01-26,2025-01-31,35
1600,1347,LogX,2025-03-20,2025-03-29,35
1601,436,Correios,2025-01-27,2025-02-03,-5
1602,2767,Correios,2025-04-05,2025-04-03,35
1603,3049,Correios,2025-01-12,2025-01-13,35
1604,3247,Correios,2025-04-01,2025-04-03,35
1605,196,LogX,2025-02-06,2025-02-07,-5
1606,2094,LogX,2025-06-06,2025-06-11,-5
1607,4579,LogX,2025-06-15,2025-06-19,-5
1608,882,LogX,2025-03-08,2025-03-14,35
1609,2502,LogX,2025-03-19,2025-03-29,-5
1610,1486,LogX,2025-02-17,2025-02-15,-5
1611,4151,Correios,2025-06-27,2025-07-01,20
1612,2294,Correios,2025-05-28,2025-06-03,20
1613,1202,Correios,2025-01-27,2025-01-31,-5
1614,27,LogX,2025-02-22,2025-02-21,35
1615,3447,Correios,2025-03-31,2025-03-31,35
1616,1492,Correios,2025-04-04,2025-04-11,20
1617,4532,LogX,2025-03-06,2025-03-11,-5
1618,4347,LogX,2025-01-23,2025-01-27,-5
1619,4437,LogX,2025-03-08,2025-03-07,20
1620,2868,LogX,2025-02-01,2025-02-01,-5
1621,2887,LogX,2025-03-20,2025-03-25,35
1622,629,LogX,2025-06-26,2025-06-29,-5
1623,2649,Correios,2025-04-19,2025-04-17,-5
1624,1761,Correios,2025-01-06,2025-01-04,-5
1625,1939,Correios,2025-06-21,2025-07-01,20
1626,776,Correios,2025-02-10,2025-02-11,35
1627,1085,LogX,2025-01-09,2025-01-10,35
1628,2532,LogX,2025-04-22,2025-04-25,-5
1629,3728,LogX,2025-03-22,2025-03-27,20
1630,4343,LogX,2025-04-26,2025-04-28,35
1631,2469,LogX,2025-01-04,2025-01-04,35
1632,4766,Correios,2025-03-03,2025-03-12,-5
1633,1334,LogX,2025-03-20,2025-03-21,-5
1634,112,LogX,2025-04-23,2025-05-03,20
1635,4992,LogX,2025-02-16,2025-02-20,-5
1636,910,LogX,2025-02-18,2025-02-26,-5
1637,2350,Correios,2025-05-29,2025-06-01,20
1638,939,Correios,2025-01-06,2025-01-06,20
1639,2462,Correios,2025-01-08,2025-01-08,-5
1640,4624,Correios,2025-01-10,2025-01-13,20
1641,3165,LogX,2025-06-24,2025-07-02,35
1642,4943,LogX,2025-06-30,2025-07-04,-5
1643,466,LogX,2025-04-06,2025-04-06,20
1644,3075,Correios,2025-03-26,2025-04-02,20
1645,3473,LogX,2025-05-15,2025-05-25,-5
1646,4828,LogX,2025-02-15,2025-02-22,20
1647,1985,Correios,2025-01-26,2025-01-26,35
1648,2219,LogX,2025-04-17,2025-04-27,-5
1649,3373,Correios,2025-04-12,2025-04-12,35
1650,2074,Correios,2025-02-25,2025-02-28,35
1651,3279,LogX,2025-04-27,2025-04-26,-5
1652,1116,LogX,2025-04-29,2025-05-06,20
1653,2285,LogX,2025-05-27,2025-06-03,-5
1654,4,LogX,2025-01-14,2025-01-20,-5
1655,3325,LogX,2025-02-12,2025-02-13,20
1656,4558,LogX,2025-01-04,2025-01-09,-5
1657,329,Correios,2025-03-08,2025-03-08,-5
1658,2124,LogX,2025-05-28,2025-06-01,35
1659,2524,Correios,2025-05-20,2025-05-29,20
1660,4348,Correios,2025-05-11,2025-05-17,20
1661,1123,Correios,2025-06-15,2025-06-15,20
1662,3832,LogX,2025-04-17,2025-04-20,35
1663,1007,Correios,2025-02-14,2025-02-21,20
1664,3713,LogX,2025-04-18,2025-04-22,20
1665,3144,LogX,2025-04-27,2025-05-02,20
1666,4812,Correios,2025-06-15,2025-06-18,-5
1667,4882,LogX,2025-05-30,2025-06-09,35
1668,3456,LogX,2025-03-12,2025-03-18,35
1669,249,Correios,2025-03-24,2025-03-29,20
1670,2571,LogX,2025-05-22,2025-05-23,35
1671,18,Correios,2025-04-06,2025-04-08,35
1672,3168,Correios,2025-04-22,2025-04-26,35
1673,3046,Correios,2025-03-06,2025-03-04,-5
1674,2447,LogX,2025-01-22,2025-01-31,20
1675,2722,Correios,2025-02-07,2025-02-12,35
1676,1673,Correios,2025-04-01,2025-04-01,35
1677,785,LogX,2025-05-17,2025-05-27,35
1678,344,Correios,2025-04-30,2025-05-10,35
1679,605,Correios,2025-04-16,2025-04-26,35
1680,2278,LogX,2025-05-23,2025-05-24,20
1681,4720,Correios,2025-03-20,2025-03-19,-5
1682,4124,Correios,2025-05-02,2025-05-08,-5
1683,928,LogX,2025-06-25,2025-07-01,35
1684,2853,LogX,2025-02-12,2025-02-14,20
1685,971,Correios,2025-01-09,2025-01-14,-5
1686,2680,LogX,2025-05-02,2025-05-03,-5
1687,4278,LogX,2025-02-01,2025-02-11,20
1688,1673,Correios,2025-06-07,2025-06-05,20
1689,4332,Correios,2025-06-24,2025-07-01,35
1690,2470,LogX,2025-03-28,2025-04-06,35
1691,2431,LogX,2025-04-06,2025-04-06,-5
1692,4813,LogX,2025-05-30,2025-05-29,35
1693,894,Correios,2025-05-13,2025-05-17,-5
1694,3677,Correios,2025-03-26,2025-04-02,35
1695,445,LogX,2025-03-31,2025-03-29,20
1696,4960,LogX,2025-06-12,2025-06-11,35
1697,4317,Correios,2025-02-27,2025-03-03,-5
1698,2354,Correios,2025-03-06,2025-03-12,-5
1699,1521,LogX,2025-03-13,2025-03-22,20
1700,3940,Correios,2025-05-18,2025-05-20,35
1701,8,Correios,2025-04-15,2025-04-18,20
1702,1892,Correios,2025-02-03,2025-02-07,35
1703,14,LogX,2025-05-30,2025-05-30,20
1704,2463,Correios,2025-06-20,2025-06-20,35
1705,4023,LogX,2025-05-21,2025-05-30,-5
1706,3222,LogX,2025-02-08,2025-02-08,-5
1707,1528,LogX,2025-03-21,2025-03-29,35
1708,3991,LogX,2025-06-19,2025-06-18,20
1709,1879,LogX,2025-04-21,2025-04-30,20
1710,620,LogX,2025-01-27,2025-02-02,20
1711,478,LogX,2025-05-06,2025-05-10,20
1712,4605,LogX,2025-06-14,2025-06-18,35
1713,4309,LogX,2025-06-28,2025-07-02,20
1714,4475,LogX,2025-04-13,2025-04-18,35
1715,4199,LogX,2025-02-25,2025-03-05,35
1716,1933,LogX,2025-01-09,2025-01-08,20
1717,2809,Correios,2025-02-04,2025-02-08,-5
1718,3146,LogX,2025-03-02,2025-03-01,-5
1719,3369,LogX,2025-06-25,2025-07-05,20
1720,2270,LogX,2025-03-08,2025-03-11,20
1721,2441,Correios,2025-04-09,2025-04-14,35
1722,2318,Correios,2025-02-21,2025-02-21,-5
1723,1549,Correios,2025-01-26,2025-02-01,-5
1724,493,Correios,2025-05-07,2025-05-05,-5
1725,215,LogX,2025-05-19,2025-05-18,-5
1726,145,LogX,2025-06-19,2025-06-20,20
1727,239,Correios,2025-04-12,2025-04-17,20
1728,1486,Correios,2025-03-30,2025-03-29,20
1729,842,LogX,2025-03-08,2025-03-09,20
1730,4813,LogX,2025-02-20,2025-02-24,20
1731,2708,Correios,2025-05-25,2025-05-29,35
1732,4591,LogX,2025-01-06,2025-01-05,-5
1733,1648,Correios,2025-03-03,2025-03-12,35
1734,4631,Correios,2025-06-12,2025-06-21,20
1735,4092,Correios,2025-05-27,2025-05-26,35
1736,3075,LogX,2025-02-14,2025-02-23,35
1737,1367,LogX,2025-01-07,2025-01-16,20
1738,2927,LogX,2025-06-21,2025-07-01,-5
1739,213,Correios,2025-04-26,2025-05-04,-5
1740,952,Correios,2025-06-14,2025-06-19,20
1741,1641,Correios,2025-01-18,2025-01-16,-5
1742,3987,Correios,2025-02-16,2025-02-26,35
1743,4058,Correios,2025-02-24,2025-02-27,35
1744,1290,Correios,2025-03-03,2025-03-03,35
1745,2218,LogX,2025-01-03,2025-01-08,35
1746,1766,Correios,2025-05-26,2025-05-27,20
1747,526,LogX,2025-05-06,2025-05-09,35
1748,1560,Correios,2025-01-16,2025-01-25,20
1749,1358,Correios,2025-01-18,2025-01-17,35
1750,2254,Correios,2025-05-17,2025-05-27,-5
1751,585,Correios,2025-05-24,2025-06-03,20
1752,4232,Correios,2025-05-30,2025-06-04,35
1753,2960,Correios,2025-04-23,2025-04-26,20
1754,4727,Correios,2025-03-21,2025-03-25,35
1755,1655,LogX,2025-02-15,2025-02-19,35
1756,2915,Correios,2025-01-02,2025-01-10,20
1757,2771,LogX,2025-02-23,2025-03-03,-5
1758,4378,Correios,2025-02-06,2025-02-06,-5
1759,1899,Correios,2025-05-23,2025-05-21,35
1760,3374,LogX,2025-03-16,2025-03-17,20
1761,558,Correios,2025-05-06,2025-05-08,35
1762,3887,Correios,2025-06-29,2025-06-29,20
1763,4503,LogX,2025-06-17,2025-06-19,-5
1764,3684,Correios,2025-03-29,2025-03-30,20
1765,1475,Correios,2025-03-28,2025-03-29,35
1766,1039,Correios,2025-03-06,2025-03-15,-5
1767,1220,Correios,2025-06-25,2025-06-27,-5
1768,4822,LogX,2025-05-29,2025-06-04,20
1769,81,LogX,2025-02-03,2025-02-03,20
1770,4083,LogX,2025-04-23,2025-04-23,35
1771,3310,Correios,2025-02-17,2025-02-15,20
1772,4906,Correios,2025-04-12,2025-04-17,35
1773,2173,Correios,2025-03-10,2025-03-08,20
1774,409,Correios,2025-04-14,2025-04-21,35
1775,1278,Correios,2025-06-29,2025-06-30,20
1776,1146,LogX,2025-02-08,2025-02-13,-5
1777,541,Correios,2025-06-05,2025-06-15,-5
1778,4457,LogX,2025-02-14,2025-02-21,-5
1779,1892,LogX,2025-06-24,2025-06-25,35
1780,2739,LogX,2025-02-28,2025-03-09,35
1781,1889,LogX,2025-03-05,2025-03-05,-5
1782,1237,Correios,2025-04-11,2025-04-14,35
1783,4160,Correios,2025-06-09,2025-06-14,20
1784,1026,LogX,2025-05-04,2025-05-06,20
1785,652,LogX,2025-02-05,2025-02-08,-5
1786,2080,LogX,2025-06-26,2025-06-25,35
1787,4021,Correios,2025-06-14,2025-06-22,20
1788,1851,Correios,2025-01-23,2025-02-01,20
1789,2838,LogX,2025-02-15,2025-02-18,35
1790,890,Correios,2025-01-16,2025-01-23,35
1791,2434,Correios,2025-04-23,2025-04-28,-5
1792,4302,Correios,2025-06-05,2025-06-06,-5
1793,781,Correios,2025-05-06,2025-05-06,35
1794,1073,LogX,2025-04-13,2025-04-23,-5
1795,1872,Correios,2025-06-08,2025-06-15,20
1796,4084,Correios,2025-05-25,2025-05-30,35
1797,907,Correios,2025-01-03,2025-01-05,35
1798,2446,Correios,2025-04-02,2025-04-06,35
1799,639,LogX,2025-05-27,2025-06-06,-5
1800,4287,Correios,2025-04-11,2025-04-15,20
1801,3000,LogX,2025-01-26,2025-01-24,35
1802,2784,Correios,2025-06-03,2025-06-13,35
1803,2027,LogX,2025-02-15,2025-02-24,-5
1804,3769,LogX,2025-05-18,2025-05-26,35
1805,589,LogX,2025-04-03,2025-04-03,20
1806,4960,Correios,2025-03-01,2025-03-10,-5
1807,3094,Correios,2025-01-08,2025-01-15,35
1808,844,LogX,2025-06-21,2025-06-27,-5
1809,4936,LogX,2025-04-19,2025-04-27,-5
1810,1686,Correios,2025-05-01,2025-04-30,-5
1811,3874,Correios,2025-01-16,2025-01-14,35
1812,3861,Correios,2025-06-28,2025-06-28,20
1813,3131,Correios,2025-03-22,2025-04-01,20
1814,1938,LogX,2025-02-11,2025-02-18,35
1815,4037,LogX,2025-06-23,2025-07-02,-5
1816,2245,LogX,2025-03-28,2025-03-31,35
1817,4602,LogX,2025-02-05,2025-02-12,35
1818,4157,Correios,2025-06-25,2025-06-24,35
1819,2948,Correios,2025-04-01,2025-03-30,20
1820,4724,LogX,2025-04-13,2025-04-11,-5
1821,4761,LogX,2025-06-22,2025-06-21,-5
1822,4034,LogX,2025-05-27,2025-05-28,-5
1823,4404,LogX,2025-03-05,2025-03-04,20
1824,1292,LogX,2025-01-30,2025-02-09,20
1825,2327,Correios,2025-03-19,2025-03-26,20
1826,907,Correios,2025-06-08,2025-06-12,-5
1827,213,LogX,2025-04-23,2025-05-03,35
1828,3011,LogX,2025-06-01,2025-06-03,-5
1829,1005,Correios,2025-04-02,2025-04-08,35
1830,2874,LogX,2025-05-27,2025-05-26,-5
1831,4282,Correios,2025-06-04,2025-06-07,35
1832,2215,Correios,2025-03-11,2025-03-12,35
1833,229,LogX,2025-04-22,2025-04-24,35
1834,790,Correios,2025-04-21,2025-04-19,-5
1835,1123,LogX,2025-04-02,2025-04-11,35
1836,4121,Correios,2025-05-13,2025-05-18,-5
1837,1599,Correios,2025-05-13,2025-05-15,-5
1838,112,Correios,2025-04-28,2025-05-07,-5
1839,620,LogX,2025-01-08,2025-01-16,20
1840,2669,Correios,2025-02-20,2025-02-27,20
1841,2438,Correios,2025-06-21,2025-06-28,35
1842,4415,LogX,2025-06-16,2025-06-22,35
1843,2921,LogX,2025-05-31,2025-06-08,20
1844,2912,LogX,2025-01-12,2025-01-15,-5
1845,2324,Correios,2025-02-01,2025-02-10,20
1846,2620,LogX,2025-06-16,2025-06-20,20
1847,3726,Correios,2025-05-31,2025-05-29,20
1848,936,Correios,2025-06-16,2025-06-18,-5
1849,915,Correios,2025-03-02,2025-03-09,35
1850,4615,LogX,2025-03-30,2025-04-09,-5
1851,3775,LogX,2025-01-04,2025-01-11,-5
1852,3921,LogX,2025-04-06,2025-04-15,35
1853,2615,LogX,2025-02-05,2025-02-13,20
1854,2861,LogX,2025-02-03,2025-02-12,-5
1855,3722,LogX,2025-05-25,2025-05-26,35
1856,1686,LogX,2025-04-27,2025-05-04,35
1857,2896,Correios,2025-02-07,2025-02-13,-5
1858,1516,LogX,2025-03-26,2025-03-30,35
1859,2456,Correios,2025-06-16,2025-06-25,20
1860,2258,LogX,2025-03-13,2025-03-14,20
1861,962,LogX,2025-02-19,2025-02-23,35
1862,2727,LogX,2025-04-28,2025-04-29,20
1863,3351,Correios,2025-01-29,2025-02-06,20
1864,4443,LogX,2025-04-16,2025-04-22,20
1865,3360,LogX,2025-05-06,2025-05-09,35
1866,1547,Correios,2025-05-16,2025-05-25,-5
1867,4535,Correios,2025-02-16,2025-02-14,35
1868,481,LogX,2025-06-09,2025-06-11,35
1869,1807,LogX,2025-01-13,2025-01-12,20
1870,245,Correios,2025-06-12,2025-06-18,20
1871,1594,LogX,2025-05-05,2025-05-05,-5
1872,3922,LogX,2025-04-20,2025-04-20,35
1873,4056,LogX,2025-04-24,2025-04-28,-5
1874,3067,LogX,2025-01-07,2025-01-08,-5
1875,845,Correios,2025-04-14,2025-04-14,20
1876,1398,Correios,2025-04-22,2025-04-20,20
1877,3050,Correios,2025-04-25,2025-04-28,20
1878,4992,LogX,2025-02-23,2025-02-24,20
1879,133,LogX,2025-05-02,2025-05-02,20
1880,2683,Correios,2025-05-24,2025-06-02,-5
1881,2665,LogX,2025-03-15,2025-03-13,35
1882,4940,Correios,2025-03-11,2025-03-09,20
1883,4896,Correios,2025-06-26,2025-07-04,35
1884,1652,Correios,2025-06-23,2025-07-02,-5
1885,670,LogX,2025-06-16,2025-06-16,-5
1886,1953,Correios,2025-03-21,2025-03-21,35
1887,2012,Correios,2025-01-25,2025-01-28,35
1888,3788,LogX,2025-01-28,2025-02-03,-5
1889,667,Correios,2025-05-28,2025-06-01,-5
1890,2261,LogX,2025-04-16,2025-04-18,-5
1891,2378,LogX,2025-06-13,2025-06-12,20
1892,1057,Correios,2025-06-01,2025-06-07,-5
1893,546,Correios,2025-03-28,2025-04-03,35
1894,32,Correios,2025-04-02,2025-03-31,35
1895,2440,LogX,2025-01-19,2025-01-19,35
1896,22,Correios,2025-01-25,2025-02-02,-5
1897,1784,Correios,2025-03-16,2025-03-17,-5
1898,2433,LogX,2025-02-23,2025-03-04,-5
1899,1116,LogX,2025-02-19,2025-02-23,-5
1900,1056,LogX,2025-06-05,2025-06-10,-5
1901,4560,LogX,2025-01-14,2025-01-20,-5
1902,2969,LogX,2025-05-30,2025-06-04,-5
1903,1718,LogX,2025-04-19,2025-04-27,20
1904,4860,LogX,2025-05-21,2025-05-22,20
1905,2872,Correios,2025-04-21,2025-04-20,35
1906,2315,LogX,2025-05-21,2025-05-30,-5
1907,976,Correios,2025-05-12,2025-05-10,-5
1908,340,Correios,2025-02-05,2025-02-15,35
1909,1960,LogX,2025-06-10,2025-06-15,-5
1910,4804,Correios,2025-04-06,2025-04-10,20
1911,2773,Correios,2025-04-26,2025-05-04,35
1912,4576,LogX,2025-05-04,2025-05-05,20
1913,2006,LogX,2025-02-15,2025-02-20,-5
1914,12,Correios,2025-01-27,2025-02-04,-5
1915,3228,LogX,2025-05-23,2025-05-25,20
1916,3593,Correios,2025-04-17,2025-04-25,20
1917,3576,Correios,2025-05-06,2025-05-14,20
1918,1836,Correios,2025-01-01,2025-01-06,20
1919,1789,Correios,2025-02-07,2025-02-07,-5
1920,1240,Correios,2025-03-08,2025-03-11,20
1921,393,LogX,2025-02-01,2025-02-05,-5
1922,1170,Correios,2025-03-17,2025-03-26,-5
1923,2551,LogX,2025-04-08,2025-04-08,35
1924,1130,Correios,2025-05-03,2025-05-10,-5
1925,4787,LogX,2025-03-08,2025-03-08,-5
1926,2523,Correios,2025-04-29,2025-05-09,20
1927,3297,Correios,2025-01-29,2025-02-03,35
1928,3118,Correios,2025-03-20,2025-03-29,-5
1929,2111,LogX,2025-05-30,2025-06-08,-5
1930,4897,Correios,2025-01-26,2025-02-02,35
1931,4858,LogX,2025-02-09,2025-02-08,-5
1932,3236,LogX,2025-06-06,2025-06-09,35
1933,1895,Correios,2025-06-13,2025-06-18,-5
1934,3217,Correios,2025-02-15,2025-02-15,35
1935,1824,LogX,2025-01-16,2025-01-14,20
1936,908,LogX,2025-03-23,2025-04-01,20
1937,4379,LogX,2025-01-29,2025-02-03,20
1938,4437,LogX,2025-01-14,2025-01-14,20
1939,1053,Correios,2025-04-23,2025-04-23,20
1940,4054,Correios,2025-06-29,2025-06-27,20
1941,604,Correios,2025-01-15,2025-01-17,-5
1942,3722,LogX,2025-05-25,2025-06-02,20
1943,350,LogX,2025-02-17,2025-02-22,-5
1944,96,LogX,2025-04-11,2025-04-12,35
1945,734,LogX,2025-05-03,2025-05-09,35
1946,3362,Correios,2025-03-20,2025-03-28,20
1947,161,Correios,2025-01-18,2025-01-17,35
1948,4798,Correios,2025-02-11,2025-02-13,35
1949,4462,LogX,2025-02-21,2025-03-03,20
1950,3264,LogX,2025-02-06,2025-02-15,35
1951,1442,LogX,2025-06-29,2025-06-28,20
1952,1579,Correios,2025-05-28,2025-05-26,20
1953,4215,Correios,2025-05-07,2025-05-14,35
1954,4290,LogX,2025-05-28,2025-06-06,35
1955,3873,Correios,2025-06-16,2025-06-23,20
1956,2500,LogX,2025-06-13,2025-06-22,-5
1957,770,LogX,2025-03-07,2025-03-14,-5
1958,4274,LogX,2025-06-04,2025-06-14,20
1959,4233,Correios,2025-03-01,2025-03-09,20
1960,43,LogX,2025-05-07,2025-05-10,20
1961,566,Correios,2025-02-13,2025-02-11,-5
1962,4330,LogX,2025-03-19,2025-03-19,35
1963,4631,LogX,2025-04-07,2025-04-14,20
1964,1154,LogX,2025-05-24,2025-05-28,35
1965,1431,LogX,2025-06-13,2025-06-15,35
1966,3077,LogX,2025-06-21,2025-06-28,20
1967,334,Correios,2025-02-11,2025-02-09,-5
1968,4832,Correios,2025-04-03,2025-04-10,20
1969,1638,Correios,2025-03-27,2025-04-06,20
1970,498,LogX,2025-05-13,2025-05-11,35
1971,2914,LogX,2025-03-12,2025-03-16,-5
1972,2686,Correios,2025-02-26,2025-02-24,20
1973,3089,Correios,2025-06-02,2025-06-03,35
1974,3313,LogX,2025-03-21,2025-03-29,35
1975,1689,Correios,2025-04-08,2025-04-08,20
1976,200,LogX,2025-05-26,2025-05-28,20
1977,3432,LogX,2025-03-25,2025-03-30,20
1978,4493,Correios,2025-06-17,2025-06-22,35
1979,130,Correios,2025-01-30,2025-02-04,35
1980,130,LogX,2025-01-15,2025-01-24,-5
1981,4935,Correios,2025-03-23,2025-03-22,20
1982,3870,Correios,2025-06-09,2025-06-07,-5
1983,1365,Correios,2025-05-16,2025-05-23,20
1984,970,Correios,2025-05-16,2025-05-20,-5
1985,4603,Correios,2025-04-09,2025-04-17,20
1986,1478,Correios,2025-06-01,2025-06-01,-5
1987,2440,Correios,2025-01-26,2025-01-31,20
1988,1930,LogX,2025-01-29,2025-02-01,-5
1989,1687,Correios,2025-01-28,2025-01-31,20
1990,1438,Correios,2025-06-04,2025-06-06,20
1991,2022,LogX,2025-03-05,2025-03-07,20
1992,2843,Correios,2025-04-21,2025-04-19,35
1993,1045,Correios,2025-05-01,2025-05-11,20
1994,3898,LogX,2025-06-26,2025-06-27,20
1995,1378,LogX,2025-04-25,2025-04-29,35
1996,2461,LogX,2025-02-03,2025-02-07,35
1997,3238,Correios,2025-04-23,2025-04-27,20
1998,3539,Correios,2025-06-02,2025-06-03,-5
1999,1880,LogX,2025-02-24,2025-03-06,35
2000,1562,LogX,2025-02-24,2025-02-27,35
2001,3891,LogX,2025-04-07,2025-04-17,20
2002,689,LogX,2025-04-14,2025-04-17,35
2003,1881,LogX,2025-01-14,2025-01-24,35
2004,1535,LogX,2025-05-09,2025-05-08,20
2005,2396,LogX,2025-06-16,2025-06-15,-5
2006,853,Correios,2025-01-22,2025-01-28,35
2007,1201,LogX,2025-06-28,2025-07-07,20
2008,219,Correios,2025-05-12,2025-05-22,20
2009,3112,LogX,2025-04-24,2025-04-30,-5
2010,2317,LogX,2025-04-07,2025-04-14,35
2011,2479,LogX,2025-01-31,2025-01-29,-5
2012,3986,LogX,2025-02-28,2025-03-03,20
2013,1353,LogX,2025-01-03,2025-01-09,20
2014,1485,Correios,2025-06-27,2025-07-01,20
2015,3436,Correios,2025-05-16,2025-05-20,35
2016,3444,Correios,2025-04-09,2025-04-12,-5
2017,2514,LogX,2025-04-18,2025-04-19,20
2018,4440,Correios,2025-02-16,2025-02-23,35
2019,3885,LogX,2025-04-16,2025-04-16,-5
2020,36,LogX,2025-04-18,2025-04-20,-5
2021,3013,Correios,2025-05-04,2025-05-11,-5
2022,790,Correios,2025-02-05,2025-02-15,35
2023,983,Correios,2025-03-22,2025-03-28,-5
2024,4146,Correios,2025-05-25,2025-05-24,20
2025,1820,LogX,2025-06-02,2025-06-06,35
2026,590,LogX,2025-01-17,2025-01-27,-5
2027,3250,Correios,2025-04-09,2025-04-19,35
2028,4071,Correios,2025-02-10,2025-02-08,-5
2029,3978,LogX,2025-04-11,2025-04-12,-5
2030,1919,LogX,2025-01-24,2025-02-03,35
2031,1982,Correios,2025-03-13,2025-03-20,35
2032,1677,LogX,2025-01-14,2025-01-24,-5
2033,1049,LogX,2025-01-14,2025-01-23,-5
2034,3600,LogX,2025-03-26,2025-03-25,35
2035,622,Correios,2025-05-01,2025-05-04,35
2036,1652,LogX,2025-03-01,2025-03-04,20
2037,4623,LogX,2025-04-06,2025-04-04,20
2038,3696,LogX,2025-02-08,2025-02-09,-5
2039,3001,Correios,2025-06-14,2025-06-13,20
2040,2455,Correios,2025-01-22,2025-01-25,-5
2041,3074,Correios,2025-05-09,2025-05-17,-5
2042,4574,Correios,2025-01-03,2025-01-10,35
2043,4325,LogX,2025-06-10,2025-06-20,35
2044,4529,Correios,2025-06-17,2025-06-16,20
2045,2479,Correios,2025-03-30,2025-04-08,20
2046,1333,Correios,2025-04-09,2025-04-10,20
2047,1536,LogX,2025-03-02,2025-03-05,20
2048,4352,LogX,2025-06-05,2025-06-14,20
2049,1834,LogX,2025-04-10,2025-04-09,-5
2050,618,Correios,2025-06-07,2025-06-12,35
2051,4452,Correios,2025-05-26,2025-05-31,-5
2052,2480,Correios,2025-01-13,2025-01-12,35
2053,1033,LogX,2025-03-26,2025-04-05,-5
2054,1348,Correios,2025-05-11,2025-05-20,35
2055,1866,Correios,2025-05-14,2025-05-15,-5
2056,1404,Correios,2025-02-23,2025-03-03,35
2057,2548,Correios,2025-02-17,2025-02-24,35
2058,4622,Correios,2025-06-16,2025-06-18,20
2059,1910,LogX,2025-03-14,2025-03-12,20
2060,1354,Correios,2025-04-13,2025-04-23,20
2061,2555,LogX,2025-04-16,2025-04-19,35
2062,2535,LogX,2025-03-01,2025-02-27,20
2063,182,LogX,2025-02-11,2025-02-14,-5
2064,3180,LogX,2025-04-21,2025-04-26,20
2065,990,LogX,2025-01-05,2025-01-07,35
2066,4341,Correios,2025-06-28,2025-07-03,35
2067,1716,Correios,2025-06-13,2025-06-16,35
2068,804,Correios,2025-03-15,2025-03-13,35
2069,42,Correios,2025-05-23,2025-05-29,20
2070,719,LogX,2025-01-15,2025-01-16,20
2071,2795,Correios,2025-04-10,2025-04-08,20
2072,3936,Correios,2025-06-04,2025-06-12,35
2073,1002,LogX,2025-03-26,2025-03-24,-5
2074,3507,LogX,2025-06-02,2025-06-01,35
2075,3485,LogX,2025-05-29,2025-06-08,20
2076,4123,Correios,2025-03-24,2025-03-23,35
2077,4210,Correios,2025-06-13,2025-06-11,35
2078,3464,LogX,2025-03-21,2025-03-29,20
2079,234,Correios,2025-03-27,2025-04-03,20
2080,3214,LogX,2025-04-16,2025-04-18,20
2081,4495,LogX,2025-01-15,2025-01-19,35
2082,773,Correios,2025-03-16,2025-03-19,-5
2083,287,LogX,2025-04-15,2025-04-24,20
2084,4255,Correios,2025-01-10,2025-01-14,20
2085,4888,Correios,2025-03-05,2025-03-08,20
2086,3885,Correios,2025-03-12,2025-03-21,-5
2087,3178,Correios,2025-04-18,2025-04-16,35
2088,4542,LogX,2025-06-24,2025-06-30,35
2089,3345,LogX,2025-02-26,2025-03-01,35
2090,1968,Correios,2025-04-26,2025-04-24,35
2091,2720,LogX,2025-01-22,2025-01-25,20
2092,621,LogX,2025-06-06,2025-06-16,20
2093,36,LogX,2025-02-14,2025-02-13,-5
2094,4124,Correios,2025-05-04,2025-05-10,20
2095,1086,LogX,2025-05-13,2025-05-12,35
2096,4097,LogX,2025-06-21,2025-06-22,20
2097,1969,Correios,2025-03-18,2025-03-21,35
2098,2870,LogX,2025-06-03,2025-06-09,20
2099,3846,LogX,2025-06-15,2025-06-22,35
2100,1269,Correios,2025-06-14,2025-06-13,35
2101,3838,Correios,2025-06-23,2025-07-03,-5
2102,4221,Correios,2025-02-06,2025-02-08,-5
2103,4635,LogX,2025-01-04,2025-01-10,35
2104,2940,LogX,2025-03-08,2025-03-08,35
2105,477,Correios,2025-06-27,2025-06-26,35
2106,2588,LogX,2025-05-16,2025-05-24,35
2107,243,Correios,2025-02-24,2025-03-06,-5
2108,2644,LogX,2025-06-06,2025-06-06,20
2109,237,Correios,2025-01-04,2025-01-10,-5
2110,260,LogX,2025-05-02,2025-05-05,35
2111,710,LogX,2025-06-04,2025-06-09,20
2112,4575,Correios,2025-01-02,2025-01-12,-5
2113,4442,LogX,2025-06-07,2025-06-11,-5
2114,4984,LogX,2025-05-18,2025-05-26,20
2115,3517,LogX,2025-01-28,2025-02-01,20
2116,4978,Correios,2025-02-09,2025-02-19,-5
2117,463,Correios,2025-03-29,2025-04-02,20
2118,3875,Correios,2025-01-12,2025-01-14,35
2119,155,Correios,2025-04-15,2025-04-19,20
2120,3831,LogX,2025-02-05,2025-02-04,-5
2121,4825,Correios,2025-03-18,2025-03-20,35
2122,3590,Correios,2025-03-13,2025-03-21,20
2123,3359,Correios,2025-02-13,2025-02-14,-5
2124,3376,Correios,2025-06-19,2025-06-27,35
2125,4009,LogX,2025-02-04,2025-02-06,35
2126,4321,Correios,2025-06-09,2025-06-15,35
2127,3100,Correios,2025-06-22,2025-06-23,35
2128,793,LogX,2025-06-19,2025-06-20,20
2129,1313,Correios,2025-05-30,2025-06-02,20
2130,2155,LogX,2025-04-11,2025-04-20,35
2131,1988,LogX,2025-05-09,2025-05-17,35
2132,2149,Correios,2025-01-09,2025-01-10,35
2133,3574,Correios,2025-05-14,2025-05-23,-5
2134,481,LogX,2025-01-03,2025-01-10,20
2135,1730,Correios,2025-03-20,2025-03-29,20
2136,42,LogX,2025-03-02,2025-03-09,35
2137,886,Correios,2025-03-08,2025-03-08,35
2138,4667,LogX,2025-01-09,2025-01-13,35
2139,140,LogX,2025-04-11,2025-04-20,20
2140,3484,Correios,2025-01-12,2025-01-22,-5
2141,580,LogX,2025-02-06,2025-02-12,-5
2142,4856,LogX,2025-03-21,2025-03-26,-5
2143,560,LogX,2025-01-21,2025-01-25,20
2144,3293,LogX,2025-03-02,2025-03-07,35
2145,4082,Correios,2025-01-13,2025-01-17,-5
2146,1053,LogX,2025-02-26,2025-02-26,35
2147,3747,Correios,2025-01-26,2025-01-26,-5
2148,3332,LogX,2025-03-03,2025-03-03,-5
2149,1845,Correios,2025-04-13,2025-04-19,20
2150,4137,Correios,2025-01-26,2025-01-27,20
2151,1603,Correios,2025-05-24,2025-05-31,20
2152,3159,Correios,2025-01-23,2025-01-25,20
2153,2764,LogX,2025-04-20,2025-04-29,20
2154,4993,LogX,2025-06-25,2025-06-24,20
2155,2105,LogX,2025-03-28,2025-04-07,35
2156,223,Correios,2025-04-30,2025-04-28,20
2157,3722,Correios,2025-03-18,2025-03-22,35
2158,2348,Correios,2025-06-15,2025-06-14,35
2159,4583,Correios,2025-06-01,2025-05-30,-5
2160,97,LogX,2025-03-15,2025-03-20,20
2161,392,LogX,2025-05-12,2025-05-11,20
2162,3984,Correios,2025-01-19,2025-01-20,-5
2163,2544,Correios,2025-05-20,2025-05-20,20
2164,3575,LogX,2025-06-06,2025-06-14,20
2165,3471,LogX,2025-06-29,2025-07-05,20
2166,4962,LogX,2025-02-15,2025-02-14,20
2167,1940,LogX,2025-06-26,2025-06-24,20
2168,3805,LogX,2025-01-04,2025-01-05,20
2169,3137,Correios,2025-01-29,2025-01-31,20
2170,3924,LogX,2025-03-20,2025-03-23,20
2171,704,LogX,2025-01-31,2025-01-29,-5
2172,33,LogX,2025-01-06,2025-01-07,-5
2173,125,LogX,2025-05-10,2025-05-11,-5
2174,4868,LogX,2025-03-10,2025-03-20,20
2175,6,LogX,2025-04-17,2025-04-19,-5
2176,4155,LogX,2025-04-02,2025-03-31,20
2177,4413,LogX,2025-06-15,2025-06-19,35
2178,2054,Correios,2025-03-21,2025-03-25,35
2179,4646,Correios,2025-02-08,2025-02-06,20
2180,3818,Correios,2025-01-04,2025-01-04,20
2181,3095,Correios,2025-02-26,2025-03-06,-5
2182,4879,Correios,2025-01-12,2025-01-10,20
2183,1817,Correios,2025-04-20,2025-04-28,-5
2184,1649,Correios,2025-04-17,2025-04-16,20
2185,512,Correios,2025-03-23,2025-04-01,20
2186,338,Correios,2025-01-16,2025-01-24,-5
2187,2031,Correios,2025-05-20,2025-05-22,35
2188,4782,LogX,2025-02-09,2025-02-18,-5
2189,2485,LogX,2025-04-06,2025-04-14,35
2190,822,Correios,2025-02-13,2025-02-12,35
2191,3715,LogX,2025-01-24,2025-01-30,35
2192,4421,Correios,2025-03-27,2025-04-06,20
2193,2295,Correios,2025-05-28,2025-05-30,20
2194,4865,LogX,2025-03-07,2025-03-05,20
2195,2491,LogX,2025-05-05,2025-05-11,-5
2196,3703,LogX,2025-04-13,2025-04-17,20
2197,4984,LogX,2025-05-20,2025-05-30,35
2198,246,Correios,2025-04-09,2025-04-13,-5
2199,1137,LogX,2025-06-30,2025-07-10,35
2200,4976,Correios,2025-04-09,2025-04-17,20
2201,3116,LogX,2025-03-11,2025-03-16,-5
2202,4467,Correios,2025-04-05,2025-04-08,-5
2203,974,LogX,2025-06-13,2025-06-13,-5
2204,2071,Correios,2025-06-27,2025-07-06,-5
2205,595,LogX,2025-03-17,2025-03-23,35
2206,1094,Correios,2025-02-24,2025-03-01,35
2207,1377,Correios,2025-03-18,2025-03-27,20
2208,44,LogX,2025-05-09,2025-05-17,-5
2209,2431,LogX,2025-02-16,2025-02-20,-5
2210,1985,LogX,2025-05-01,2025-05-03,35
2211,1754,LogX,2025-01-21,2025-01-25,35
2212,4348,Correios,2025-04-02,2025-04-01,20
2213,2050,Correios,2025-06-11,2025-06-11,35
2214,1491,LogX,2025-04-15,2025-04-19,35
2215,4305,Correios,2025-02-13,2025-02-22,35
2216,3640,LogX,2025-06-25,2025-07-03,35
2217,3352,LogX,2025-03-30,2025-04-08,-5
2218,1750,Correios,2025-04-19,2025-04-21,35
2219,1908,LogX,2025-02-21,2025-02-19,-5
2220,2101,LogX,2025-01-11,2025-01-17,20
2221,155,LogX,2025-04-14,2025-04-16,35
2222,3915,LogX,2025-04-21,2025-05-01,35
2223,1472,LogX,2025-02-07,2025-02-14,35
2224,3800,LogX,2025-04-27,2025-04-28,35
2225,4409,LogX,2025-03-18,2025-03-28,35
2226,3991,Correios,2025-04-16,2025-04-15,35
2227,3077,Correios,2025-03-06,2025-03-08,20
2228,4301,Correios,2025-01-26,2025-02-05,-5
2229,3895,Correios,2025-04-17,2025-04-19,20
2230,3332,LogX,2025-05-10,2025-05-15,-5
2231,1248,Correios,2025-05-04,2025-05-08,35
2232,1816,LogX,2025-01-31,2025-02-10,20
2233,4335,LogX,2025-02-28,2025-03-07,-5
2234,2007,Correios,2025-04-19,2025-04-29,20
2235,79,Correios,2025-01-15,2025-01-22,35
2236,1730,LogX,2025-03-13,2025-03-22,35
2237,997,Correios,2025-03-10,2025-03-19,35
2238,2883,Correios,2025-06-29,2025-06-29,-5
2239,1194,LogX,2025-04-12,2025-04-16,35
2240,1731,LogX,2025-01-07,2025-01-17,-5
2241,4078,Correios,2025-05-30,2025-06-08,35
2242,1724,Correios,2025-03-14,2025-03-16,35
2243,2077,Correios,2025-06-05,2025-06-13,35
2244,357,LogX,2025-02-20,2025-02-26,35
2245,1101,Correios,2025-04-05,2025-04-08,35
2246,1645,LogX,2025-01-04,2025-01-06,-5
2247,3471,Correios,2025-04-16,2025-04-17,35
2248,2566,LogX,2025-04-12,2025-04-16,20
2249,771,Correios,2025-01-04,2025-01-13,20
2250,4963,LogX,2025-03-25,2025-04-02,-5
2251,2668,Correios,2025-01-07,2025-01-09,20
2252,3952,LogX,2025-02-15,2025-02-24,-5
2253,1637,Correios,2025-02-15,2025-02-16,20
2254,3169,LogX,2025-01-04,2025-01-04,20
2255,4356,Correios,2025-06-24,2025-06-23,20
2256,1595,Correios,2025-03-04,2025-03-02,-5
2257,3762,LogX,2025-06-28,2025-07-07,35
2258,643,LogX,2025-06-15,2025-06-13,20
2259,2717,LogX,2025-06-08,2025-06-12,-5
2260,3460,LogX,2025-06-08,2025-06-08,-5
2261,2473,Correios,2025-02-07,2025-02-09,20
2262,499,LogX,2025-02-11,2025-02-12,35
2263,1147,LogX,2025-01-11,2025-01-10,35
2264,219,Correios,2025-05-17,2025-05-23,-5
2265,4295,LogX,2025-06-16,2025-06-24,-5
2266,4285,Correios,2025-05-08,2025-05-13,-5
2267,3019,LogX,2025-03-16,2025-03-14,20
2268,1730,LogX,2025-02-26,2025-03-03,20
2269,2515,Correios,2025-02-07,2025-02-09,20
2270,1086,LogX,2025-03-26,2025-04-02,20
2271,3634,LogX,2025-05-26,2025-05-27,35
2272,56,LogX,2025-01-15,2025-01-16,20
2273,2443,LogX,2025-05-21,2025-05-31,20
2274,3242,Correios,2025-01-16,2025-01-23,20
2275,2922,Correios,2025-05-09,2025-05-08,-5
2276,24,LogX,2025-04-20,2025-04-24,35
2277,237,LogX,2025-04-25,2025-04-25,20
2278,2846,Correios,2025-03-13,2025-03-11,35
2279,2105,Correios,2025-05-13,2025-05-12,35
2280,2487,Correios,2025-06-21,2025-06-23,20
2281,3947,Correios,2025-01-07,2025-01-11,35
2282,4154,LogX,2025-03-24,2025-03-26,-5
2283,4375,Correios,2025-02-20,2025-02-24,35
2284,3889,LogX,2025-05-06,2025-05-07,-5
2285,796,LogX,2025-01-30,2025-02-03,-5
2286,4139,LogX,2025-05-25,2025-05-30,-5
2287,4353,LogX,2025-05-10,2025-05-16,20
2288,1268,LogX,2025-06-13,2025-06-16,20
2289,2334,LogX,2025-02-04,2025-02-12,20
2290,531,LogX,2025-04-08,2025-04-11,20
2291,1796,Correios,2025-02-23,2025-03-05,35
2292,3843,LogX,2025-04-01,2025-04-10,-5
2293,980,LogX,2025-05-18,2025-05-23,35
2294,4206,LogX,2025-02-05,2025-02-14,35
2295,4800,LogX,2025-06-09,2025-06-08,35
2296,931,Correios,2025-03-24,2025-04-02,20
2297,328,Correios,2025-04-04,2025-04-14,-5
2298,2898,LogX,2025-03-02,2025-03-08,35
2299,4,LogX,2025-05-29,2025-06-01,20
2300,4053,LogX,2025-03-11,2025-03-17,35
2301,3059,Correios,2025-01-21,2025-01-23,-5
2302,4463,LogX,2025-04-25,2025-04-27,-5
2303,3316,Correios,2025-05-17,2025-05-15,20
2304,1247,LogX,2025-06-16,2025-06-16,35
2305,1127,LogX,2025-02-24,2025-02-23,35
2306,2036,LogX,2025-05-23,2025-05-23,35
2307,3308,LogX,2025-03-04,2025-03-12,-5
2308,418,Correios,2025-04-01,2025-04-01,20
2309,4744,LogX,2025-01-12,2025-01-19,35
2310,557,Correios,2025-05-22,2025-05-25,-5
2311,3825,Correios,2025-04-21,2025-04-29,20
2312,4108,Correios,2025-02-18,2025-02-22,-5
2313,3806,Correios,2025-01-21,2025-01-30,20
2314,1512,Correios,2025-04-15,2025-04-23,-5
2315,899,Correios,2025-03-28,2025-03-26,35
2316,2559,LogX,2025-05-17,2025-05-24,20
2317,4142,Correios,2025-01-19,2025-01-22,35
2318,3623,LogX,2025-02-04,2025-02-13,-5
2319,75,Correios,2025-04-14,2025-04-22,20
2320,4121,Correios,2025-05-20,2025-05-22,35
2321,2924,Correios,2025-01-28,2025-02-01,35
2322,3678,Correios,2025-02-21,2025-02-26,20
2323,3830,Correios,2025-06-16,2025-06-14,35
2324,1119,LogX,2025-05-21,2025-05-29,-5
2325,51,Correios,2025-05-24,2025-05-26,35
2326,3201,Correios,2025-06-28,2025-06-27,35
2327,2060,Correios,2025-01-03,2025-01-04,20
2328,1370,LogX,2025-03-05,2025-03-03,20
2329,3121,LogX,2025-03-12,2025-03-20,-5
2330,4401,LogX,2025-04-08,2025-04-06,20
2331,960,LogX,2025-04-10,2025-04-09,35
2332,522,LogX,2025-05-17,2025-05-15,-5
2333,58,LogX,2025-05-27,2025-06-02,20
2334,1084,Correios,2025-05-01,2025-05-04,35
2335,3959,LogX,2025-03-09,2025-03-07,20
2336,3584,Correios,2025-06-10,2025-06-18,20
2337,4345,Correios,2025-04-26,2025-04-30,20
2338,3301,LogX,2025-03-11,2025-03-17,-5
2339,622,Correios,2025-05-10,2025-05-17,-5
2340,769,Correios,2025-06-28,2025-07-02,-5
2341,4703,Correios,2025-03-13,2025-03-12,20
2342,4882,Correios,2025-06-09,2025-06-14,20
2343,2025,LogX,2025-02-18,2025-02-26,20
2344,4433,Correios,2025-03-03,2025-03-03,-5
2345,2368,Correios,2025-05-22,2025-05-28,-5
2346,2687,Correios,2025-05-22,2025-05-21,-5
2347,3562,Correios,2025-02-10,2025-02-13,-5
2348,2710,Correios,2025-01-10,2025-01-14,-5
2349,34,Correios,2025-03-13,2025-03-20,35
2350,1480,Correios,2025-06-25,2025-06-23,35
2351,4892,Correios,2025-04-05,2025-04-08,20
2352,4555,LogX,2025-01-10,2025-01-17,35
2353,4591,LogX,2025-02-19,2025-02-23,35
2354,465,LogX,2025-06-27,2025-06-26,20
2355,4423,Correios,2025-01-16,2025-01-15,-5
2356,738,Correios,2025-06-10,2025-06-19,35
2357,2546,Correios,2025-05-24,2025-05-31,35
2358,2782,Correios,2025-01-28,2025-02-03,-5
2359,645,Correios,2025-01-01,2025-01-01,-5
2360,1257,LogX,2025-04-09,2025-04-18,20
2361,2327,Correios,2025-03-25,2025-03-27,20
2362,4090,Correios,2025-02-18,2025-02-18,20
2363,4951,LogX,2025-04-30,2025-05-03,-5
2364,676,LogX,2025-06-08,2025-06-10,35
2365,3949,Correios,2025-04-11,2025-04-09,20
2366,2651,LogX,2025-02-06,2025-02-06,-5
2367,2028,LogX,2025-02-20,2025-02-20,20
2368,4372,Correios,2025-01-24,2025-01-26,35
2369,3536,LogX,2025-05-27,2025-05-26,-5
2370,834,LogX,2025-06-30,2025-07-02,20
2371,4569,Correios,2025-03-26,2025-03-24,20
2372,804,Correios,2025-05-03,2025-05-01,-5
2373,4493,Correios,2025-05-19,2025-05-24,-5
2374,3339,LogX,2025-06-03,2025-06-05,35
2375,2032,LogX,2025-01-03,2025-01-04,35
2376,1132,LogX,2025-04-24,2025-05-01,-5
2377,2108,LogX,2025-06-29,2025-07-01,35
2378,1422,Correios,2025-06-18,2025-06-18,20
2379,949,Correios,2025-03-04,2025-03-04,-5
2380,764,LogX,2025-01-09,2025-01-14,20
2381,4667,Correios,2025-04-28,2025-05-06,20
2382,4309,Correios,2025-06-06,2025-06-09,20
2383,2746,Correios,2025-01-11,2025-01-17,35
2384,601,Correios,2025-04-09,2025-04-19,20
2385,4234,Correios,2025-02-10,2025-02-20,35
2386,261,Correios,2025-04-30,2025-05-02,20
2387,3155,LogX,2025-03-27,2025-04-02,20
2388,3507,Correios,2025-04-29,2025-04-29,-5
2389,3438,Correios,2025-05-27,2025-05-25,35
2390,2851,LogX,2025-06-30,2025-07-09,-5
2391,3858,Correios,2025-03-24,2025-04-03,20
2392,1228,Correios,2025-06-18,2025-06-22,-5
2393,2352,LogX,2025-01-10,2025-01-18,-5
2394,139,LogX,2025-04-02,2025-04-04,35
2395,3809,LogX,2025-01-26,2025-01-28,20
2396,3573,Correios,2025-03-01,2025-03-04,20
2397,2292,Correios,2025-06-25,2025-06-25,35
2398,1437,Correios,2025-04-21,2025-04-25,-5
2399,3658,Correios,2025-05-29,2025-06-01,20
2400,1004,Correios,2025-05-17,2025-05-19,20
2401,4165,LogX,2025-05-26,2025-05-27,35
2402,233,Correios,2025-04-16,2025-04-25,20
2403,3276,LogX,2025-02-01,2025-02-11,35
2404,2178,Correios,2025-01-11,2025-01-14,35
2405,2844,Correios,2025-04-10,2025-04-13,35
2406,851,Correios,2025-02-19,2025-02-26,20
2407,4913,LogX,2025-02-14,2025-02-17,20
2408,373,Correios,2025-02-16,2025-02-20,20
2409,1326,Correios,2025-03-15,2025-03-19,-5
2410,82,LogX,2025-01-14,2025-01-17,20
2411,4175,Correios,2025-01-08,2025-01-08,-5
2412,2951,LogX,2025-06-30,2025-07-05,-5
2413,1482,Correios,2025-03-17,2025-03-16,35
2414,2888,LogX,2025-06-11,2025-06-12,20
2415,1347,Correios,2025-01-14,2025-01-19,-5
2416,588,Correios,2025-01-11,2025-01-20,-5
2417,3208,LogX,2025-03-08,2025-03-18,20
2418,3281,LogX,2025-01-27,2025-01-28,35
2419,4919,Correios,2025-05-20,2025-05-20,20
2420,1897,Correios,2025-01-01,2025-01-11,35
2421,1470,Correios,2025-02-01,2025-02-05,20
2422,1431,LogX,2025-01-07,2025-01-07,35
2423,3382,Correios,2025-03-02,2025-03-03,35
2424,242,LogX,2025-06-16,2025-06-17,35
2425,2230,Correios,2025-03-25,2025-03-29,20
2426,4936,Correios,2025-04-30,2025-05-04,-5
2427,1019,Correios,2025-04-14,2025-04-15,-5
2428,3661,LogX,2025-03-24,2025-03-26,20
2429,3642,Correios,2025-01-16,2025-01-26,-5
2430,4711,Correios,2025-01-02,2025-01-04,35
2431,4334,Correios,2025-05-12,2025-05-21,35
2432,3103,LogX,2025-05-04,2025-05-12,35
2433,3473,LogX,2025-04-01,2025-04-09,-5
2434,318,LogX,2025-01-05,2025-01-07,20
2435,2847,Correios,2025-04-06,2025-04-11,20
2436,4515,Correios,2025-04-27,2025-05-02,35
2437,2631,Correios,2025-05-29,2025-05-30,-5
2438,2445,Correios,2025-01-19,2025-01-21,35
2439,3625,LogX,2025-06-24,2025-06-29,35
2440,2750,LogX,2025-05-26,2025-05-28,35
2441,4211,LogX,2025-03-12,2025-03-21,35
2442,2228,Correios,2025-01-01,2025-01-10,20
2443,4050,Correios,2025-03-17,2025-03-18,20
2444,2423,Correios,2025-06-22,2025-06-29,35
2445,1935,LogX,2025-05-09,2025-05-18,-5
2446,3689,Correios,2025-02-17,2025-02-21,35
2447,4978,Correios,2025-06-06,2025-06-05,20
2448,792,LogX,2025-03-06,2025-03-04,-5
2449,1065,Correios,2025-05-16,2025-05-15,20
2450,22,Correios,2025-04-19,2025-04-20,35
2451,3633,LogX,2025-02-26,2025-02-26,20
2452,929,LogX,2025-01-24,2025-02-02,35
2453,2613,Correios,2025-03-17,2025-03-19,20
2454,1353,LogX,2025-05-31,2025-06-02,35
2455,1634,Correios,2025-05-06,2025-05-09,35
2456,4310,LogX,2025-01-01,2025-01-05,20
2457,2602,LogX,2025-04-16,2025-04-23,20
2458,2522,LogX,2025-02-08,2025-02-06,20
2459,1589,LogX,2025-06-20,2025-06-22,20
2460,1808,LogX,2025-04-21,2025-04-24,20
2461,1614,LogX,2025-01-02,2025-01-02,-5
2462,3222,Correios,2025-06-20,2025-06-21,-5
2463,2572,LogX,2025-01-20,2025-01-30,-5
2464,3442,LogX,2025-04-30,2025-05-10,35
2465,4441,LogX,2025-04-10,2025-04-19,35
2466,3676,Correios,2025-02-10,2025-02-08,20
2467,1345,Correios,2025-06-11,2025-06-09,35
2468,1276,LogX,2025-01-08,2025-01-13,35
2469,2158,Correios,2025-04-12,2025-04-22,-5
2470,2019,LogX,2025-01-16,2025-01-25,20
2471,4370,Correios,2025-06-22,2025-06-25,20
2472,3684,LogX,2025-06-22,2025-06-23,-5
2473,2997,LogX,2025-05-17,2025-05-18,35
2474,1414,Correios,2025-05-14,2025-05-24,20
2475,1147,Correios,2025-01-23,2025-01-28,-5
2476,2775,Correios,2025-03-03,2025-03-13,20
2477,911,LogX,2025-03-27,2025-03-27,-5
2478,4796,Correios,2025-06-10,2025-06-15,-5
2479,66,Correios,2025-03-10,2025-03-14,20
2480,2250,Correios,2025-04-17,2025-04-26,-5
2481,2585,Correios,2025-06-25,2025-07-02,-5
2482,897,Correios,2025-02-25,2025-03-06,35
2483,3492,Correios,2025-06-16,2025-06-21,20
2484,4937,Correios,2025-04-23,2025-04-24,20
2485,343,Correios,2025-02-28,2025-02-27,20
2486,727,LogX,2025-01-28,2025-01-29,20
2487,134,Correios,2025-05-29,2025-06-07,-5
2488,4002,LogX,2025-02-12,2025-02-12,20
2489,3769,Correios,2025-05-05,2025-05-08,35
2490,507,LogX,2025-04-23,2025-04-21,35
2491,3713,Correios,2025-03-18,2025-03-23,20
2492,2862,Correios,2025-01-13,2025-01-11,-5
2493,2158,LogX,2025-06-28,2025-06-27,35
2494,422,Correios,2025-02-02,2025-02-04,-5
2495,4184,Correios,2025-03-27,2025-04-05,20
2496,3330,LogX,2025-03-31,2025-03-30,35
2497,2792,Correios,2025-06-10,2025-06-20,-5
2498,597,LogX,2025-04-16,2025-04-20,35
2499,915,LogX,2025-01-01,2025-01-01,-5
2500,2630,LogX,2025-05-01,2025-05-11,35
2501,4417,LogX,2025-01-05,2025-01-05,-5
2502,1986,Correios,2025-06-20,2025-06-28,-5
2503,1174,LogX,2025-03-20,2025-03-25,-5
2504,1430,Correios,2025-02-08,2025-02-18,-5
2505,2805,LogX,2025-01-26,2025-02-01,-5
2506,3284,LogX,2025-02-28,2025-03-08,20
2507,591,LogX,2025-01-09,2025-01-18,-5
2508,1805,LogX,2025-02-02,2025-01-31,20
2509,4703,Correios,2025-04-21,2025-04-20,-5
2510,3329,Correios,2025-04-19,2025-04-24,35
2511,2885,Correios,2025-02-01,2025-02-01,-5
2512,4168,Correios,2025-01-07,2025-01-15,20
2513,2343,Correios,2025-04-02,2025-03-31,35
2514,998,Correios,2025-05-14,2025-05-23,-5
2515,4707,Correios,2025-04-15,2025-04-17,35
2516,4570,LogX,2025-05-31,2025-05-30,35
2517,4451,Correios,2025-02-08,2025-02-08,20
2518,2464,Correios,2025-05-21,2025-05-19,35
2519,72,Correios,2025-06-29,2025-07-09,35
2520,2700,LogX,2025-02-17,2025-02-17,-5
2521,1331,LogX,2025-03-23,2025-03-26,35
2522,2788,LogX,2025-06-18,2025-06-22,35
2523,4714,Correios,2025-06-17,2025-06-18,35
2524,2301,Correios,2025-02-09,2025-02-10,-5
2525,2678,Correios,2025-06-30,2025-06-30,20
2526,1430,LogX,2025-03-12,2025-03-15,20
2527,3439,Correios,2025-05-31,2025-05-30,-5
2528,3038,Correios,2025-06-01,2025-06-05,35
2529,4670,Correios,2025-06-01,2025-06-07,35
2530,3246,LogX,2025-03-10,2025-03-11,20
2531,4655,Correios,2025-04-15,2025-04-23,35
2532,4547,LogX,2025-02-04,2025-02-06,35
2533,4041,Correios,2025-06-18,2025-06-23,35
2534,3873,Correios,2025-02-19,2025-02-23,20
2535,2919,Correios,2025-04-13,2025-04-15,35
2536,283,LogX,2025-05-11,2025-05-09,35
2537,4345,LogX,2025-05-19,2025-05-20,20
2538,2098,LogX,2025-05-05,2025-05-08,35
2539,1046,Correios,2025-06-29,2025-07-06,20
2540,2757,LogX,2025-01-09,2025-01-09,20
2541,2004,LogX,2025-01-04,2025-01-12,-5
2542,1138,LogX,2025-03-31,2025-04-04,35
2543,3568,LogX,2025-02-25,2025-02-23,-5
2544,2245,Correios,2025-03-24,2025-03-24,-5
2545,970,Correios,2025-06-22,2025-06-26,20
2546,4128,LogX,2025-05-15,2025-05-21,-5
2547,3624,Correios,2025-05-01,2025-05-07,20
2548,835,LogX,2025-01-17,2025-01-18,-5
2549,2568,Correios,2025-03-21,2025-03-20,-5
2550,4004,Correios,2025-03-13,2025-03-20,20
2551,2826,LogX,2025-03-08,2025-03-08,-5
2552,4152,LogX,2025-02-27,2025-03-03,-5
2553,2213,Correios,2025-01-07,2025-01-14,35
2554,655,Correios,2025-05-16,2025-05-24,35
2555,2288,Correios,2025-04-27,2025-04-28,20
2556,1102,LogX,2025-01-28,2025-02-07,-5
2557,605,Correios,2025-01-17,2025-01-22,-5
2558,1640,LogX,2025-01-07,2025-01-06,35
2559,2418,Correios,2025-01-19,2025-01-24,-5
2560,469,Correios,2025-01-04,2025-01-02,-5
2561,3769,Correios,2025-02-27,2025-03-09,-5
2562,3176,Correios,2025-04-09,2025-04-16,35
2563,4310,Correios,2025-05-13,2025-05-15,20
2564,4514,LogX,2025-02-02,2025-02-01,-5
2565,1037,Correios,2025-03-23,2025-03-23,-5
2566,2771,Correios,2025-05-28,2025-06-06,-5
2567,977,LogX,2025-05-22,2025-05-20,35
2568,4080,Correios,2025-06-10,2025-06-11,35
2569,382,Correios,2025-02-15,2025-02-15,35
2570,2059,LogX,2025-01-27,2025-01-30,20
2571,3280,LogX,2025-06-19,2025-06-29,20
2572,2000,Correios,2025-02-15,2025-02-13,35
2573,4434,LogX,2025-05-22,2025-05-26,20
2574,795,Correios,2025-01-27,2025-02-03,20
2575,4529,Correios,2025-04-16,2025-04-22,20
2576,368,LogX,2025-06-10,2025-06-08,-5
2577,3022,Correios,2025-02-05,2025-02-11,35
2578,138,Correios,2025-04-27,2025-05-05,-5
2579,4585,Correios,2025-06-24,2025-06-30,20
2580,2921,Correios,2025-02-23,2025-03-05,20
2581,3571,Correios,2025-04-22,2025-04-24,-5
2582,1412,LogX,2025-05-08,2025-05-12,-5
2583,4760,LogX,2025-06-04,2025-06-14,35
2584,1654,LogX,2025-04-28,2025-04-29,35
2585,3695,LogX,2025-02-05,2025-02-05,20
2586,611,Correios,2025-01-15,2025-01-16,-5
2587,2224,LogX,2025-05-31,2025-06-05,20
2588,636,Correios,2025-03-06,2025-03-16,-5
2589,4609,LogX,2025-01-31,2025-02-02,-5
2590,3522,LogX,2025-03-05,2025-03-14,35
2591,2816,LogX,2025-05-18,2025-05-19,-5
2592,1431,Correios,2025-03-29,2025-04-07,35
2593,697,Correios,2025-03-08,2025-03-16,20
2594,3989,LogX,2025-05-28,2025-06-04,35
2595,2345,Correios,2025-03-03,2025-03-12,20
2596,3157,LogX,2025-05-23,2025-06-02,20
2597,1536,LogX,2025-06-06,2025-06-04,20
2598,2586,Correios,2025-03-17,2025-03-16,35
2599,928,Correios,2025-05-30,2025-06-04,20
2600,4654,LogX,2025-04-19,2025-04-17,-5
2601,202,LogX,2025-04-21,2025-04-24,-5
2602,4625,LogX,2025-02-19,2025-02-27,20
2603,232,Correios,2025-02-04,2025-02-06,20
2604,3894,LogX,2025-02-28,2025-03-04,35
2605,612,Correios,2025-02-15,2025-02-20,-5
2606,564,LogX,2025-05-30,2025-06-08,-5
2607,3350,LogX,2025-04-01,2025-04-05,35
2608,666,Correios,2025-01-19,2025-01-24,20
2609,3447,Correios,2025-01-10,2025-01-20,-5
2610,1729,Correios,2025-05-07,2025-05-07,-5
2611,4769,Correios,2025-05-28,2025-05-31,20
2612,781,LogX,2025-01-18,2025-01-16,35
2613,105,Correios,2025-01-16,2025-01-19,-5
2614,2685,Correios,2025-03-01,2025-03-07,-5
2615,3787,Correios,2025-06-30,2025-07-09,35
2616,941,LogX,2025-05-21,2025-05-19,-5
2617,4849,Correios,2025-02-05,2025-02-07,35
2618,866,Correios,2025-03-20,2025-03-18,20
2619,2101,Correios,2025-06-08,2025-06-13,-5
2620,3784,LogX,2025-04-06,2025-04-12,35
2621,864,LogX,2025-03-05,2025-03-08,35
2622,529,LogX,2025-06-04,2025-06-11,35
2623,1973,Correios,2025-04-09,2025-04-08,20
2624,116,Correios,2025-05-07,2025-05-13,35
2625,111,Correios,2025-01-02,2025-01-12,35
2626,740,Correios,2025-03-05,2025-03-06,35
2627,4956,LogX,2025-04-02,2025-04-11,-5
2628,4278,LogX,2025-06-01,2025-05-30,-5
2629,3527,LogX,2025-02-10,2025-02-20,20
2630,2472,Correios,2025-06-12,2025-06-17,20
2631,2954,LogX,2025-01-21,2025-01-22,35
2632,1958,Correios,2025-04-28,2025-05-01,35
2633,4203,LogX,2025-04-10,2025-04-13,35
2634,3359,Correios,2025-06-13,2025-06-14,35
2635,1907,Correios,2025-02-19,2025-02-18,20
2636,484,Correios,2025-03-22,2025-03-28,35
2637,363,LogX,2025-04-08,2025-04-13,-5
2638,4164,Correios,2025-04-19,2025-04-20,35
2639,392,LogX,2025-03-15,2025-03-20,20
2640,3726,Correios,2025-03-07,2025-03-06,35
2641,4625,Correios,2025-03-23,2025-04-02,-5
2642,59,LogX,2025-06-15,2025-06-13,20
2643,4975,LogX,2025-04-17,2025-04-15,-5
2644,3480,Correios,2025-03-23,2025-03-31,-5
2645,2446,LogX,2025-06-17,2025-06-22,20
2646,2549,LogX,2025-06-26,2025-07-01,-5
2647,2578,LogX,2025-01-12,2025-01-15,-5
2648,1466,Correios,2025-05-10,2025-05-12,35
2649,3187,Correios,2025-02-11,2025-02-18,35
2650,2465,Correios,2025-01-03,2025-01-12,-5
2651,599,LogX,2025-03-24,2025-03-22,35
2652,812,LogX,2025-03-08,2025-03-13,35
2653,1315,Correios,2025-04-06,2025-04-09,35
2654,3264,LogX,2025-01-09,2025-01-17,20
2655,3997,LogX,2025-02-20,2025-02-18,35
2656,4901,LogX,2025-04-10,2025-04-18,35
2657,176,Correios,2025-04-12,2025-04-18,35
2658,818,Correios,2025-01-02,2025-01-05,35
2659,1403,Correios,2025-04-06,2025-04-13,35
2660,2451,LogX,2025-03-01,2025-03-09,-5
2661,4592,Correios,2025-04-30,2025-05-01,35
2662,1061,Correios,2025-03-02,2025-03-03,35
2663,870,LogX,2025-04-03,2025-04-09,20
2664,1642,Correios,2025-04-19,2025-04-21,20
2665,2426,LogX,2025-01-12,2025-01-12,-5
2666,2594,Correios,2025-04-20,2025-04-29,20
2667,342,Correios,2025-06-17,2025-06-21,35
2668,1937,LogX,2025-03-11,2025-03-17,20
2669,2437,LogX,2025-05-24,2025-06-03,20
2670,2817,Correios,2025-06-27,2025-06-30,-5
2671,1116,Correios,2025-06-07,2025-06-13,35
2672,1904,Correios,2025-06-30,2025-06-29,20
2673,1006,LogX,2025-06-14,2025-06-14,35
2674,4234,Correios,2025-01-16,2025-01-20,35
2675,923,Correios,2025-04-23,2025-04-22,20
2676,1889,LogX,2025-01-25,2025-01-24,20
2677,4821,LogX,2025-01-04,2025-01-02,20
2678,3984,LogX,2025-01-16,2025-01-21,-5
2679,2413,LogX,2025-06-11,2025-06-18,-5
2680,2917,Correios,2025-04-09,2025-04-13,35
2681,796,Correios,2025-01-06,2025-01-08,35
2682,1872,LogX,2025-05-24,2025-05-23,35
2683,4534,Correios,2025-05-18,2025-05-19,20
2684,3739,Correios,2025-06-05,2025-06-14,35
2685,810,LogX,2025-02-12,2025-02-11,35
2686,3949,Correios,2025-06-13,2025-06-13,-5
2687,3809,LogX,2025-03-02,2025-03-01,-5
2688,198,Correios,2025-03-13,2025-03-19,35
2689,1408,LogX,2025-02-23,2025-02-22,35
2690,899,Correios,2025-01-10,2025-01-10,-5
2691,3721,LogX,2025-06-06,2025-06-11,20
2692,1961,LogX,2025-06-24,2025-06-27,20
2693,368,LogX,2025-02-16,2025-02-16,35
2694,540,Correios,2025-02-25,2025-02-26,35
2695,3894,Correios,2025-04-15,2025-04-16,20
2696,1502,Correios,2025-01-20,2025-01-20,20
2697,2106,Correios,2025-04-23,2025-04-23,-5
2698,4457,LogX,2025-01-02,2025-01-12,20
2699,607,LogX,2025-05-03,2025-05-11,20
2700,1215,Correios,2025-02-08,2025-02-06,20
2701,4800,Correios,2025-04-18,2025-04-21,20
2702,2575,LogX,2025-06-14,2025-06-22,-5
2703,4170,LogX,2025-03-28,2025-03-29,20
2704,1609,Correios,2025-03-14,2025-03-18,35
2705,743,Correios,2025-03-29,2025-04-08,-5
2706,504,Correios,2025-05-28,2025-06-06,35
2707,1484,LogX,2025-06-02,2025-06-09,35
2708,3040,Correios,2025-05-01,2025-04-29,-5
2709,4764,Correios,2025-05-26,2025-05-27,35
2710,2059,Correios,2025-01-17,2025-01-19,-5
2711,2188,Correios,2025-06-25,2025-07-05,20
2712,1106,Correios,2025-01-16,2025-01-15,35
2713,2359,Correios,2025-04-03,2025-04-05,35
2714,3331,LogX,2025-01-21,2025-01-20,20
2715,698,Correios,2025-06-12,2025-06-22,20
2716,1654,LogX,2025-01-25,2025-01-25,-5
2717,3467,Correios,2025-02-11,2025-02-12,20
2718,1351,LogX,2025-01-09,2025-01-18,20
2719,168,LogX,2025-03-03,2025-03-03,20
2720,278,LogX,2025-04-07,2025-04-08,-5
2721,2027,Correios,2025-04-01,2025-04-11,35
2722,3584,Correios,2025-02-09,2025-02-14,35
2723,4174,LogX,2025-06-23,2025-06-23,20
2724,2256,LogX,2025-01-03,2025-01-08,20
2725,2593,Correios,2025-06-13,2025-06-21,20
2726,1640,LogX,2025-03-04,2025-03-14,-5
2727,4076,Correios,2025-04-23,2025-04-29,20
2728,1096,LogX,2025-04-25,2025-04-24,35
2729,103,Correios,2025-04-21,2025-04-26,-5
2730,4963,LogX,2025-05-22,2025-05-31,35
2731,4968,LogX,2025-02-19,2025-02-23,35
2732,2787,LogX,2025-04-08,2025-04-15,35
2733,356,LogX,2025-04-24,2025-05-01,20
2734,3323,LogX,2025-03-31,2025-04-08,-5
2735,60,Correios,2025-01-02,2025-01-08,-5
2736,787,LogX,2025-03-21,2025-03-30,35
2737,1312,Correios,2025-02-12,2025-02-10,20
2738,1740,Correios,2025-03-05,2025-03-08,35
2739,232,LogX,2025-01-29,2025-02-02,35
2740,1002,Correios,2025-04-02,2025-03-31,20
2741,413,Correios,2025-01-08,2025-01-13,35
2742,784,Correios,2025-01-27,2025-02-04,20
2743,736,LogX,2025-04-12,2025-04-22,20
2744,1462,LogX,2025-03-18,2025-03-26,35
2745,1030,LogX,2025-06-24,2025-06-23,-5
2746,2829,Correios,2025-02-06,2025-02-04,-5
2747,2945,LogX,2025-03-20,2025-03-23,-5
2748,3682,LogX,2025-04-09,2025-04-14,-5
2749,1820,Correios,2025-01-20,2025-01-29,20
2750,3208,LogX,2025-04-24,2025-04-22,35
2751,528,LogX,2025-02-01,2025-02-08,35
2752,676,Correios,2025-05-29,2025-05-29,35
2753,438,Correios,2025-05-15,2025-05-17,-5
2754,2246,Correios,2025-02-16,2025-02-18,35
2755,2932,Correios,2025-03-06,2025-03-13,35
2756,2347,LogX,2025-01-19,2025-01-23,20
2757,2692,LogX,2025-01-08,2025-01-17,-5
2758,370,Correios,2025-01-25,2025-02-03,35
2759,1743,LogX,2025-02-02,2025-02-07,20
2760,66,LogX,2025-04-03,2025-04-11,35
2761,963,Correios,2025-04-02,2025-04-06,20
2762,1422,Correios,2025-02-08,2025-02-07,35
2763,3091,LogX,2025-02-11,2025-02-15,20
2764,4350,Correios,2025-02-10,2025-02-13,-5
2765,1957,LogX,2025-02-25,2025-03-01,20
2766,3602,Correios,2025-01-01,2025-01-10,20
2767,3849,LogX,2025-06-27,2025-07-07,20
2768,3650,Correios,2025-01-12,2025-01-15,-5
2769,69,LogX,2025-04-30,2025-05-08,20
2770,3220,Correios,2025-03-02,2025-03-12,35
2771,1078,Correios,2025-05-17,2025-05-23,-5
2772,3608,LogX,2025-03-29,2025-04-07,-5
2773,2649,LogX,2025-06-06,2025-06-05,35
2774,953,Correios,2025-05-06,2025-05-14,35
2775,4524,Correios,2025-01-29,2025-02-08,-5
2776,3700,Correios,2025-06-15,2025-06-19,-5
2777,211,Correios,2025-05-13,2025-05-23,20
2778,1799,LogX,2025-01-11,2025-01-19,35
2779,792,LogX,2025-04-19,2025-04-25,20
2780,1872,LogX,2025-02-08,2025-02-13,35
2781,2781,Correios,2025-06-29,2025-06-29,20
2782,2278,LogX,2025-06-28,2025-06-27,20
2783,4860,LogX,2025-06-26,2025-06-29,35
2784,3923,Correios,2025-03-11,2025-03-11,-5
2785,2263,LogX,2025-01-09,2025-01-09,-5
2786,502,Correios,2025-01-05,2025-01-07,35
2787,3894,Correios,2025-03-26,2025-04-03,20
2788,3863,Correios,2025-04-19,2025-04-22,20
2789,635,Correios,2025-01-24,2025-01-23,35
2790,4462,LogX,2025-01-21,2025-01-29,35
2791,2082,LogX,2025-02-18,2025-02-19,-5
2792,3226,Correios,2025-03-05,2025-03-14,35
2793,1395,Correios,2025-05-05,2025-05-14,35
2794,964,LogX,2025-06-24,2025-06-29,35
2795,868,Correios,2025-03-02,2025-03-10,35
2796,390,Correios,2025-06-22,2025-06-20,20
2797,4455,LogX,2025-01-12,2025-01-11,35
2798,2199,LogX,2025-04-06,2025-04-15,35
2799,4608,Correios,2025-05-04,2025-05-14,20
2800,3003,Correios,2025-03-11,2025-03-13,-5
2801,187,LogX,2025-02-27,2025-03-06,35
2802,4357,Correios,2025-01-24,2025-01-26,35
2803,2997,Correios,2025-04-28,2025-04-28,35
2804,4637,Correios,2025-06-20,2025-06-20,-5
2805,1834,LogX,2025-03-27,2025-03-28,35
2806,1806,LogX,2025-02-19,2025-02-22,20
2807,4131,LogX,2025-02-02,2025-02-03,35
2808,3141,Correios,2025-04-15,2025-04-19,-5
2809,900,LogX,2025-05-01,2025-05-03,35
2810,3126,Correios,2025-04-16,2025-04-14,35
2811,3564,Correios,2025-06-10,2025-06-16,20
2812,417,LogX,2025-04-14,2025-04-14,-5
2813,2105,Correios,2025-03-04,2025-03-04,20
2814,4896,Correios,2025-03-09,2025-03-10,20
2815,4618,Correios,2025-05-19,2025-05-28,-5
2816,639,LogX,2025-03-06,2025-03-04,20
2817,1711,LogX,2025-06-10,2025-06-16,20
2818,1866,Correios,2025-04-21,2025-04-21,35
2819,3405,LogX,2025-01-06,2025-01-06,-5
2820,110,Correios,2025-05-12,2025-05-21,35
2821,861,Correios,2025-06-02,2025-05-31,-5
2822,4927,LogX,2025-03-10,2025-03-18,35
2823,1106,LogX,2025-05-25,2025-06-03,-5
2824,3290,LogX,2025-01-02,2025-01-02,20
2825,3359,Correios,2025-06-04,2025-06-03,20
2826,3428,Correios,2025-01-06,2025-01-09,20
2827,72,Correios,2025-01-08,2025-01-11,35
2828,3852,Correios,2025-03-29,2025-04-08,20
2829,2739,LogX,2025-05-03,2025-05-13,20
2830,3697,Correios,2025-06-23,2025-06-25,35
2831,4963,LogX,2025-01-07,2025-01-06,-5
2832,3506,Correios,2025-01-06,2025-01-10,35
2833,3936,Correios,2025-01-13,2025-01-18,20
2834,4603,Correios,2025-04-21,2025-04-30,-5
2835,1883,LogX,2025-01-10,2025-01-16,35
2836,1452,Correios,2025-03-19,2025-03-25,35
2837,1765,LogX,2025-02-01,2025-01-30,35
2838,1858,LogX,2025-02-19,2025-02-19,-5
2839,3133,Correios,2025-06-14,2025-06-18,-5
2840,1547,LogX,2025-02-22,2025-02-24,-5
2841,2518,Correios,2025-01-02,2025-01-01,35
2842,3879,Correios,2025-03-24,2025-03-24,20
2843,3297,Correios,2025-04-15,2025-04-23,-5
2844,738,LogX,2025-05-04,2025-05-11,-5
2845,2296,Correios,2025-04-28,2025-04-30,20
2846,578,LogX,2025-03-10,2025-03-08,20
2847,2920,Correios,2025-06-10,2025-06-09,20
2848,4965,Correios,2025-04-12,2025-04-14,35
2849,159,LogX,2025-03-25,2025-03-24,35
2850,3374,LogX,2025-02-13,2025-02-11,-5
2851,1133,Correios,2025-04-08,2025-04-13,20
2852,848,LogX,2025-02-22,2025-03-01,35
2853,1615,LogX,2025-05-24,2025-05-22,20
2854,2928,Correios,2025-01-06,2025-01-16,-5
2855,3236,Correios,2025-02-26,2025-02-27,-5
2856,4369,Correios,2025-02-04,2025-02-06,-5
2857,4608,LogX,2025-03-19,2025-03-28,-5
2858,4284,Correios,2025-06-12,2025-06-20,35
2859,2677,Correios,2025-01-22,2025-01-30,35
2860,2055,Correios,2025-05-18,2025-05-21,35
2861,1375,Correios,2025-04-07,2025-04-09,-5
2862,1122,Correios,2025-04-10,2025-04-19,35
2863,1997,LogX,2025-04-10,2025-04-16,20
2864,3907,LogX,2025-06-09,2025-06-17,35
2865,4455,LogX,2025-01-03,2025-01-12,20
2866,1416,Correios,2025-01-09,2025-01-13,-5
2867,189,LogX,2025-01-29,2025-02-05,20
2868,1613,Correios,2025-03-26,2025-04-03,35
2869,2916,LogX,2025-04-23,2025-04-26,20
2870,1334,LogX,2025-02-10,2025-02-10,35
2871,2653,LogX,2025-04-15,2025-04-21,20
2872,2462,LogX,2025-06-11,2025-06-16,-5
2873,4140,LogX,2025-03-15,2025-03-23,35
2874,3772,LogX,2025-02-18,2025-02-25,20
2875,453,Correios,2025-06-22,2025-06-23,35
2876,2575,LogX,2025-03-02,2025-03-06,-5
2877,2453,Correios,2025-01-15,2025-01-20,-5
2878,373,LogX,2025-06-02,2025-06-03,35
2879,3921,LogX,2025-02-20,2025-02-20,-5
2880,2029,Correios,2025-01-07,2025-01-11,-5
2881,1120,LogX,2025-05-18,2025-05-25,-5
2882,4135,Correios,2025-04-01,2025-04-02,-5
2883,2202,Correios,2025-01-14,2025-01-23,35
2884,475,Correios,2025-06-26,2025-06-28,-5
2885,4488,LogX,2025-05-01,2025-05-09,-5
2886,2599,Correios,2025-02-17,2025-02-16,35
2887,578,LogX,2025-01-03,2025-01-05,35
2888,3749,Correios,2025-05-01,2025-05-02,35
2889,3148,Correios,2025-01-15,2025-01-13,35
2890,1661,Correios,2025-02-01,2025-02-06,35
2891,3454,Correios,2025-06-25,2025-06-23,-5
2892,4711,LogX,2025-04-25,2025-04-27,35
2893,2209,Correios,2025-04-16,2025-04-23,35
2894,242,LogX,2025-05-08,2025-05-08,35
2895,1839,Correios,2025-06-29,2025-06-30,35
2896,2013,Correios,2025-04-13,2025-04-15,35
2897,4969,LogX,2025-01-21,2025-01-23,20
2898,422,Correios,2025-03-19,2025-03-22,-5
2899,4473,Correios,2025-01-25,2025-01-29,20
2900,3917,LogX,2025-01-30,2025-02-04,35
2901,1290,Correios,2025-04-26,2025-05-05,35
2902,4039,LogX,2025-05-04,2025-05-13,-5
2903,1837,Correios,2025-01-11,2025-01-13,-5
2904,3408,LogX,2025-05-25,2025-05-27,35
2905,4243,Correios,2025-05-17,2025-05-21,35
2906,2339,Correios,2025-05-17,2025-05-21,20
2907,523,Correios,2025-02-21,2025-02-27,35
2908,3695,Correios,2025-02-12,2025-02-16,-5
2909,2877,Correios,2025-02-27,2025-02-28,20
2910,1218,LogX,2025-03-26,2025-04-05,20
2911,499,Correios,2025-06-29,2025-07-01,35
2912,3272,Correios,2025-03-26,2025-03-25,-5
2913,1340,LogX,2025-04-02,2025-04-09,20
2914,479,Correios,2025-02-11,2025-02-16,35
2915,4117,LogX,2025-02-13,2025-02-21,20
2916,3544,Correios,2025-03-21,2025-03-29,35
2917,1242,LogX,2025-03-30,2025-04-07,20
2918,4379,Correios,2025-02-28,2025-03-06,20
2919,1011,Correios,2025-03-12,2025-03-10,35
2920,3273,LogX,2025-04-12,2025-04-20,35
2921,4622,Correios,2025-04-26,2025-05-06,20
2922,2937,LogX,2025-01-02,2025-01-10,20
2923,2416,LogX,2025-05-23,2025-05-29,-5
2924,3189,LogX,2025-04-09,2025-04-09,35
2925,971,LogX,2025-05-12,2025-05-21,35
2926,4220,LogX,2025-04-21,2025-04-22,-5
2927,4301,LogX,2025-05-28,2025-06-07,35
2928,1186,LogX,2025-01-01,2025-01-03,35
2929,4038,LogX,2025-01-04,2025-01-04,35
2930,2880,Correios,2025-04-22,2025-04-20,35
2931,3699,LogX,2025-03-13,2025-03-22,-5
2932,1314,LogX,2025-01-24,2025-02-01,35
2933,2541,LogX,2025-06-16,2025-06-21,-5
2934,844,Correios,2025-05-29,2025-06-03,35
2935,3845,LogX,2025-01-15,2025-01-21,35
2936,738,Correios,2025-03-10,2025-03-14,35
2937,1022,LogX,2025-05-05,2025-05-14,-5
2938,3233,LogX,2025-04-29,2025-04-30,20
2939,3688,LogX,2025-03-16,2025-03-20,-5
2940,2360,LogX,2025-04-20,2025-04-27,-5
2941,1723,LogX,2025-06-18,2025-06-23,-5
2942,4665,LogX,2025-06-09,2025-06-13,20
2943,881,LogX,2025-03-15,2025-03-13,-5
2944,692,Correios,2025-05-03,2025-05-04,-5
2945,1814,LogX,2025-01-30,2025-01-28,20
2946,3444,LogX,2025-06-13,2025-06-23,35
2947,3712,Correios,2025-06-27,2025-07-04,20
2948,2409,LogX,2025-03-01,2025-03-09,20
2949,1566,Correios,2025-01-28,2025-01-29,35
2950,669,Correios,2025-01-17,2025-01-25,35
2951,1550,Correios,2025-03-12,2025-03-15,35
2952,610,LogX,2025-03-12,2025-03-10,20
2953,1650,LogX,2025-06-30,2025-07-06,35
2954,285,Correios,2025-04-09,2025-04-15,20
2955,2690,Correios,2025-03-17,2025-03-27,35
2956,2457,Correios,2025-01-04,2025-01-14,-5
2957,1264,Correios,2025-02-03,2025-02-12,-5
2958,1484,LogX,2025-03-09,2025-03-13,35
2959,964,LogX,2025-03-25,2025-03-26,20
2960,4288,LogX,2025-02-04,2025-02-02,20
2961,3892,Correios,2025-06-02,2025-06-01,35
2962,3204,Correios,2025-03-12,2025-03-16,20
2963,2688,LogX,2025-01-28,2025-01-29,-5
2964,2455,LogX,2025-05-16,2025-05-26,-5
2965,710,LogX,2025-03-23,2025-03-24,20
2966,4253,LogX,2025-06-03,2025-06-05,20
2967,652,LogX,2025-04-12,2025-04-12,-5
2968,117,LogX,2025-03-18,2025-03-25,35
2969,283,Correios,2025-06-25,2025-06-26,20
2970,370,LogX,2025-06-25,2025-06-23,20
2971,1337,LogX,2025-05-07,2025-05-11,20
2972,3206,LogX,2025-01-29,2025-02-08,-5
2973,716,Correios,2025-06-18,2025-06-20,20
2974,4022,LogX,2025-01-08,2025-01-17,20
2975,4866,LogX,2025-06-12,2025-06-19,35
2976,4843,LogX,2025-03-07,2025-03-16,-5
2977,4144,Correios,2025-03-31,2025-04-07,20
2978,4376,Correios,2025-05-27,2025-05-26,-5
2979,4268,Correios,2025-01-07,2025-01-11,35
2980,2209,LogX,2025-01-23,2025-01-30,20
2981,915,Correios,2025-01-07,2025-01-06,20
2982,4692,Correios,2025-04-17,2025-04-15,-5
2983,3727,LogX,2025-01-06,2025-01-12,20
2984,1501,LogX,2025-02-14,2025-02-14,20
2985,2915,LogX,2025-06-29,2025-07-07,35
2986,3997,LogX,2025-02-09,2025-02-09,-5
2987,4639,LogX,2025-02-28,2025-03-02,20
2988,71,Correios,2025-03-19,2025-03-27,20
2989,140,Correios,2025-02-02,2025-02-06,-5
2990,551,LogX,2025-05-18,2025-05-21,35
2991,3761,LogX,2025-03-13,2025-03-14,-5
2992,2290,LogX,2025-03-03,2025-03-05,35
2993,1463,Correios,2025-03-03,2025-03-11,-5
2994,1288,Correios,2025-06-19,2025-06-26,35
2995,2321,LogX,2025-05-13,2025-05-20,35
2996,1627,Correios,2025-01-18,2025-01-18,35
2997,3132,Correios,2025-04-03,2025-04-10,-5
2998,1632,LogX,2025-01-08,2025-01-10,20
2999,4659,LogX,2025-05-31,2025-06-07,-5
3000,609,Correios,2025-04-30,2025-05-07,-5
3001,2063,Correios,2025-03-12,2025-03-14,20
3002,2772,LogX,2025-05-04,2025-05-10,-5
3003,3717,LogX,2025-04-22,2025-05-01,35
3004,1903,Correios,2025-03-23,2025-03-24,35
3005,4117,Correios,2025-04-10,2025-04-10,20
3006,4609,Correios,2025-01-26,2025-02-01,-5
3007,4351,Correios,2025-05-06,2025-05-09,20
3008,2742,Correios,2025-01-12,2025-01-17,20
3009,483,LogX,2025-02-01,2025-02-10,35
3010,4328,Correios,2025-05-20,2025-05-20,35
3011,376,Correios,2025-01-15,2025-01-15,-5
3012,3238,Correios,2025-04-26,2025-05-05,20
3013,2794,Correios,2025-02-09,2025-02-10,35
3014,1264,LogX,2025-03-19,2025-03-24,-5
3015,3295,Correios,2025-05-05,2025-05-07,35
3016,2623,LogX,2025-03-23,2025-03-23,20
3017,623,Correios,2025-02-12,2025-02-11,35
3018,2767,Correios,2025-03-04,2025-03-14,35
3019,2704,LogX,2025-03-04,2025-03-03,20
3020,3486,Correios,2025-02-17,2025-02-23,35
3021,176,LogX,2025-05-15,2025-05-15,35
3022,2407,Correios,2025-05-11,2025-05-12,20
3023,3223,LogX,2025-05-27,2025-05-29,-5
3024,4504,Correios,2025-05-12,2025-05-14,35
3025,191,LogX,2025-04-21,2025-04-26,-5
3026,2516,Correios,2025-04-30,2025-04-29,-5
3027,4907,Correios,2025-03-06,2025-03-05,-5
3028,2206,Correios,2025-01-07,2025-01-13,-5
3029,1642,LogX,2025-05-25,2025-05-25,20
3030,2117,LogX,2025-02-07,2025-02-08,20
3031,418,Correios,2025-05-16,2025-05-14,35
3032,690,LogX,2025-06-10,2025-06-19,20
3033,1437,LogX,2025-05-31,2025-06-03,35
3034,2102,Correios,2025-03-23,2025-03-25,35
3035,460,Correios,2025-03-14,2025-03-12,20
3036,209,LogX,2025-04-10,2025-04-09,-5
3037,1145,LogX,2025-02-27,2025-02-28,35
3038,2463,Correios,2025-05-12,2025-05-12,-5
3039,1235,LogX,2025-01-20,2025-01-30,35
3040,3412,Correios,2025-05-30,2025-06-08,35
3041,3958,LogX,2025-05-17,2025-05-19,35
3042,4426,Correios,2025-03-19,2025-03-24,20
3043,740,LogX,2025-06-19,2025-06-22,20
3044,251,LogX,2025-03-26,2025-03-29,20
3045,2930,LogX,2025-04-19,2025-04-25,-5
3046,3403,LogX,2025-05-13,2025-05-14,35
3047,3418,Correios,2025-01-31,2025-01-30,-5
3048,1636,Correios,2025-02-15,2025-02-17,35
3049,1148,LogX,2025-04-08,2025-04-14,-5
3050,1042,LogX,2025-04-25,2025-04-28,-5
3051,203,LogX,2025-06-02,2025-06-12,-5
3052,1600,Correios,2025-03-27,2025-04-03,20
3053,3941,LogX,2025-01-26,2025-01-30,20
3054,830,LogX,2025-04-02,2025-04-02,35
3055,3076,Correios,2025-04-05,2025-04-15,35
3056,378,Correios,2025-04-12,2025-04-11,20
3057,3468,LogX,2025-05-09,2025-05-14,-5
3058,4697,LogX,2025-05-23,2025-05-30,20
3059,4257,LogX,2025-03-20,2025-03-26,35
3060,1277,LogX,2025-06-20,2025-06-22,35
3061,2445,Correios,2025-04-02,2025-04-08,35
3062,555,LogX,2025-05-23,2025-05-28,20
3063,4353,LogX,2025-04-23,2025-04-25,35
3064,4729,Correios,2025-05-31,2025-06-04,35
3065,783,LogX,2025-02-16,2025-02-20,35
3066,1934,LogX,2025-01-03,2025-01-05,35
3067,3277,LogX,2025-01-10,2025-01-18,35
3068,2761,LogX,2025-06-03,2025-06-03,-5
3069,528,Correios,2025-04-10,2025-04-09,35
3070,2409,Correios,2025-06-17,2025-06-15,20
3071,1969,Correios,2025-01-18,2025-01-16,20
3072,3932,Correios,2025-01-14,2025-01-20,35
3073,151,LogX,2025-06-09,2025-06-14,-5
3074,1149,Correios,2025-02-02,2025-02-08,-5
3075,504,Correios,2025-04-14,2025-04-19,20
3076,94,Correios,2025-03-04,2025-03-14,20
3077,1310,LogX,2025-01-01,2025-01-03,-5
3078,4447,LogX,2025-05-25,2025-05-23,20
3079,4831,LogX,2025-02-21,2025-02-22,-5
3080,2656,Correios,2025-03-17,2025-03-18,-5
3081,1859,Correios,2025-04-21,2025-04-30,-5
3082,66,LogX,2025-03-13,2025-03-16,20
3083,979,Correios,2025-02-07,2025-02-06,20
3084,1185,LogX,2025-06-25,2025-06-28,35
3085,1889,LogX,2025-02-13,2025-02-16,35
3086,249,Correios,2025-06-18,2025-06-17,-5
3087,1302,Correios,2025-01-07,2025-01-15,20
3088,1721,LogX,2025-04-24,2025-04-26,35
3089,1752,Correios,2025-05-20,2025-05-22,-5
3090,1322,LogX,2025-05-10,2025-05-13,35
3091,114,Correios,2025-05-21,2025-05-19,-5
3092,1134,LogX,2025-05-27,2025-06-03,35
3093,1314,Correios,2025-03-18,2025-03-18,35
3094,338,Correios,2025-06-07,2025-06-05,35
3095,281,Correios,2025-03-31,2025-04-09,-5
3096,2063,Correios,2025-06-06,2025-06-15,35
3097,1110,LogX,2025-02-05,2025-02-14,-5
3098,586,Correios,2025-01-15,2025-01-16,-5
3099,2991,Correios,2025-03-01,2025-03-05,-5
3100,2695,LogX,2025-01-14,2025-01-21,-5
3101,2923,LogX,2025-03-01,2025-03-01,-5
3102,4075,LogX,2025-05-14,2025-05-22,35
3103,2684,LogX,2025-03-20,2025-03-23,20
3104,2253,Correios,2025-06-18,2025-06-16,35
3105,2343,LogX,2025-02-01,2025-02-01,-5
3106,2183,Correios,2025-04-14,2025-04-14,-5
3107,1633,Correios,2025-03-14,2025-03-20,-5
3108,636,Correios,2025-04-14,2025-04-22,35
3109,4442,Correios,2025-06-15,2025-06-17,20
3110,3732,Correios,2025-03-08,2025-03-18,-5
3111,4592,LogX,2025-05-25,2025-05-27,-5
3112,1270,LogX,2025-03-19,2025-03-27,-5
3113,3519,Correios,2025-04-27,2025-05-05,35
3114,2665,LogX,2025-05-28,2025-05-31,20
3115,307,LogX,2025-04-09,2025-04-09,35
3116,155,Correios,2025-04-27,2025-05-02,20
3117,246,Correios,2025-03-06,2025-03-14,20
3118,1561,Correios,2025-01-23,2025-01-24,20
3119,4318,Correios,2025-04-22,2025-04-28,35
3120,3947,LogX,2025-05-06,2025-05-04,35
3121,2069,Correios,2025-03-02,2025-03-08,-5
3122,2023,LogX,2025-02-20,2025-02-28,-5
3123,1406,LogX,2025-03-30,2025-04-01,-5
3124,1562,Correios,2025-02-22,2025-02-21,35
3125,4362,Correios,2025-04-04,2025-04-10,35
3126,3838,LogX,2025-06-13,2025-06-22,20
3127,2844,LogX,2025-02-25,2025-03-06,-5
3128,625,LogX,2025-04-27,2025-04-26,-5
3129,2066,Correios,2025-06-27,2025-06-26,20
3130,627,Correios,2025-03-22,2025-03-22,35
3131,584,Correios,2025-04-30,2025-05-08,-5
3132,3523,Correios,2025-06-05,2025-06-04,35
3133,1296,Correios,2025-03-09,2025-03-10,35
3134,766,Correios,2025-01-31,2025-02-04,35
3135,3448,LogX,2025-06-14,2025-06-16,-5
3136,3026,LogX,2025-03-06,2025-03-12,20
3137,1446,Correios,2025-06-23,2025-06-22,-5
3138,2554,Correios,2025-01-23,2025-01-22,20
3139,941,LogX,2025-03-29,2025-04-03,20
3140,3649,Correios,2025-01-24,2025-01-23,35
3141,1746,Correios,2025-06-14,2025-06-24,35
3142,2543,LogX,2025-05-19,2025-05-20,-5
3143,3448,LogX,2025-05-25,2025-05-27,20
3144,4004,Correios,2025-03-03,2025-03-04,-5
3145,2952,LogX,2025-04-29,2025-05-07,20
3146,52,LogX,2025-05-08,2025-05-12,-5
3147,4399,LogX,2025-05-16,2025-05-14,-5
3148,2253,Correios,2025-04-09,2025-04-08,35
3149,1674,Correios,2025-03-10,2025-03-20,20
3150,1763,Correios,2025-04-08,2025-04-09,20
3151,21,Correios,2025-06-21,2025-07-01,20
3152,3691,LogX,2025-06-29,2025-07-03,-5
3153,4760,LogX,2025-05-08,2025-05-08,20
3154,4750,Correios,2025-02-25,2025-03-02,-5
3155,2198,Correios,2025-02-19,2025-02-25,-5
3156,147,Correios,2025-01-03,2025-01-12,35
3157,3733,LogX,2025-02-01,2025-02-05,-5
3158,383,LogX,2025-02-05,2025-02-10,35
3159,1472,Correios,2025-01-06,2025-01-07,20
3160,1671,Correios,2025-02-17,2025-02-25,20
3161,532,LogX,2025-01-25,2025-01-27,20
3162,1102,LogX,2025-03-02,2025-02-28,20
3163,34,LogX,2025-03-13,2025-03-11,-5
3164,4072,Correios,2025-06-22,2025-06-22,-5
3165,3792,Correios,2025-05-09,2025-05-18,20
3166,1865,LogX,2025-05-13,2025-05-15,-5
3167,2410,LogX,2025-05-21,2025-05-23,-5
3168,1108,Correios,2025-04-14,2025-04-15,35
3169,2844,Correios,2025-03-09,2025-03-10,20
3170,2787,Correios,2025-02-15,2025-02-17,35
3171,3890,Correios,2025-03-28,2025-04-01,35
3172,794,Correios,2025-02-24,2025-03-02,20
3173,1444,Correios,2025-02-05,2025-02-13,35
3174,3209,LogX,2025-06-16,2025-06-25,35
3175,3091,LogX,2025-01-23,2025-01-22,35
3176,1702,LogX,2025-01-22,2025-01-20,35
3177,1313,LogX,2025-04-13,2025-04-23,20
3178,2278,LogX,2025-03-12,2025-03-12,35
3179,3273,Correios,2025-06-17,2025-06-24,-5
3180,4304,Correios,2025-06-02,2025-06-01,-5
3181,1711,Correios,2025-01-12,2025-01-11,-5
3182,2009,LogX,2025-03-13,2025-03-18,20
3183,2349,LogX,2025-03-02,2025-03-09,20
3184,978,LogX,2025-04-21,2025-04-20,35
3185,1984,LogX,2025-02-06,2025-02-09,-5
3186,4896,LogX,2025-03-17,2025-03-25,20
3187,4824,LogX,2025-05-07,2025-05-15,-5
3188,2437,LogX,2025-05-15,2025-05-19,35
3189,607,LogX,2025-05-27,2025-05-25,-5
3190,3544,Correios,2025-04-24,2025-04-22,-5
3191,480,LogX,2025-02-27,2025-03-07,20
3192,1131,LogX,2025-06-13,2025-06-21,35
3193,3539,LogX,2025-05-20,2025-05-27,35
3194,4502,Correios,2025-06-24,2025-06-23,20
3195,1897,LogX,2025-03-01,2025-03-06,35
3196,906,Correios,2025-05-09,2025-05-07,20
3197,3520,Correios,2025-05-03,2025-05-03,-5
3198,3033,Correios,2025-01-11,2025-01-17,35
3199,2840,Correios,2025-03-08,2025-03-14,-5
3200,1584,Correios,2025-05-15,2025-05-15,35
3201,4415,LogX,2025-03-18,2025-03-18,35
3202,425,Correios,2025-01-25,2025-01-29,-5
3203,3759,LogX,2025-01-05,2025-01-04,-5
3204,1210,Correios,2025-05-02,2025-05-01,35
3205,387,Correios,2025-05-02,2025-05-03,20
3206,3443,LogX,2025-01-18,2025-01-23,20
3207,1816,Correios,2025-04-19,2025-04-26,20
3208,2271,LogX,2025-04-07,2025-04-12,20
3209,4644,Correios,2025-03-10,2025-03-09,35
3210,3005,Correios,2025-06-24,2025-07-02,35
3211,796,LogX,2025-01-27,2025-02-04,20
3212,1414,LogX,2025-02-23,2025-02-21,-5
3213,1785,LogX,2025-05-19,2025-05-29,-5
3214,1741,LogX,2025-01-10,2025-01-13,35
3215,2544,Correios,2025-06-21,2025-07-01,35
3216,3858,LogX,2025-03-19,2025-03-24,-5
3217,1679,Correios,2025-04-21,2025-04-27,-5
3218,4055,LogX,2025-06-28,2025-07-06,20
3219,2220,Correios,2025-04-11,2025-04-15,35
3220,3540,Correios,2025-04-08,2025-04-15,20
3221,144,LogX,2025-03-02,2025-03-11,-5
3222,2880,LogX,2025-02-08,2025-02-10,20
3223,587,LogX,2025-04-26,2025-05-03,35
3224,84,Correios,2025-05-31,2025-06-08,35
3225,3144,Correios,2025-05-26,2025-05-30,35
3226,4610,Correios,2025-02-07,2025-02-16,20
3227,4781,LogX,2025-06-23,2025-06-25,20
3228,2174,Correios,2025-04-15,2025-04-22,20
3229,2918,Correios,2025-06-12,2025-06-21,-5
3230,911,LogX,2025-01-17,2025-01-23,-5
3231,2506,Correios,2025-02-12,2025-02-12,20
3232,779,Correios,2025-03-06,2025-03-15,35
3233,2802,Correios,2025-03-04,2025-03-09,20
3234,3112,LogX,2025-02-07,2025-02-09,-5
3235,3421,LogX,2025-01-25,2025-01-31,-5
3236,485,LogX,2025-03-05,2025-03-13,20
3237,3863,LogX,2025-05-14,2025-05-20,20
3238,130,LogX,2025-03-31,2025-04-10,20
3239,2705,LogX,2025-04-21,2025-04-27,35
3240,3421,Correios,2025-02-12,2025-02-12,35
3241,4746,Correios,2025-06-18,2025-06-18,-5
3242,4728,Correios,2025-06-12,2025-06-18,-5
3243,2934,LogX,2025-06-18,2025-06-16,35
3244,4889,Correios,2025-05-05,2025-05-07,35
3245,1174,LogX,2025-02-26,2025-03-05,-5
3246,4145,LogX,2025-06-17,2025-06-27,20
3247,3515,Correios,2025-03-29,2025-04-01,35
3248,1358,LogX,2025-06-28,2025-07-07,-5
3249,4824,LogX,2025-02-06,2025-02-05,35
3250,3972,LogX,2025-03-08,2025-03-08,20
3251,3384,Correios,2025-05-08,2025-05-17,20
3252,3740,LogX,2025-02-06,2025-02-15,20
3253,1221,LogX,2025-03-26,2025-03-25,35
3254,1655,Correios,2025-05-13,2025-05-22,35
3255,521,LogX,2025-02-25,2025-03-02,20
3256,1907,Correios,2025-05-07,2025-05-06,-5
3257,2501,Correios,2025-04-07,2025-04-10,-5
3258,2128,LogX,2025-03-13,2025-03-11,35
3259,4984,LogX,2025-02-03,2025-02-13,-5
3260,4445,LogX,2025-06-21,2025-06-26,-5
3261,1007,Correios,2025-05-06,2025-05-14,-5
3262,4388,LogX,2025-03-07,2025-03-09,20
3263,493,LogX,2025-05-19,2025-05-25,35
3264,691,LogX,2025-04-06,2025-04-12,35
3265,168,LogX,2025-05-09,2025-05-07,35
3266,3075,LogX,2025-05-06,2025-05-08,35
3267,4277,Correios,2025-01-06,2025-01-06,35
3268,2066,LogX,2025-01-04,2025-01-09,-5
3269,3569,LogX,2025-03-14,2025-03-20,35
3270,4268,Correios,2025-06-22,2025-06-24,35
3271,2171,LogX,2025-05-21,2025-05-28,-5
3272,4521,Correios,2025-05-22,2025-05-26,-5
3273,2895,Correios,2025-06-24,2025-07-01,20
3274,1739,Correios,2025-05-05,2025-05-03,-5
3275,3265,Correios,2025-02-22,2025-02-27,35
3276,4270,Correios,2025-05-24,2025-05-29,35
3277,2936,Correios,2025-05-04,2025-05-03,20
3278,4339,LogX,2025-05-04,2025-05-02,-5
3279,3853,Correios,2025-01-04,2025-01-02,-5
3280,300,Correios,2025-03-15,2025-03-13,20
3281,1115,LogX,2025-05-02,2025-05-09,20
3282,4254,LogX,2025-03-26,2025-03-31,20
3283,1280,LogX,2025-03-11,2025-03-12,35
3284,2770,LogX,2025-04-08,2025-04-12,35
3285,3073,LogX,2025-04-30,2025-04-28,20
3286,4466,LogX,2025-04-22,2025-04-26,35
3287,1813,LogX,2025-02-07,2025-02-10,35
3288,265,LogX,2025-05-22,2025-05-31,-5
3289,3879,Correios,2025-01-24,2025-02-01,20
3290,150,LogX,2025-05-28,2025-06-02,35
3291,2482,LogX,2025-03-01,2025-02-27,35
3292,410,Correios,2025-06-16,2025-06-23,20
3293,3938,LogX,2025-04-21,2025-05-01,-5
3294,4331,Correios,2025-04-29,2025-05-04,20
3295,3687,Correios,2025-01-06,2025-01-12,20
3296,4024,Correios,2025-01-11,2025-01-12,20
3297,2837,Correios,2025-02-18,2025-02-17,35
3298,2085,LogX,2025-05-20,2025-05-24,20
3299,2219,LogX,2025-03-27,2025-04-05,-5
3300,582,LogX,2025-02-20,2025-02-24,35
3301,4727,LogX,2025-02-28,2025-03-01,-5
3302,3377,LogX,2025-02-23,2025-03-05,20
3303,1552,Correios,2025-06-02,2025-06-07,20
3304,2044,LogX,2025-02-18,2025-02-23,-5
3305,3751,Correios,2025-06-08,2025-06-15,-5
3306,845,LogX,2025-05-30,2025-06-05,35
3307,3136,Correios,2025-01-11,2025-01-10,35
3308,1472,LogX,2025-06-28,2025-07-07,20
3309,2394,Correios,2025-05-31,2025-06-05,35
3310,4316,LogX,2025-06-15,2025-06-15,35
3311,4958,Correios,2025-03-31,2025-04-08,20
3312,3682,Correios,2025-05-05,2025-05-15,20
3313,3434,Correios,2025-04-28,2025-04-29,35
3314,4808,Correios,2025-02-06,2025-02-07,35
3315,485,Correios,2025-04-02,2025-03-31,35
3316,1136,Correios,2025-06-09,2025-06-14,20
3317,4383,LogX,2025-04-04,2025-04-08,20
3318,3329,LogX,2025-06-01,2025-06-09,-5
3319,1665,Correios,2025-05-28,2025-05-27,20
3320,4903,Correios,2025-02-15,2025-02-14,35
3321,4439,Correios,2025-02-21,2025-02-25,-5
3322,1925,Correios,2025-06-30,2025-06-29,35
3323,3727,LogX,2025-03-09,2025-03-08,35
3324,1962,LogX,2025-06-27,2025-07-05,-5
3325,2677,Correios,2025-05-02,2025-05-12,35
3326,3580,Correios,2025-02-06,2025-02-04,-5
3327,3278,LogX,2025-03-11,2025-03-09,20
3328,2158,LogX,2025-02-19,2025-02-18,20
3329,2073,Correios,2025-01-28,2025-01-26,-5
3330,2155,Correios,2025-04-08,2025-04-08,20
3331,440,LogX,2025-01-03,2025-01-13,35
3332,4853,Correios,2025-02-01,2025-01-30,-5
3333,3443,Correios,2025-05-20,2025-05-28,20
3334,1939,Correios,2025-06-03,2025-06-09,35
3335,761,Correios,2025-01-21,2025-01-30,20
3336,3140,LogX,2025-01-04,2025-01-04,-5
3337,1180,Correios,2025-06-01,2025-06-02,20
3338,3315,Correios,2025-04-05,2025-04-09,-5
3339,2413,Correios,2025-04-14,2025-04-12,-5
3340,3252,Correios,2025-03-26,2025-03-30,35
3341,3240,Correios,2025-03-26,2025-03-27,35
3342,2135,LogX,2025-03-20,2025-03-20,-5
3343,3607,Correios,2025-03-29,2025-04-05,-5
3344,3278,Correios,2025-02-03,2025-02-04,35
3345,1163,LogX,2025-04-19,2025-04-26,-5
3346,4588,LogX,2025-02-14,2025-02-16,20
3347,1681,Correios,2025-01-12,2025-01-11,-5
3348,4202,Correios,2025-04-23,2025-04-29,-5
3349,362,Correios,2025-02-14,2025-02-19,20
3350,3939,LogX,2025-06-19,2025-06-27,-5
3351,935,LogX,2025-04-23,2025-04-27,20
3352,892,Correios,2025-03-17,2025-03-26,-5
3353,448,Correios,2025-02-16,2025-02-17,35
3354,1248,Correios,2025-05-25,2025-05-28,35
3355,897,LogX,2025-04-30,2025-05-09,35
3356,3387,Correios,2025-05-30,2025-05-30,35
3357,4385,Correios,2025-01-18,2025-01-27,35
3358,2578,LogX,2025-06-03,2025-06-07,20
3359,980,Correios,2025-04-27,2025-05-07,20
3360,4537,Correios,2025-04-24,2025-04-26,-5
3361,4850,Correios,2025-01-03,2025-01-13,20
3362,3712,Correios,2025-05-15,2025-05-21,35
3363,3339,Correios,2025-03-31,2025-03-31,20
3364,419,Correios,2025-05-03,2025-05-01,35
3365,328,Correios,2025-03-07,2025-03-05,20
3366,918,Correios,2025-02-13,2025-02-15,20
3367,2980,LogX,2025-02-13,2025-02-14,35
3368,4892,LogX,2025-05-11,2025-05-21,35
3369,4301,Correios,2025-05-01,2025-05-05,35
3370,4654,LogX,2025-06-11,2025-06-20,20
3371,525,Correios,2025-04-12,2025-04-21,35
3372,303,LogX,2025-06-14,2025-06-18,20
3373,2418,LogX,2025-03-17,2025-03-17,35
3374,2746,Correios,2025-05-27,2025-05-29,20
3375,1079,Correios,2025-06-19,2025-06-27,35
3376,3630,LogX,2025-01-01,2025-01-11,35
3377,3960,LogX,2025-02-14,2025-02-18,35
3378,3031,LogX,2025-04-14,2025-04-12,-5
3379,4547,Correios,2025-01-23,2025-01-28,-5
3380,3359,LogX,2025-03-13,2025-03-20,20
3381,152,Correios,2025-03-21,2025-03-20,35
3382,1544,Correios,2025-06-03,2025-06-07,-5
3383,2038,Correios,2025-01-27,2025-02-01,35
3384,4556,Correios,2025-03-10,2025-03-12,-5
3385,2485,Correios,2025-03-17,2025-03-21,20
3386,1504,LogX,2025-01-06,2025-01-10,35
3387,2929,Correios,2025-01-03,2025-01-08,-5
3388,3456,LogX,2025-01-27,2025-02-01,-5
3389,2639,Correios,2025-03-06,2025-03-15,20
3390,4207,LogX,2025-04-19,2025-04-28,20
3391,3668,Correios,2025-01-14,2025-01-20,35
3392,3743,Correios,2025-05-22,2025-05-28,35
3393,56,Correios,2025-01-07,2025-01-15,35
3394,2697,Correios,2025-02-24,2025-03-04,35
3395,1872,Correios,2025-01-16,2025-01-23,-5
3396,3190,LogX,2025-01-22,2025-01-27,20
3397,1450,Correios,2025-06-26,2025-06-24,-5
3398,4242,Correios,2025-05-17,2025-05-23,20
3399,2629,LogX,2025-04-12,2025-04-20,35
3400,4151,Correios,2025-02-05,2025-02-14,20
3401,1996,Correios,2025-04-07,2025-04-13,20
3402,4387,Correios,2025-05-02,2025-05-09,20
3403,3739,LogX,2025-04-29,2025-05-04,20
3404,2532,Correios,2025-02-14,2025-02-22,20
3405,4045,Correios,2025-02-10,2025-02-20,20
3406,575,LogX,2025-06-04,2025-06-13,35
3407,74,Correios,2025-03-19,2025-03-26,35
3408,1329,Correios,2025-06-20,2025-06-20,35
3409,1693,Correios,2025-06-15,2025-06-15,35
3410,1472,LogX,2025-01-05,2025-01-04,-5
3411,3220,Correios,2025-04-02,2025-04-07,-5
3412,2510,LogX,2025-03-28,2025-04-06,35
3413,3885,LogX,2025-06-06,2025-06-09,35
3414,2537,Correios,2025-03-01,2025-03-04,35
3415,984,LogX,2025-04-11,2025-04-13,35
3416,2260,Correios,2025-05-11,2025-05-12,20
3417,563,LogX,2025-02-03,2025-02-06,35
3418,4195,Correios,2025-03-26,2025-04-02,20
3419,3443,Correios,2025-06-11,2025-06-11,35
3420,179,LogX,2025-02-19,2025-02-20,20
3421,4536,LogX,2025-03-09,2025-03-19,35
3422,132,Correios,2025-05-28,2025-05-29,20
3423,903,LogX,2025-04-23,2025-05-03,20
3424,740,LogX,2025-04-18,2025-04-20,20
3425,37,Correios,2025-01-18,2025-01-28,-5
3426,647,Correios,2025-06-22,2025-06-27,20
3427,3410,Correios,2025-01-05,2025-01-04,-5
3428,4332,Correios,2025-05-04,2025-05-05,35
3429,1582,Correios,2025-04-05,2025-04-05,-5
3430,522,LogX,2025-04-19,2025-04-27,-5
3431,4375,Correios,2025-06-23,2025-06-24,35
3432,4806,LogX,2025-02-02,2025-02-03,35
3433,2705,Correios,2025-03-15,2025-03-20,-5
3434,2159,LogX,2025-06-05,2025-06-07,20
3435,911,Correios,2025-04-21,2025-04-20,20
3436,3822,Correios,2025-05-01,2025-05-03,20
3437,1384,Correios,2025-01-16,2025-01-22,35
3438,1189,Correios,2025-05-14,2025-05-23,35
3439,230,LogX,2025-05-16,2025-05-19,35
3440,4225,LogX,2025-04-20,2025-04-28,35
3441,754,Correios,2025-03-21,2025-03-23,-5
3442,2059,Correios,2025-06-16,2025-06-18,20
3443,3619,LogX,2025-01-20,2025-01-18,35
3444,3442,Correios,2025-05-09,2025-05-13,35
3445,1609,LogX,2025-02-15,2025-02-24,35
3446,1137,Correios,2025-04-16,2025-04-14,20
3447,1527,Correios,2025-05-16,2025-05-16,35
3448,1979,LogX,2025-03-24,2025-03-25,35
3449,3312,Correios,2025-01-10,2025-01-15,20
3450,1144,Correios,2025-02-11,2025-02-15,-5
3451,4709,Correios,2025-01-22,2025-01-29,-5
3452,2813,Correios,2025-06-23,2025-06-25,35
3453,2889,LogX,2025-01-11,2025-01-12,35
3454,2201,LogX,2025-06-07,2025-06-16,-5
3455,1056,LogX,2025-02-13,2025-02-11,-5
3456,4499,LogX,2025-02-11,2025-02-21,-5
3457,1234,Correios,2025-01-30,2025-01-31,35
3458,988,Correios,2025-04-08,2025-04-12,20
3459,4185,Correios,2025-01-14,2025-01-20,20
3460,3135,LogX,2025-06-18,2025-06-22,35
3461,1243,LogX,2025-03-31,2025-04-01,-5
3462,2390,Correios,2025-01-06,2025-01-07,-5
3463,2135,LogX,2025-01-15,2025-01-22,-5
3464,955,Correios,2025-06-08,2025-06-10,20
3465,3704,Correios,2025-03-21,2025-03-20,35
3466,2020,LogX,2025-06-16,2025-06-19,35
3467,895,LogX,2025-03-01,2025-03-07,-5
3468,3543,Correios,2025-01-28,2025-01-30,20
3469,2668,LogX,2025-03-29,2025-04-08,20
3470,2358,Correios,2025-03-07,2025-03-10,20
3471,2714,LogX,2025-03-10,2025-03-08,35
3472,1691,LogX,2025-01-07,2025-01-17,35
3473,4346,Correios,2025-02-08,2025-02-06,20
3474,907,LogX,2025-04-15,2025-04-21,35
3475,3503,Correios,2025-06-30,2025-07-02,20
3476,3732,Correios,2025-01-15,2025-01-15,35
3477,1245,Correios,2025-04-12,2025-04-14,35
3478,3975,Correios,2025-05-26,2025-05-25,-5
3479,1700,LogX,2025-01-04,2025-01-14,35
3480,3114,LogX,2025-06-24,2025-06-22,35
3481,3094,LogX,2025-02-13,2025-02-11,-5
3482,3812,LogX,2025-05-30,2025-06-08,20
3483,1422,LogX,2025-02-25,2025-02-27,-5
3484,2107,Correios,2025-03-23,2025-03-21,20
3485,1359,LogX,2025-06-07,2025-06-17,20
3486,4276,Correios,2025-03-10,2025-03-18,20
3487,2101,LogX,2025-01-10,2025-01-13,-5
3488,637,LogX,2025-05-31,2025-05-29,-5
3489,3418,Correios,2025-05-12,2025-05-10,20
3490,335,LogX,2025-03-03,2025-03-10,35
3491,3372,Correios,2025-03-16,2025-03-26,35
3492,1764,Correios,2025-03-04,2025-03-07,-5
3493,1203,Correios,2025-06-05,2025-06-15,20
3494,4175,Correios,2025-05-15,2025-05-21,-5
3495,3186,Correios,2025-06-25,2025-07-05,20
3496,1011,LogX,2025-02-27,2025-02-27,-5
3497,121,Correios,2025-06-13,2025-06-23,20
3498,2823,Correios,2025-05-20,2025-05-24,-5
3499,2067,Correios,2025-05-26,2025-05-27,20
3500,4986,LogX,2025-02-07,2025-02-13,20
3501,3172,LogX,2025-02-09,2025-02-19,-5
3502,1500,Correios,2025-06-21,2025-06-25,-5
3503,2165,LogX,2025-06-16,2025-06-22,35
3504,1432,LogX,2025-01-28,2025-02-05,35
3505,1056,LogX,2025-04-08,2025-04-09,20
3506,2808,Correios,2025-02-27,2025-02-27,-5
3507,2825,LogX,2025-06-05,2025-06-13,-5
3508,1875,LogX,2025-01-30,2025-02-02,-5
3509,1699,Correios,2025-03-08,2025-03-11,-5
3510,910,LogX,2025-03-04,2025-03-13,20
3511,4310,Correios,2025-01-16,2025-01-15,35
3512,4680,Correios,2025-04-12,2025-04-18,-5
3513,4308,Correios,2025-03-07,2025-03-11,20
3514,3835,Correios,2025-05-27,2025-06-03,35
3515,587,Correios,2025-04-06,2025-04-04,20
3516,565,LogX,2025-01-08,2025-01-12,35
3517,2170,Correios,2025-05-03,2025-05-13,20
3518,3788,LogX,2025-01-19,2025-01-22,35
3519,2708,Correios,2025-05-25,2025-05-23,-5
3520,1903,Correios,2025-01-10,2025-01-14,-5
3521,3081,Correios,2025-01-14,2025-01-24,35
3522,1057,Correios,2025-03-02,2025-03-10,-5
3523,2990,Correios,2025-04-05,2025-04-06,-5
3524,4054,Correios,2025-01-09,2025-01-09,-5
3525,2905,Correios,2025-03-08,2025-03-10,35
3526,4920,Correios,2025-02-23,2025-02-21,20
3527,3180,LogX,2025-05-20,2025-05-25,35
3528,2374,LogX,2025-06-04,2025-06-06,20
3529,2744,Correios,2025-02-12,2025-02-13,35
3530,1175,Correios,2025-03-11,2025-03-14,35
3531,2549,LogX,2025-04-25,2025-04-23,-5
3532,2260,Correios,2025-05-06,2025-05-12,-5
3533,2884,Correios,2025-06-05,2025-06-07,35
3534,2969,Correios,2025-01-16,2025-01-21,-5
3535,2092,Correios,2025-04-07,2025-04-07,-5
3536,3200,LogX,2025-03-05,2025-03-04,20
3537,1866,Correios,2025-04-07,2025-04-07,20
3538,2319,LogX,2025-04-01,2025-04-11,20
3539,938,Correios,2025-02-11,2025-02-21,20
3540,1382,Correios,2025-06-14,2025-06-12,20
3541,1512,LogX,2025-03-23,2025-03-26,20
3542,1050,Correios,2025-05-30,2025-05-31,35
3543,3638,Correios,2025-01-12,2025-01-22,-5
3544,3193,LogX,2025-03-17,2025-03-20,20
3545,2546,Correios,2025-05-02,2025-04-30,-5
3546,4664,Correios,2025-04-15,2025-04-23,-5
3547,4291,LogX,2025-06-06,2025-06-06,-5
3548,4149,LogX,2025-03-24,2025-03-24,-5
3549,2332,Correios,2025-03-01,2025-03-11,-5
3550,601,Correios,2025-03-19,2025-03-22,20
3551,4616,Correios,2025-04-02,2025-04-03,35
3552,3661,LogX,2025-02-28,2025-02-27,20
3553,1027,LogX,2025-05-17,2025-05-20,20
3554,1876,Correios,2025-03-21,2025-03-26,20
3555,4072,LogX,2025-03-08,2025-03-06,35
3556,896,Correios,2025-05-28,2025-05-28,35
3557,1057,Correios,2025-03-29,2025-03-27,-5
3558,1914,LogX,2025-01-12,2025-01-15,20
3559,4267,LogX,2025-06-29,2025-07-07,35
3560,2734,Correios,2025-05-14,2025-05-23,-5
3561,2057,LogX,2025-01-14,2025-01-21,35
3562,1935,Correios,2025-01-24,2025-01-22,-5
3563,1491,LogX,2025-01-22,2025-01-23,-5
3564,339,Correios,2025-02-11,2025-02-16,20
3565,4746,Correios,2025-02-25,2025-03-03,-5
3566,267,Correios,2025-05-31,2025-06-06,20
3567,2590,LogX,2025-04-30,2025-05-05,-5
3568,1296,Correios,2025-02-02,2025-02-05,20
3569,2758,Correios,2025-03-26,2025-03-28,35
3570,519,Correios,2025-05-03,2025-05-02,20
3571,4194,LogX,2025-04-23,2025-04-23,35
3572,906,LogX,2025-01-02,2025-01-03,-5
3573,2651,Correios,2025-03-14,2025-03-20,35
3574,4805,LogX,2025-03-09,2025-03-12,35
3575,817,Correios,2025-05-26,2025-05-24,20
3576,3962,Correios,2025-02-18,2025-02-26,-5
3577,3509,LogX,2025-05-09,2025-05-19,-5
3578,2993,LogX,2025-01-06,2025-01-04,35
3579,4835,LogX,2025-02-17,2025-02-15,-5
3580,185,LogX,2025-06-29,2025-07-02,35
3581,1434,LogX,2025-05-09,2025-05-14,35
3582,2179,LogX,2025-05-16,2025-05-25,35
3583,4185,Correios,2025-01-11,2025-01-21,35
3584,4674,LogX,2025-01-31,2025-02-04,-5
3585,2654,LogX,2025-04-11,2025-04-20,-5
3586,3218,LogX,2025-02-05,2025-02-08,35
3587,1546,LogX,2025-06-22,2025-06-28,-5
3588,3937,Correios,2025-06-22,2025-06-29,35
3589,1456,Correios,2025-04-03,2025-04-13,20
3590,4237,LogX,2025-06-23,2025-06-21,35
3591,3481,Correios,2025-02-12,2025-02-12,-5
3592,360,LogX,2025-06-06,2025-06-11,-5
3593,2253,LogX,2025-02-11,2025-02-16,20
3594,2418,Correios,2025-02-19,2025-02-27,35
3595,780,Correios,2025-04-29,2025-04-29,35
3596,2545,LogX,2025-03-15,2025-03-13,20
3597,523,Correios,2025-03-01,2025-03-07,-5
3598,3906,LogX,2025-05-23,2025-05-26,35
3599,4765,LogX,2025-05-03,2025-05-04,-5
3600,1425,Correios,2025-06-27,2025-07-01,20
3601,1180,Correios,2025-05-23,2025-06-01,20
3602,496,LogX,2025-02-20,2025-02-26,20
3603,255,Correios,2025-01-31,2025-02-08,-5
3604,3128,Correios,2025-01-23,2025-01-23,-5
3605,4273,LogX,2025-06-03,2025-06-05,20
3606,2908,LogX,2025-06-03,2025-06-06,-5
3607,348,LogX,2025-01-06,2025-01-16,35
3608,698,Correios,2025-04-30,2025-04-30,-5
3609,741,Correios,2025-05-16,2025-05-26,35
3610,1568,LogX,2025-05-19,2025-05-28,20
3611,4805,Correios,2025-05-11,2025-05-21,-5
3612,2269,Correios,2025-06-13,2025-06-18,-5
3613,1207,LogX,2025-05-04,2025-05-12,35
3614,3924,Correios,2025-01-28,2025-01-28,-5
3615,4950,LogX,2025-06-07,2025-06-13,20
3616,624,LogX,2025-03-11,2025-03-16,20
3617,1804,Correios,2025-05-17,2025-05-15,-5
3618,11,Correios,2025-05-30,2025-06-01,35
3619,450,LogX,2025-06-23,2025-06-25,35
3620,4050,LogX,2025-02-03,2025-02-01,-5
3621,2129,LogX,2025-01-25,2025-02-01,35
3622,1898,LogX,2025-03-28,2025-04-02,-5
3623,2692,LogX,2025-02-26,2025-03-04,-5
3624,3248,LogX,2025-06-05,2025-06-05,35
3625,1033,LogX,2025-01-17,2025-01-15,20
3626,2068,LogX,2025-04-14,2025-04-23,-5
3627,4543,Correios,2025-03-13,2025-03-14,35
3628,4172,LogX,2025-05-22,2025-05-31,-5
3629,2722,Correios,2025-06-13,2025-06-19,35
3630,4521,Correios,2025-03-29,2025-03-30,20
3631,761,Correios,2025-04-06,2025-04-12,20
3632,3150,Correios,2025-01-13,2025-01-20,-5
3633,4062,LogX,2025-05-23,2025-05-23,-5
3634,2402,Correios,2025-02-12,2025-02-22,20
3635,4686,LogX,2025-01-21,2025-01-31,35
3636,152,LogX,2025-02-11,2025-02-09,35
3637,4965,Correios,2025-05-18,2025-05-27,-5
3638,550,LogX,2025-01-05,2025-01-12,35
3639,3253,Correios,2025-04-01,2025-04-11,-5
3640,1520,Correios,2025-05-12,2025-05-11,20
3641,1290,Correios,2025-02-10,2025-02-16,35
3642,4656,Correios,2025-03-21,2025-03-28,20
3643,4053,LogX,2025-06-17,2025-06-15,20
3644,3529,LogX,2025-02-19,2025-02-24,20
3645,969,LogX,2025-03-29,2025-03-30,20
3646,2056,LogX,2025-02-17,2025-02-18,-5
3647,2005,Correios,2025-02-24,2025-02-26,35
3648,1323,LogX,2025-02-08,2025-02-12,20
3649,4329,Correios,2025-01-26,2025-02-01,20
3650,3001,LogX,2025-06-10,2025-06-19,20
3651,2659,Correios,2025-06-03,2025-06-08,-5
3652,3898,Correios,2025-05-08,2025-05-08,35
3653,3264,Correios,2025-03-08,2025-03-10,20
3654,3277,LogX,2025-04-22,2025-04-27,35
3655,1992,Correios,2025-04-27,2025-04-30,20
3656,759,Correios,2025-04-25,2025-05-02,35
3657,315,Correios,2025-06-22,2025-07-02,-5
3658,191,Correios,2025-05-27,2025-05-29,-5
3659,1373,Correios,2025-03-13,2025-03-13,35
3660,241,Correios,2025-02-19,2025-02-20,20
3661,4723,LogX,2025-04-08,2025-04-14,-5
3662,2802,LogX,2025-04-07,2025-04-10,35
3663,77,LogX,2025-01-28,2025-02-07,-5
3664,540,Correios,2025-03-16,2025-03-20,20
3665,840,Correios,2025-01-19,2025-01-20,-5
3666,4551,Correios,2025-05-12,2025-05-12,35
3667,1734,LogX,2025-06-11,2025-06-09,-5
3668,2885,Correios,2025-01-31,2025-02-08,35
3669,3000,Correios,2025-04-21,2025-04-20,-5
3670,3009,LogX,2025-05-04,2025-05-07,20
3671,3452,Correios,2025-06-22,2025-06-28,35
3672,1607,LogX,2025-02-02,2025-02-11,-5
3673,2354,LogX,2025-02-04,2025-02-09,20
3674,4494,LogX,2025-04-04,2025-04-06,35
3675,2712,Correios,2025-04-02,2025-04-06,35
3676,3967,Correios,2025-04-25,2025-05-03,35
3677,2878,LogX,2025-01-15,2025-01-16,35
3678,3170,LogX,2025-04-06,2025-04-16,35
3679,1433,Correios,2025-01-19,2025-01-19,-5
3680,2068,Correios,2025-04-24,2025-04-30,-5
3681,798,LogX,2025-06-25,2025-07-05,35
3682,1286,LogX,2025-06-10,2025-06-20,-5
3683,4162,LogX,2025-04-20,2025-04-29,20
3684,1426,LogX,2025-02-16,2025-02-15,-5
3685,839,Correios,2025-02-25,2025-02-28,-5
3686,134,Correios,2025-02-04,2025-02-06,-5
3687,1781,LogX,2025-01-23,2025-01-31,-5
3688,4856,LogX,2025-01-24,2025-01-28,-5
3689,3994,LogX,2025-06-02,2025-06-06,35
3690,4257,Correios,2025-04-19,2025-04-29,35
3691,1779,Correios,2025-03-19,2025-03-25,20
3692,4781,LogX,2025-04-13,2025-04-13,20
3693,3339,LogX,2025-03-23,2025-03-27,20
3694,3568,Correios,2025-04-02,2025-04-09,35
3695,1126,Correios,2025-06-29,2025-06-28,20
3696,4465,Correios,2025-05-13,2025-05-14,-5
3697,2482,Correios,2025-06-12,2025-06-17,20
3698,4829,Correios,2025-01-17,2025-01-25,-5
3699,3598,LogX,2025-06-02,2025-06-01,-5
3700,440,LogX,2025-03-06,2025-03-12,35
3701,3413,LogX,2025-06-22,2025-06-24,20
3702,3145,Correios,2025-03-24,2025-03-26,-5
3703,1026,Correios,2025-01-29,2025-02-05,-5
3704,3411,LogX,2025-02-24,2025-02-24,-5
3705,1821,LogX,2025-05-04,2025-05-14,20
3706,4371,Correios,2025-01-14,2025-01-23,35
3707,2592,LogX,2025-03-21,2025-03-31,35
3708,3027,LogX,2025-06-06,2025-06-13,-5
3709,4785,Correios,2025-03-19,2025-03-20,20
3710,3294,Correios,2025-04-24,2025-05-01,35
3711,2906,LogX,2025-02-26,2025-03-08,35
3712,1562,LogX,2025-01-19,2025-01-18,35
3713,704,LogX,2025-06-29,2025-07-09,-5
3714,358,Correios,2025-05-11,2025-05-09,-5
3715,2408,LogX,2025-05-29,2025-06-08,20
3716,3141,Correios,2025-04-13,2025-04-13,-5
3717,585,LogX,2025-04-13,2025-04-18,20
3718,1251,LogX,2025-06-07,2025-06-06,35
3719,2064,Correios,2025-01-07,2025-01-06,20
3720,1887,Correios,2025-04-11,2025-04-11,20
3721,3688,Correios,2025-03-14,2025-03-22,35
3722,675,Correios,2025-06-30,2025-07-09,-5
3723,2684,LogX,2025-05-02,2025-05-06,35
3724,1372,Correios,2025-06-09,2025-06-07,20
3725,3141,Correios,2025-04-01,2025-04-10,35
3726,4592,Correios,2025-06-17,2025-06-26,20
3727,2709,LogX,2025-05-09,2025-05-14,35
3728,637,Correios,2025-02-19,2025-02-23,20
3729,2069,Correios,2025-04-10,2025-04-19,20
3730,4573,Correios,2025-01-01,2025-01-02,35
3731,2045,LogX,2025-03-21,2025-03-25,-5
3732,1271,Correios,2025-03-11,2025-03-19,35
3733,3663,Correios,2025-06-15,2025-06-22,35
3734,1935,LogX,2025-01-20,2025-01-21,20
3735,1129,LogX,2025-01-07,2025-01-16,35
3736,467,Correios,2025-05-27,2025-06-06,20
3737,103,LogX,2025-05-28,2025-06-03,20
3738,3808,LogX,2025-01-23,2025-01-23,20
3739,3339,LogX,2025-03-21,2025-03-31,-5
3740,2646,LogX,2025-02-21,2025-03-02,-5
3741,3351,LogX,2025-05-09,2025-05-17,20
3742,3024,LogX,2025-02-15,2025-02-15,-5
3743,4441,LogX,2025-04-30,2025-05-10,35
3744,3394,LogX,2025-01-16,2025-01-26,20
3745,3790,Correios,2025-05-03,2025-05-09,-5
3746,4068,Correios,2025-03-27,2025-03-27,-5
3747,1115,LogX,2025-04-24,2025-04-28,35
3748,2544,Correios,2025-04-29,2025-05-02,-5
3749,3734,Correios,2025-02-18,2025-02-27,35
3750,3895,Correios,2025-05-26,2025-05-28,-5
3751,1896,Correios,2025-04-06,2025-04-08,-5
3752,1046,LogX,2025-03-29,2025-04-02,-5
3753,689,Correios,2025-02-08,2025-02-14,-5
3754,2813,Correios,2025-06-24,2025-06-27,35
3755,1227,LogX,2025-05-28,2025-06-06,20
3756,2481,Correios,2025-06-10,2025-06-09,-5
3757,4109,LogX,2025-01-26,2025-01-27,20
3758,2277,LogX,2025-03-08,2025-03-11,-5
3759,3354,Correios,2025-03-21,2025-03-21,20
3760,1927,Correios,2025-04-30,2025-05-03,35
3761,2491,LogX,2025-05-04,2025-05-09,20
3762,4668,LogX,2025-02-16,2025-02-15,-5
3763,3315,Correios,2025-05-27,2025-06-05,35
3764,974,Correios,2025-05-20,2025-05-25,35
3765,1198,LogX,2025-01-14,2025-01-12,35
3766,3908,Correios,2025-01-22,2025-01-28,-5
3767,2512,Correios,2025-01-02,2025-01-04,35
3768,4076,Correios,2025-02-05,2025-02-03,20
3769,4871,LogX,2025-06-24,2025-06-29,35
3770,2335,LogX,2025-04-17,2025-04-24,20
3771,3639,LogX,2025-06-28,2025-07-04,35
3772,3708,Correios,2025-06-16,2025-06-21,35
3773,1015,Correios,2025-03-28,2025-04-06,35
3774,4344,Correios,2025-02-19,2025-02-18,35
3775,2926,LogX,2025-04-25,2025-05-05,20
3776,1058,LogX,2025-03-11,2025-03-12,35
3777,4061,LogX,2025-06-30,2025-07-08,35
3778,2329,Correios,2025-03-17,2025-03-23,35
3779,3094,Correios,2025-01-11,2025-01-20,20
3780,2344,Correios,2025-06-22,2025-07-01,35
3781,588,LogX,2025-01-02,2025-01-01,35
3782,3399,Correios,2025-01-03,2025-01-12,20
3783,969,LogX,2025-03-20,2025-03-25,20
3784,3610,Correios,2025-06-02,2025-06-07,20
3785,10,Correios,2025-06-17,2025-06-17,-5
3786,1821,Correios,2025-06-18,2025-06-28,-5
3787,1358,LogX,2025-05-24,2025-05-23,35
3788,866,LogX,2025-05-06,2025-05-14,20
3789,3436,LogX,2025-05-06,2025-05-13,20
3790,224,LogX,2025-05-29,2025-06-07,20
3791,1743,Correios,2025-05-17,2025-05-17,20
3792,335,LogX,2025-05-13,2025-05-17,20
3793,1394,Correios,2025-02-26,2025-03-02,35
3794,4516,LogX,2025-01-30,2025-01-31,35
3795,325,Correios,2025-04-19,2025-04-27,-5
3796,939,LogX,2025-03-05,2025-03-04,20
3797,3124,LogX,2025-06-27,2025-06-28,35
3798,2157,Correios,2025-04-06,2025-04-10,-5
3799,4001,Correios,2025-05-15,2025-05-16,-5
3800,3682,LogX,2025-03-09,2025-03-07,20
3801,1812,Correios,2025-02-26,2025-03-04,-5
3802,2218,Correios,2025-03-30,2025-03-29,35
3803,865,Correios,2025-06-20,2025-06-18,35
3804,2469,LogX,2025-06-09,2025-06-17,35
3805,3327,LogX,2025-01-22,2025-01-27,-5
3806,2118,Correios,2025-05-23,2025-05-28,35
3807,2260,LogX,2025-01-01,2025-01-02,-5
3808,1101,Correios,2025-05-31,2025-06-08,35
3809,702,Correios,2025-03-17,2025-03-25,20
3810,4658,LogX,2025-04-13,2025-04-13,20
3811,2423,LogX,2025-06-17,2025-06-24,-5
3812,4080,Correios,2025-02-13,2025-02-19,-5
3813,407,LogX,2025-06-22,2025-06-30,35
3814,3293,Correios,2025-06-25,2025-06-27,-5
3815,838,LogX,2025-04-05,2025-04-15,35
3816,114,Correios,2025-01-20,2025-01-23,-5
3817,246,Correios,2025-06-15,2025-06-21,20
3818,4614,Correios,2025-05-23,2025-05-26,20
3819,2561,Correios,2025-01-28,2025-02-03,-5
3820,1646,Correios,2025-02-09,2025-02-15,20
3821,2137,LogX,2025-02-27,2025-03-07,-5
3822,1887,LogX,2025-03-24,2025-03-28,20
3823,977,LogX,2025-02-18,2025-02-23,-5
3824,3161,LogX,2025-02-23,2025-03-01,35
3825,4429,LogX,2025-05-03,2025-05-05,20
3826,4208,Correios,2025-06-29,2025-07-06,35
3827,901,Correios,2025-05-27,2025-06-02,-5
3828,39,LogX,2025-03-17,2025-03-20,-5
3829,287,Correios,2025-06-23,2025-06-29,20
3830,4056,LogX,2025-05-05,2025-05-03,20
3831,2996,Correios,2025-06-12,2025-06-20,35
3832,1741,Correios,2025-06-20,2025-06-21,-5
3833,36,LogX,2025-03-22,2025-03-28,35
3834,1801,LogX,2025-05-03,2025-05-11,-5
3835,3052,LogX,2025-01-23,2025-01-30,20
3836,510,Correios,2025-03-12,2025-03-17,20
3837,3692,Correios,2025-02-09,2025-02-19,20
3838,4473,LogX,2025-06-10,2025-06-09,35
3839,2272,Correios,2025-04-09,2025-04-13,35
3840,264,Correios,2025-01-23,2025-01-25,20
3841,3559,Correios,2025-04-19,2025-04-20,20
3842,899,LogX,2025-05-28,2025-06-07,20
3843,1882,LogX,2025-04-30,2025-05-03,-5
3844,499,LogX,2025-02-26,2025-03-05,-5
3845,358,LogX,2025-03-19,2025-03-25,35
3846,2931,LogX,2025-06-21,2025-06-29,-5
3847,1149,Correios,2025-02-17,2025-02-26,-5
3848,3699,Correios,2025-06-04,2025-06-14,35
3849,565,Correios,2025-02-02,2025-02-05,-5
3850,4069,LogX,2025-05-19,2025-05-28,20
3851,4325,LogX,2025-02-07,2025-02-17,35
3852,2260,Correios,2025-05-28,2025-05-26,35
3853,3850,LogX,2025-04-06,2025-04-08,35
3854,3540,LogX,2025-05-23,2025-05-29,35
3855,3304,LogX,2025-01-20,2025-01-25,20
3856,4825,LogX,2025-04-28,2025-04-26,-5
3857,1398,LogX,2025-05-20,2025-05-29,20
3858,154,Correios,2025-03-07,2025-03-10,35
3859,4192,LogX,2025-06-10,2025-06-13,35
3860,439,LogX,2025-03-06,2025-03-13,20
3861,3205,LogX,2025-05-12,2025-05-11,-5
3862,3245,Correios,2025-01-13,2025-01-19,-5
3863,3778,LogX,2025-03-10,2025-03-20,-5
3864,3144,Correios,2025-04-24,2025-04-28,20
3865,3700,Correios,2025-01-28,2025-02-01,-5
3866,2098,LogX,2025-01-29,2025-01-31,-5
3867,2960,Correios,2025-04-25,2025-05-04,20
3868,1428,Correios,2025-03-11,2025-03-13,-5
3869,1500,Correios,2025-03-22,2025-03-21,35
3870,4903,LogX,2025-04-21,2025-04-22,35
3871,3506,Correios,2025-01-26,2025-02-02,35
3872,3247,Correios,2025-06-04,2025-06-09,20
3873,3242,LogX,2025-02-04,2025-02-14,20
3874,796,Correios,2025-04-22,2025-04-23,-5
3875,1086,LogX,2025-05-28,2025-06-05,35
3876,1152,Correios,2025-02-21,2025-02-26,-5
3877,4186,Correios,2025-02-08,2025-02-12,-5
3878,940,Correios,2025-04-10,2025-04-12,-5
3879,2417,Correios,2025-01-20,2025-01-23,-5
3880,2748,Correios,2025-03-22,2025-03-28,-5
3881,3327,Correios,2025-03-28,2025-03-30,-5
3882,1221,Correios,2025-06-29,2025-07-08,-5
3883,2856,LogX,2025-05-23,2025-05-26,35
3884,1270,LogX,2025-01-13,2025-01-23,20
3885,1706,Correios,2025-05-23,2025-05-28,-5
3886,3718,LogX,2025-04-02,2025-03-31,-5
3887,3217,LogX,2025-01-06,2025-01-12,20
3888,4879,LogX,2025-03-21,2025-03-19,-5
3889,2314,Correios,2025-02-06,2025-02-06,-5
3890,4081,Correios,2025-05-10,2025-05-17,20
3891,3994,LogX,2025-05-12,2025-05-21,-5
3892,2604,Correios,2025-02-22,2025-03-04,35
3893,1097,Correios,2025-06-10,2025-06-14,35
3894,2489,LogX,2025-03-03,2025-03-04,35
3895,692,LogX,2025-03-22,2025-03-24,35
3896,205,Correios,2025-05-20,2025-05-19,35
3897,1834,Correios,2025-06-04,2025-06-14,-5
3898,877,Correios,2025-05-26,2025-05-30,20
3899,4308,Correios,2025-01-10,2025-01-08,20
3900,1770,LogX,2025-06-15,2025-06-16,35
3901,1651,LogX,2025-04-11,2025-04-16,35
3902,2004,LogX,2025-06-09,2025-06-08,-5
3903,3188,Correios,2025-02-24,2025-02-27,-5
3904,2327,Correios,2025-03-01,2025-02-28,35
3905,1232,LogX,2025-05-26,2025-06-01,-5
3906,1034,Correios,2025-02-13,2025-02-21,20
3907,3113,LogX,2025-05-23,2025-06-02,35
3908,1085,Correios,2025-04-27,2025-04-30,35
3909,1747,Correios,2025-06-22,2025-06-20,35
3910,3604,LogX,2025-03-31,2025-04-03,20
3911,3937,Correios,2025-01-01,2025-01-07,35
3912,3573,LogX,2025-03-26,2025-03-27,20
3913,2293,LogX,2025-03-09,2025-03-16,-5
3914,2245,LogX,2025-02-06,2025-02-14,20
3915,437,Correios,2025-01-06,2025-01-10,20
3916,4222,Correios,2025-03-31,2025-04-02,35
3917,1536,LogX,2025-02-12,2025-02-22,35
3918,1846,LogX,2025-05-03,2025-05-01,-5
3919,1081,Correios,2025-05-28,2025-06-07,-5
3920,1607,LogX,2025-02-18,2025-02-27,20
3921,1916,Correios,2025-03-22,2025-04-01,20
3922,2762,LogX,2025-06-01,2025-06-04,20
3923,2987,Correios,2025-05-21,2025-05-24,20
3924,1097,LogX,2025-04-18,2025-04-18,35
3925,1530,LogX,2025-02-16,2025-02-24,20
3926,4971,Correios,2025-05-13,2025-05-11,-5
3927,1870,Correios,2025-05-14,2025-05-21,35
3928,1660,Correios,2025-01-31,2025-01-30,20
3929,3915,Correios,2025-04-04,2025-04-13,35
3930,4923,LogX,2025-06-24,2025-07-01,-5
3931,1875,Correios,2025-03-18,2025-03-21,-5
3932,1893,LogX,2025-04-17,2025-04-22,35
3933,2175,LogX,2025-04-16,2025-04-16,35
3934,1136,Correios,2025-01-17,2025-01-27,-5
3935,2278,Correios,2025-02-26,2025-03-04,20
3936,4760,Correios,2025-03-13,2025-03-18,20
3937,4724,LogX,2025-02-01,2025-02-11,20
3938,1869,LogX,2025-01-21,2025-01-24,35
3939,4848,Correios,2025-05-07,2025-05-06,-5
3940,3264,Correios,2025-04-18,2025-04-20,-5
3941,1262,LogX,2025-03-15,2025-03-25,35
3942,3406,LogX,2025-03-14,2025-03-24,35
3943,4868,Correios,2025-06-29,2025-07-05,20
3944,2812,Correios,2025-03-05,2025-03-08,-5
3945,1355,LogX,2025-06-16,2025-06-21,35
3946,1285,Correios,2025-03-22,2025-03-23,20
3947,3229,Correios,2025-05-16,2025-05-19,35
3948,705,Correios,2025-06-15,2025-06-15,35
3949,1756,Correios,2025-04-25,2025-04-26,20
3950,1657,Correios,2025-03-06,2025-03-09,-5
3951,369,LogX,2025-04-21,2025-04-27,20
3952,3771,Correios,2025-01-05,2025-01-11,20
3953,928,LogX,2025-05-04,2025-05-13,20
3954,1992,Correios,2025-06-12,2025-06-10,35
3955,1194,LogX,2025-04-30,2025-05-04,35
3956,2491,LogX,2025-02-11,2025-02-09,20
3957,1437,LogX,2025-02-08,2025-02-12,35
3958,1478,Correios,2025-02-08,2025-02-17,20
3959,4777,LogX,2025-05-04,2025-05-05,20
3960,3303,LogX,2025-04-17,2025-04-15,35
3961,3619,Correios,2025-03-28,2025-03-29,35
3962,29,Correios,2025-01-08,2025-01-10,35
3963,3997,Correios,2025-05-01,2025-05-02,35
3964,4198,Correios,2025-05-27,2025-06-06,20
3965,1584,LogX,2025-03-22,2025-03-28,35
3966,11,LogX,2025-01-16,2025-01-26,35
3967,1970,LogX,2025-05-13,2025-05-17,35
3968,489,LogX,2025-02-24,2025-03-01,-5
3969,121,LogX,2025-06-16,2025-06-20,20
3970,2175,LogX,2025-02-25,2025-03-02,35
3971,2082,LogX,2025-03-19,2025-03-25,20
3972,2602,Correios,2025-01-12,2025-01-16,20
3973,4362,Correios,2025-06-16,2025-06-17,20
3974,4809,LogX,2025-01-06,2025-01-08,-5
3975,676,Correios,2025-02-16,2025-02-25,35
3976,324,Correios,2025-03-17,2025-03-19,-5
3977,958,Correios,2025-01-15,2025-01-16,-5
3978,2606,LogX,2025-05-24,2025-05-27,35
3979,1293,Correios,2025-05-05,2025-05-15,20
3980,1527,LogX,2025-04-24,2025-04-30,-5
3981,2097,LogX,2025-03-22,2025-03-30,20
3982,1019,Correios,2025-03-19,2025-03-18,35
3983,3141,LogX,2025-03-20,2025-03-21,35
3984,842,Correios,2025-06-02,2025-06-08,20
3985,671,LogX,2025-05-13,2025-05-19,20
3986,3433,LogX,2025-02-16,2025-02-15,20
3987,4702,Correios,2025-01-29,2025-01-29,20
3988,1643,LogX,2025-05-16,2025-05-17,35
3989,1427,LogX,2025-01-06,2025-01-13,20
3990,2984,LogX,2025-04-04,2025-04-03,-5
3991,1821,LogX,2025-05-05,2025-05-04,20
3992,2110,LogX,2025-01-23,2025-02-01,-5
3993,2956,Correios,2025-02-23,2025-03-05,20
3994,2723,Correios,2025-06-09,2025-06-13,-5
3995,3151,Correios,2025-03-23,2025-04-02,35
3996,2276,LogX,2025-02-25,2025-03-01,35
3997,640,LogX,2025-03-21,2025-03-19,20
3998,3375,Correios,2025-04-03,2025-04-07,20
3999,4431,Correios,2025-06-14,2025-06-18,35
4000,4394,LogX,2025-06-04,2025-06-02,-5
4001,732,LogX,2025-04-02,2025-03-31,35
4002,3666,Correios,2025-06-24,2025-07-01,-5
4003,4142,Correios,2025-04-26,2025-05-04,35
4004,2078,LogX,2025-03-01,2025-03-11,-5
4005,516,LogX,2025-05-13,2025-05-16,20
4006,2945,Correios,2025-01-30,2025-01-30,20
4007,664,LogX,2025-01-30,2025-01-30,35
4008,2231,Correios,2025-05-10,2025-05-19,35
4009,4307,Correios,2025-03-09,2025-03-15,20
4010,3917,LogX,2025-05-08,2025-05-17,35
4011,805,LogX,2025-01-06,2025-01-04,20
4012,3391,LogX,2025-06-11,2025-06-20,-5
4013,4038,LogX,2025-06-26,2025-07-06,35
4014,2846,Correios,2025-05-02,2025-05-05,-5
4015,997,Correios,2025-03-20,2025-03-21,20
4016,778,Correios,2025-05-03,2025-05-11,-5
4017,2278,LogX,2025-04-05,2025-04-13,20
4018,902,LogX,2025-04-20,2025-04-26,-5
4019,446,Correios,2025-01-03,2025-01-03,20
4020,233,LogX,2025-06-06,2025-06-14,35
4021,3908,LogX,2025-02-28,2025-03-09,20
4022,2218,Correios,2025-04-11,2025-04-12,35
4023,3763,LogX,2025-02-13,2025-02-12,20
4024,2990,LogX,2025-01-08,2025-01-14,20
4025,3190,LogX,2025-02-26,2025-03-01,-5
4026,1543,Correios,2025-01-30,2025-01-31,-5
4027,4686,LogX,2025-05-27,2025-05-30,-5
4028,942,Correios,2025-02-23,2025-02-24,20
4029,2940,Correios,2025-01-14,2025-01-14,35
4030,1320,Correios,2025-05-14,2025-05-14,20
4031,4759,LogX,2025-06-06,2025-06-11,35
4032,1496,Correios,2025-06-02,2025-06-11,20
4033,1570,Correios,2025-01-22,2025-01-24,-5
4034,1187,Correios,2025-01-25,2025-01-26,20
4035,530,Correios,2025-03-17,2025-03-22,35
4036,1433,Correios,2025-06-13,2025-06-20,35
4037,2294,Correios,2025-03-22,2025-03-23,20
4038,4274,Correios,2025-02-07,2025-02-16,35
4039,3482,LogX,2025-03-16,2025-03-22,20
4040,1766,LogX,2025-01-18,2025-01-22,-5
4041,334,LogX,2025-06-25,2025-07-01,-5
4042,4410,Correios,2025-05-17,2025-05-17,20
4043,3163,LogX,2025-05-14,2025-05-20,35
4044,2359,Correios,2025-06-05,2025-06-09,20
4045,2782,LogX,2025-05-03,2025-05-04,35
4046,3092,Correios,2025-04-07,2025-04-10,35
4047,4530,LogX,2025-02-18,2025-02-25,20
4048,130,LogX,2025-03-06,2025-03-16,35
4049,474,Correios,2025-02-24,2025-02-23,-5
4050,990,Correios,2025-05-11,2025-05-09,-5
4051,314,LogX,2025-03-11,2025-03-21,20
4052,2063,LogX,2025-02-08,2025-02-09,-5
4053,1576,LogX,2025-02-01,2025-02-01,20
4054,3817,LogX,2025-03-16,2025-03-16,-5
4055,3033,LogX,2025-04-05,2025-04-11,-5
4056,1073,LogX,2025-01-08,2025-01-13,35
4057,2479,Correios,2025-06-24,2025-07-03,-5
4058,941,Correios,2025-04-10,2025-04-15,20
4059,290,LogX,2025-04-28,2025-05-08,35
4060,3805,Correios,2025-06-18,2025-06-25,20
4061,4365,LogX,2025-06-25,2025-06-26,-5
4062,3343,LogX,2025-02-05,2025-02-14,20
4063,880,Correios,2025-05-24,2025-06-01,-5
4064,2524,LogX,2025-04-03,2025-04-02,20
4065,2652,Correios,2025-05-04,2025-05-13,35
4066,2916,LogX,2025-05-26,2025-05-29,35
4067,543,LogX,2025-01-23,2025-01-27,20
4068,2477,LogX,2025-01-17,2025-01-19,-5
4069,4425,LogX,2025-06-05,2025-06-14,-5
4070,76,LogX,2025-04-04,2025-04-05,-5
4071,703,LogX,2025-05-07,2025-05-06,-5
4072,224,Correios,2025-05-29,2025-06-02,-5
4073,3238,LogX,2025-05-06,2025-05-08,35
4074,2077,LogX,2025-04-17,2025-04-16,20
4075,1949,Correios,2025-01-23,2025-01-25,20
4076,3687,Correios,2025-05-24,2025-05-31,20
4077,2014,Correios,2025-03-21,2025-03-26,35
4078,1089,Correios,2025-03-02,2025-03-06,-5
4079,1732,Correios,2025-03-26,2025-03-30,-5
4080,4101,Correios,2025-04-03,2025-04-03,35
4081,3971,Correios,2025-02-12,2025-02-18,20
4082,4735,LogX,2025-05-17,2025-05-26,35
4083,3605,Correios,2025-01-05,2025-01-10,20
4084,3904,Correios,2025-03-02,2025-03-09,35
4085,3470,LogX,2025-04-07,2025-04-17,20
4086,2103,LogX,2025-03-02,2025-03-04,20
4087,3359,LogX,2025-06-29,2025-07-06,35
4088,3389,LogX,2025-03-05,2025-03-11,-5
4089,4184,Correios,2025-01-05,2025-01-10,-5
4090,549,LogX,2025-02-27,2025-03-05,35
4091,895,LogX,2025-02-14,2025-02-15,20
4092,1075,LogX,2025-04-14,2025-04-14,-5
4093,4687,LogX,2025-01-31,2025-02-05,20
4094,2701,Correios,2025-03-31,2025-04-01,-5
4095,1288,LogX,2025-01-31,2025-02-04,35
4096,3036,LogX,2025-03-07,2025-03-16,20
4097,533,Correios,2025-03-14,2025-03-22,35
4098,1594,LogX,2025-01-06,2025-01-11,-5
4099,4379,Correios,2025-01-06,2025-01-05,-5
4100,804,LogX,2025-02-07,2025-02-17,-5
4101,1013,LogX,2025-04-13,2025-04-16,20
4102,2660,LogX,2025-03-14,2025-03-21,35
4103,637,Correios,2025-06-23,2025-06-26,-5
4104,1728,Correios,2025-04-17,2025-04-20,20
4105,2977,LogX,2025-01-08,2025-01-15,-5
4106,2208,LogX,2025-04-04,2025-04-05,35
4107,897,Correios,2025-05-02,2025-05-04,-5
4108,2248,LogX,2025-04-08,2025-04-18,20
4109,1459,Correios,2025-06-23,2025-06-24,35
4110,943,Correios,2025-04-08,2025-04-15,20
4111,2921,LogX,2025-04-19,2025-04-20,-5
4112,4695,LogX,2025-06-21,2025-06-27,-5
4113,3817,LogX,2025-02-17,2025-02-22,-5
4114,3843,LogX,2025-06-25,2025-06-23,-5
4115,4908,Correios,2025-05-18,2025-05-18,35
4116,2677,Correios,2025-05-26,2025-05-27,35
4117,840,LogX,2025-03-07,2025-03-12,20
4118,1173,LogX,2025-06-11,2025-06-09,-5
4119,146,Correios,2025-03-29,2025-04-01,35
4120,2535,Correios,2025-03-24,2025-03-31,35
4121,2003,LogX,2025-01-01,2025-01-10,20
4122,395,LogX,2025-02-14,2025-02-18,35
4123,815,Correios,2025-05-14,2025-05-24,20
4124,1072,LogX,2025-02-27,2025-03-06,35
4125,4343,LogX,2025-02-01,2025-01-30,35
4126,2343,LogX,2025-02-28,2025-03-09,-5
4127,1471,LogX,2025-06-21,2025-06-25,20
4128,262,LogX,2025-03-12,2025-03-19,-5
4129,4682,LogX,2025-03-14,2025-03-21,20
4130,3469,Correios,2025-03-12,2025-03-10,20
4131,958,Correios,2025-03-17,2025-03-26,20
4132,1999,Correios,2025-03-03,2025-03-03,20
4133,3594,Correios,2025-05-12,2025-05-21,-5
4134,1280,LogX,2025-05-18,2025-05-17,20
4135,1604,Correios,2025-01-09,2025-01-18,20
4136,2332,Correios,2025-06-12,2025-06-22,-5
4137,2938,LogX,2025-04-14,2025-04-12,35
4138,4811,LogX,2025-01-12,2025-01-16,-5
4139,452,LogX,2025-01-19,2025-01-21,35
4140,4330,LogX,2025-05-10,2025-05-15,-5
4141,4724,LogX,2025-02-23,2025-03-05,-5
4142,3156,LogX,2025-06-11,2025-06-21,20
4143,4260,LogX,2025-05-09,2025-05-17,20
4144,1270,Correios,2025-06-27,2025-06-30,35
4145,4137,LogX,2025-06-25,2025-06-28,35
4146,1648,Correios,2025-06-18,2025-06-19,20
4147,4069,LogX,2025-05-24,2025-05-31,20
4148,694,Correios,2025-03-09,2025-03-08,20
4149,208,LogX,2025-04-13,2025-04-22,20
4150,1088,Correios,2025-03-25,2025-03-25,-5
4151,286,Correios,2025-06-13,2025-06-18,35
4152,2848,Correios,2025-06-21,2025-06-22,-5
4153,3072,Correios,2025-01-28,2025-02-06,35
4154,423,LogX,2025-04-03,2025-04-06,20
4155,564,Correios,2025-06-02,2025-06-07,-5
4156,2809,LogX,2025-03-24,2025-03-29,35
4157,2184,LogX,2025-03-16,2025-03-18,35
4158,2490,LogX,2025-06-20,2025-06-21,-5
4159,3809,Correios,2025-03-23,2025-03-24,-5
4160,1028,LogX,2025-03-21,2025-03-29,20
4161,3155,LogX,2025-05-26,2025-05-25,20
4162,1845,Correios,2025-05-01,2025-05-07,-5
4163,2947,Correios,2025-06-13,2025-06-12,-5
4164,1396,LogX,2025-05-18,2025-05-25,20
4165,1581,LogX,2025-06-13,2025-06-13,20
4166,1990,LogX,2025-03-10,2025-03-13,20
4167,3536,LogX,2025-06-16,2025-06-24,35
4168,4364,Correios,2025-04-15,2025-04-16,35
4169,2505,LogX,2025-03-12,2025-03-15,20
4170,38,Correios,2025-05-24,2025-05-23,20
4171,666,LogX,2025-01-28,2025-02-01,-5
4172,894,Correios,2025-04-15,2025-04-14,-5
4173,2514,LogX,2025-05-18,2025-05-27,20
4174,776,Correios,2025-03-02,2025-03-04,-5
4175,1640,Correios,2025-01-21,2025-01-27,-5
4176,1124,LogX,2025-01-11,2025-01-19,20
4177,175,LogX,2025-02-06,2025-02-04,-5
4178,581,Correios,2025-05-06,2025-05-13,20
4179,2485,LogX,2025-01-03,2025-01-07,35
4180,211,Correios,2025-06-26,2025-07-02,-5
4181,4040,Correios,2025-02-01,2025-02-06,-5
4182,1449,Correios,2025-03-28,2025-03-29,-5
4183,1200,Correios,2025-03-29,2025-03-27,20
4184,1207,Correios,2025-02-09,2025-02-13,35
4185,4725,Correios,2025-05-12,2025-05-11,35
4186,4260,Correios,2025-02-18,2025-02-28,35
4187,1836,LogX,2025-02-18,2025-02-22,-5
4188,3212,Correios,2025-06-16,2025-06-24,35
4189,2403,LogX,2025-02-12,2025-02-15,35
4190,2108,Correios,2025-05-07,2025-05-15,-5
4191,4783,Correios,2025-06-12,2025-06-20,20
4192,831,Correios,2025-06-01,2025-06-06,20
4193,1776,LogX,2025-06-04,2025-06-08,-5
4194,3569,Correios,2025-06-05,2025-06-10,35
4195,3359,LogX,2025-02-13,2025-02-18,-5
4196,4098,Correios,2025-06-30,2025-07-03,20
4197,3866,LogX,2025-05-19,2025-05-28,20
4198,3358,Correios,2025-01-08,2025-01-11,35
4199,2249,LogX,2025-03-11,2025-03-12,-5
4200,545,Correios,2025-05-16,2025-05-24,20
4201,1687,LogX,2025-01-04,2025-01-12,20
4202,1267,LogX,2025-02-19,2025-02-21,20
4203,3537,Correios,2025-06-13,2025-06-21,35
4204,1415,LogX,2025-06-17,2025-06-16,20
4205,2467,Correios,2025-05-17,2025-05-17,-5
4206,4138,LogX,2025-06-30,2025-07-07,-5
4207,3659,Correios,2025-05-23,2025-05-29,-5
4208,4505,Correios,2025-03-08,2025-03-13,-5
4209,1154,Correios,2025-05-30,2025-06-06,35
4210,2860,LogX,2025-03-16,2025-03-23,20
4211,3137,Correios,2025-03-30,2025-04-01,35
4212,2019,LogX,2025-06-05,2025-06-15,20
4213,4852,Correios,2025-03-17,2025-03-27,20
4214,1837,LogX,2025-03-01,2025-03-09,20
4215,2991,LogX,2025-04-20,2025-04-21,-5
4216,3664,LogX,2025-02-15,2025-02-19,20
4217,4824,Correios,2025-05-05,2025-05-13,20
4218,587,Correios,2025-05-22,2025-05-20,35
4219,3321,Correios,2025-02-01,2025-02-04,35
4220,511,Correios,2025-02-19,2025-02-27,35
4221,1090,Correios,2025-05-22,2025-05-29,35
4222,119,LogX,2025-03-23,2025-03-21,20
4223,4852,Correios,2025-06-23,2025-06-24,20
4224,4501,Correios,2025-04-15,2025-04-23,35
4225,1788,LogX,2025-03-26,2025-03-25,35
4226,1302,LogX,2025-01-02,2025-01-01,-5
4227,2858,Correios,2025-01-13,2025-01-15,20
4228,3775,Correios,2025-04-08,2025-04-18,35
4229,2862,Correios,2025-06-22,2025-06-28,35
4230,3322,LogX,2025-01-03,2025-01-11,20
4231,1656,LogX,2025-02-03,2025-02-01,20
4232,3583,Correios,2025-04-22,2025-04-27,20
4233,4868,Correios,2025-01-07,2025-01-10,20
4234,2711,Correios,2025-04-09,2025-04-18,20
4235,842,LogX,2025-03-13,2025-03-11,-5
4236,2468,LogX,2025-01-19,2025-01-22,-5
4237,4755,LogX,2025-02-13,2025-02-23,-5
4238,3874,LogX,2025-05-13,2025-05-16,35
4239,165,LogX,2025-05-24,2025-05-30,-5
4240,2924,Correios,2025-03-13,2025-03-17,35
4241,2598,LogX,2025-04-10,2025-04-12,20
4242,3441,Correios,2025-06-02,2025-06-04,-5
4243,3275,LogX,2025-03-19,2025-03-27,20
4244,2142,LogX,2025-01-19,2025-01-22,35
4245,1677,Correios,2025-03-13,2025-03-16,-5
4246,2093,Correios,2025-06-16,2025-06-14,20
4247,4067,LogX,2025-02-05,2025-02-07,-5
4248,383,Correios,2025-05-04,2025-05-05,35
4249,3140,Correios,2025-06-10,2025-06-14,-5
4250,747,Correios,2025-04-03,2025-04-08,-5
4251,3502,LogX,2025-02-26,2025-02-25,35
4252,3677,Correios,2025-02-24,2025-03-03,20
4253,3830,LogX,2025-05-02,2025-05-02,-5
4254,911,Correios,2025-02-22,2025-02-22,20
4255,1881,Correios,2025-02-22,2025-02-22,20
4256,1225,Correios,2025-02-15,2025-02-21,-5
4257,1317,Correios,2025-03-14,2025-03-19,-5
4258,1980,Correios,2025-01-20,2025-01-22,20
4259,3731,Correios,2025-03-17,2025-03-27,20
4260,4570,Correios,2025-06-06,2025-06-09,20
4261,1104,Correios,2025-03-18,2025-03-25,-5
4262,903,Correios,2025-06-12,2025-06-18,-5
4263,3971,Correios,2025-04-19,2025-04-20,-5
4264,447,Correios,2025-06-20,2025-06-26,20
4265,2216,Correios,2025-03-13,2025-03-15,-5
4266,3943,LogX,2025-01-28,2025-01-26,20
4267,1536,LogX,2025-06-16,2025-06-19,20
4268,2408,Correios,2025-03-31,2025-04-04,-5
4269,1188,Correios,2025-02-21,2025-02-22,-5
4270,4292,LogX,2025-03-29,2025-03-28,-5
4271,2648,LogX,2025-06-05,2025-06-06,20
4272,4514,Correios,2025-05-26,2025-05-26,-5
4273,4642,Correios,2025-01-11,2025-01-17,20
4274,3261,LogX,2025-01-03,2025-01-02,-5
4275,4747,LogX,2025-01-12,2025-01-11,35
4276,3597,LogX,2025-06-11,2025-06-14,35
4277,1251,LogX,2025-04-26,2025-05-01,35
4278,4161,LogX,2025-06-18,2025-06-22,35
4279,424,LogX,2025-03-29,2025-04-02,20
4280,4880,Correios,2025-01-04,2025-01-03,20
4281,4306,Correios,2025-03-25,2025-03-24,35
4282,2611,Correios,2025-05-21,2025-05-23,-5
4283,822,LogX,2025-06-19,2025-06-21,20
4284,1789,LogX,2025-01-06,2025-01-10,35
4285,3373,LogX,2025-05-25,2025-05-30,-5
4286,4062,Correios,2025-04-13,2025-04-17,-5
4287,3980,Correios,2025-06-10,2025-06-20,20
4288,4145,LogX,2025-04-18,2025-04-25,-5
4289,4302,LogX,2025-05-13,2025-05-22,35
4290,2107,Correios,2025-04-30,2025-05-02,20
4291,4351,Correios,2025-02-10,2025-02-17,20
4292,233,Correios,2025-02-08,2025-02-07,20
4293,717,LogX,2025-04-21,2025-04-22,-5
4294,333,LogX,2025-04-26,2025-05-02,35
4295,2848,LogX,2025-06-18,2025-06-20,-5
4296,4983,Correios,2025-04-05,2025-04-11,20
4297,2429,LogX,2025-02-09,2025-02-09,20
4298,2640,LogX,2025-02-22,2025-02-21,35
4299,935,LogX,2025-03-11,2025-03-12,35
4300,2198,Correios,2025-04-06,2025-04-12,20
4301,4176,LogX,2025-03-14,2025-03-16,35
4302,3212,LogX,2025-04-27,2025-05-03,20
4303,3805,Correios,2025-04-10,2025-04-08,-5
4304,1243,LogX,2025-05-05,2025-05-03,-5
4305,4548,Correios,2025-04-13,2025-04-22,35
4306,1641,LogX,2025-02-28,2025-03-01,35
4307,79,Correios,2025-03-17,2025-03-27,35
4308,220,LogX,2025-02-21,2025-03-02,-5
4309,2413,LogX,2025-03-30,2025-04-05,20
4310,196,Correios,2025-03-22,2025-04-01,20
4311,712,Correios,2025-06-05,2025-06-10,20
4312,4377,LogX,2025-04-04,2025-04-10,20
4313,1631,Correios,2025-02-28,2025-02-27,20
4314,2433,Correios,2025-05-18,2025-05-19,20
4315,265,LogX,2025-02-01,2025-02-10,35
4316,1883,Correios,2025-04-21,2025-04-24,20
4317,3009,LogX,2025-01-10,2025-01-17,20
4318,4257,Correios,2025-05-20,2025-05-21,35
4319,4728,LogX,2025-05-21,2025-05-22,-5
4320,1013,LogX,2025-01-12,2025-01-20,35
4321,826,LogX,2025-03-19,2025-03-21,35
4322,1398,Correios,2025-03-12,2025-03-15,20
4323,3614,LogX,2025-03-22,2025-03-26,35
4324,2804,Correios,2025-04-05,2025-04-09,35
4325,3967,LogX,2025-02-24,2025-03-03,-5
4326,3374,Correios,2025-03-14,2025-03-12,20
4327,3293,Correios,2025-02-10,2025-02-08,-5
4328,1156,Correios,2025-03-07,2025-03-08,35
4329,888,LogX,2025-02-11,2025-02-18,35
4330,2099,Correios,2025-06-04,2025-06-06,20
4331,3325,LogX,2025-02-10,2025-02-12,-5
4332,69,LogX,2025-04-18,2025-04-19,20
4333,457,Correios,2025-03-07,2025-03-13,-5
4334,321,LogX,2025-06-24,2025-07-02,20
4335,3953,Correios,2025-02-04,2025-02-03,-5
4336,558,Correios,2025-02-04,2025-02-08,35
4337,2016,LogX,2025-05-09,2025-05-19,35
4338,2731,LogX,2025-03-20,2025-03-18,20
4339,4700,Correios,2025-04-26,2025-05-03,35
4340,4605,Correios,2025-03-19,2025-03-20,35
4341,4768,Correios,2025-05-19,2025-05-29,-5
4342,4994,LogX,2025-05-29,2025-05-30,20
4343,446,LogX,2025-06-23,2025-06-22,20
4344,4523,Correios,2025-03-31,2025-04-02,20
4345,4382,Correios,2025-04-08,2025-04-07,-5
4346,3485,LogX,2025-02-05,2025-02-06,20
4347,2583,Correios,2025-03-10,2025-03-08,35
4348,3239,LogX,2025-02-25,2025-03-03,35
4349,4073,LogX,2025-01-28,2025-02-06,35
4350,3673,Correios,2025-03-30,2025-03-31,35
4351,1145,LogX,2025-06-26,2025-07-01,20
4352,1163,LogX,2025-03-11,2025-03-10,20
4353,3061,Correios,2025-06-06,2025-06-15,35
4354,4226,Correios,2025-03-14,2025-03-19,-5
4355,553,LogX,2025-04-27,2025-04-25,20
4356,4293,Correios,2025-01-19,2025-01-20,35
4357,709,Correios,2025-04-20,2025-04-27,20
4358,4831,LogX,2025-01-21,2025-01-27,35
4359,1736,Correios,2025-03-09,2025-03-13,35
4360,4471,LogX,2025-04-30,2025-04-30,35
4361,4528,LogX,2025-01-11,2025-01-13,-5
4362,2321,Correios,2025-05-04,2025-05-10,20
4363,564,Correios,2025-01-27,2025-02-03,20
4364,3343,Correios,2025-05-17,2025-05-16,35
4365,1097,Correios,2025-02-24,2025-02-26,35
4366,3107,LogX,2025-03-06,2025-03-05,20
4367,3770,Correios,2025-03-20,2025-03-27,35
4368,2369,Correios,2025-02-13,2025-02-20,-5
4369,198,LogX,2025-03-16,2025-03-23,20
4370,1675,Correios,2025-04-17,2025-04-27,35
4371,2190,Correios,2025-01-20,2025-01-20,20
4372,3472,Correios,2025-01-02,2025-01-03,-5
4373,4379,LogX,2025-03-16,2025-03-17,-5
4374,262,Correios,2025-05-08,2025-05-08,35
4375,3088,LogX,2025-06-15,2025-06-16,-5
4376,4166,LogX,2025-04-28,2025-05-07,-5
4377,3791,LogX,2025-05-28,2025-05-29,-5
4378,3923,Correios,2025-01-16,2025-01-25,-5
4379,4098,LogX,2025-04-14,2025-04-17,35
4380,2137,Correios,2025-06-18,2025-06-24,35
4381,4767,LogX,2025-03-03,2025-03-11,-5
4382,2735,Correios,2025-05-26,2025-06-04,35
4383,4946,LogX,2025-05-02,2025-05-07,20
4384,2367,Correios,2025-02-03,2025-02-04,20
4385,4583,Correios,2025-05-28,2025-05-31,20
4386,4497,LogX,2025-01-09,2025-01-14,35
4387,1504,LogX,2025-01-09,2025-01-08,35
4388,137,Correios,2025-06-05,2025-06-07,35
4389,3144,Correios,2025-02-19,2025-02-27,20
4390,3753,LogX,2025-02-27,2025-03-07,20
4391,3819,Correios,2025-06-03,2025-06-08,20
4392,320,LogX,2025-03-02,2025-03-10,35
4393,21,Correios,2025-05-12,2025-05-10,20
4394,3372,LogX,2025-04-26,2025-04-27,35
4395,3347,LogX,2025-01-20,2025-01-22,35
4396,3554,Correios,2025-04-22,2025-04-27,-5
4397,4439,Correios,2025-05-04,2025-05-12,35
4398,132,Correios,2025-03-25,2025-04-04,-5
4399,4772,LogX,2025-06-28,2025-07-07,-5
4400,4246,LogX,2025-03-13,2025-03-19,35
4401,3470,Correios,2025-05-31,2025-06-10,35
4402,202,Correios,2025-01-07,2025-01-13,20
4403,2408,Correios,2025-02-23,2025-02-25,20
4404,2006,Correios,2025-05-18,2025-05-28,20
4405,529,Correios,2025-01-16,2025-01-21,20
4406,160,Correios,2025-04-28,2025-05-02,-5
4407,4985,Correios,2025-05-14,2025-05-24,20
4408,4836,Correios,2025-05-19,2025-05-19,35
4409,4473,LogX,2025-03-20,2025-03-24,-5
4410,4343,LogX,2025-05-28,2025-06-05,-5
4411,406,Correios,2025-02-04,2025-02-13,-5
4412,1416,LogX,2025-02-25,2025-02-24,35
4413,1561,LogX,2025-03-28,2025-04-05,20
4414,189,Correios,2025-01-02,2025-01-06,35
4415,4740,Correios,2025-04-14,2025-04-14,35
4416,3759,LogX,2025-01-12,2025-01-12,20
4417,4323,LogX,2025-06-01,2025-06-10,20
4418,1053,Correios,2025-05-19,2025-05-20,20
4419,4035,Correios,2025-04-08,2025-04-13,35
4420,228,LogX,2025-05-28,2025-06-06,20
4421,1602,LogX,2025-03-23,2025-03-24,35
4422,4641,LogX,2025-03-02,2025-03-11,-5
4423,2850,LogX,2025-05-16,2025-05-26,-5
4424,245,Correios,2025-03-16,2025-03-18,20
4425,4404,Correios,2025-05-04,2025-05-04,20
4426,4552,LogX,2025-01-26,2025-01-30,35
4427,2930,LogX,2025-03-03,2025-03-02,-5
4428,3432,Correios,2025-04-03,2025-04-10,-5
4429,1148,LogX,2025-03-09,2025-03-16,35
4430,3999,LogX,2025-05-20,2025-05-23,20
4431,2568,Correios,2025-06-09,2025-06-10,20
4432,4825,Correios,2025-04-17,2025-04-27,35
4433,1203,Correios,2025-06-18,2025-06-19,-5
4434,315,LogX,2025-02-06,2025-02-10,-5
4435,4830,LogX,2025-05-30,2025-06-07,-5
4436,2189,LogX,2025-04-01,2025-03-31,35
4437,3701,Correios,2025-04-27,2025-04-30,-5
4438,681,LogX,2025-02-25,2025-03-07,35
4439,1143,Correios,2025-03-09,2025-03-17,35
4440,4759,Correios,2025-02-02,2025-02-12,35
4441,4258,LogX,2025-06-09,2025-06-13,20
4442,379,LogX,2025-02-14,2025-02-18,-5
4443,2513,LogX,2025-05-16,2025-05-16,20
4444,47,LogX,2025-06-19,2025-06-29,-5
4445,4058,LogX,2025-06-22,2025-07-01,35
4446,68,Correios,2025-06-26,2025-07-04,20
4447,617,LogX,2025-03-29,2025-04-07,-5
4448,4931,Correios,2025-06-10,2025-06-19,20
4449,2309,Correios,2025-03-31,2025-04-02,-5
4450,2170,LogX,2025-01-12,2025-01-11,-5
4451,1687,LogX,2025-05-10,2025-05-13,35
4452,1466,Correios,2025-02-13,2025-02-18,20
4453,4728,LogX,2025-03-24,2025-04-01,20
4454,801,Correios,2025-01-07,2025-01-14,35
4455,4491,LogX,2025-04-21,2025-04-29,-5
4456,2326,Correios,2025-06-07,2025-06-10,-5
4457,1945,Correios,2025-02-07,2025-02-16,-5
4458,2301,LogX,2025-05-11,2025-05-16,20
4459,4817,Correios,2025-01-19,2025-01-20,20
4460,4225,LogX,2025-04-17,2025-04-21,20
4461,932,Correios,2025-04-13,2025-04-19,35
4462,4051,Correios,2025-01-06,2025-01-13,20
4463,3136,LogX,2025-05-15,2025-05-25,20
4464,4354,LogX,2025-01-16,2025-01-26,35
4465,3596,Correios,2025-01-26,2025-01-29,35
4466,4476,LogX,2025-02-12,2025-02-21,20
4467,1304,Correios,2025-04-18,2025-04-16,-5
4468,466,LogX,2025-05-08,2025-05-17,-5
4469,1383,LogX,2025-02-15,2025-02-20,-5
4470,4703,Correios,2025-02-02,2025-02-06,35
4471,3862,Correios,2025-04-10,2025-04-10,-5
4472,2335,Correios,2025-02-12,2025-02-14,-5
4473,3321,Correios,2025-03-23,2025-03-21,35
4474,3566,Correios,2025-02-10,2025-02-14,20
4475,4063,Correios,2025-01-29,2025-02-03,-5
4476,347,Correios,2025-02-08,2025-02-06,-5
4477,430,Correios,2025-01-08,2025-01-16,-5
4478,735,Correios,2025-06-05,2025-06-12,20
4479,1898,LogX,2025-05-26,2025-05-26,35
4480,2958,Correios,2025-01-30,2025-01-29,35
4481,2251,Correios,2025-04-10,2025-04-11,35
4482,4930,Correios,2025-01-29,2025-01-29,-5
4483,4896,LogX,2025-01-03,2025-01-07,20
4484,4034,LogX,2025-02-21,2025-02-19,-5
4485,816,Correios,2025-02-19,2025-02-18,-5
4486,2077,Correios,2025-06-05,2025-06-05,-5
4487,103,LogX,2025-05-20,2025-05-22,35
4488,1807,LogX,2025-03-15,2025-03-13,20
4489,3670,Correios,2025-06-13,2025-06-18,35
4490,1864,LogX,2025-05-29,2025-06-02,20
4491,4433,LogX,2025-02-14,2025-02-15,-5
4492,3674,Correios,2025-01-07,2025-01-05,35
4493,1881,LogX,2025-03-31,2025-04-09,35
4494,766,LogX,2025-01-29,2025-02-03,35
4495,2183,Correios,2025-03-06,2025-03-16,35
4496,673,Correios,2025-01-24,2025-01-23,20
4497,930,Correios,2025-05-23,2025-06-02,35
4498,4232,Correios,2025-01-06,2025-01-05,-5
4499,390,Correios,2025-01-24,2025-01-28,35
4500,4753,LogX,2025-01-30,2025-02-01,20
4501,2927,Correios,2025-05-05,2025-05-14,20
4502,1741,Correios,2025-01-04,2025-01-13,-5
4503,1638,LogX,2025-02-28,2025-03-05,20
4504,803,LogX,2025-02-02,2025-02-05,35
4505,2126,Correios,2025-04-08,2025-04-14,35
4506,1833,LogX,2025-04-14,2025-04-23,-5
4507,4498,Correios,2025-06-17,2025-06-16,20
4508,1613,Correios,2025-02-04,2025-02-02,20
4509,3172,LogX,2025-03-08,2025-03-14,-5
4510,521,Correios,2025-01-14,2025-01-21,20
4511,77,LogX,2025-02-02,2025-02-03,-5
4512,2287,LogX,2025-05-23,2025-05-23,35
4513,3347,LogX,2025-04-29,2025-05-08,-5
4514,3925,LogX,2025-05-03,2025-05-02,35
4515,3353,LogX,2025-01-07,2025-01-11,-5
4516,2756,LogX,2025-05-30,2025-05-31,-5
4517,520,Correios,2025-06-20,2025-06-26,-5
4518,3865,Correios,2025-02-01,2025-02-08,35
4519,1753,LogX,2025-01-22,2025-01-22,-5
4520,4358,Correios,2025-04-16,2025-04-22,20
4521,4681,Correios,2025-04-01,2025-04-04,-5
4522,1479,LogX,2025-06-06,2025-06-04,-5
4523,2638,LogX,2025-01-17,2025-01-15,35
4524,3043,Correios,2025-06-01,2025-06-06,20
4525,23,LogX,2025-01-04,2025-01-14,20
4526,1354,LogX,2025-05-17,2025-05-27,35
4527,3261,Correios,2025-05-24,2025-05-25,20
4528,654,LogX,2025-01-08,2025-01-10,20
4529,2448,Correios,2025-06-02,2025-06-04,-5
4530,3775,LogX,2025-01-25,2025-01-31,20
4531,2317,Correios,2025-01-18,2025-01-25,35
4532,2454,LogX,2025-02-09,2025-02-18,35
4533,2498,Correios,2025-04-21,2025-04-19,-5
4534,3292,Correios,2025-05-08,2025-05-18,35
4535,2350,LogX,2025-01-31,2025-02-02,35
4536,3932,LogX,2025-02-04,2025-02-05,35
4537,4103,Correios,2025-04-16,2025-04-24,-5
4538,4653,Correios,2025-01-23,2025-01-27,35
4539,927,LogX,2025-03-29,2025-03-27,-5
4540,715,Correios,2025-05-22,2025-06-01,20
4541,422,LogX,2025-06-25,2025-07-01,35
4542,1254,Correios,2025-01-18,2025-01-19,-5
4543,433,LogX,2025-04-28,2025-04-28,-5
4544,130,Correios,2025-01-09,2025-01-11,20
4545,3668,LogX,2025-04-08,2025-04-16,35
4546,4457,LogX,2025-05-29,2025-05-30,20
4547,1743,Correios,2025-02-14,2025-02-20,20
4548,723,LogX,2025-03-13,2025-03-17,35
4549,4931,LogX,2025-03-17,2025-03-25,-5
4550,3692,LogX,2025-04-23,2025-04-27,20
4551,2143,LogX,2025-05-14,2025-05-23,35
4552,1360,LogX,2025-05-19,2025-05-20,35
4553,786,LogX,2025-01-20,2025-01-23,-5
4554,2415,LogX,2025-02-05,2025-02-05,-5
4555,4198,LogX,2025-05-15,2025-05-19,20
4556,1414,LogX,2025-01-29,2025-01-28,20
4557,1064,Correios,2025-01-11,2025-01-13,20
4558,995,LogX,2025-05-09,2025-05-10,35
4559,1234,Correios,2025-01-31,2025-02-02,-5
4560,4392,LogX,2025-04-19,2025-04-20,20
4561,2050,Correios,2025-02-05,2025-02-03,20
4562,981,Correios,2025-01-25,2025-01-29,-5
4563,2609,Correios,2025-06-30,2025-07-09,35
4564,2993,Correios,2025-06-03,2025-06-01,20
4565,641,Correios,2025-01-18,2025-01-21,35
4566,526,Correios,2025-02-05,2025-02-13,35
4567,1451,LogX,2025-01-27,2025-02-01,35
4568,4410,LogX,2025-01-04,2025-01-06,-5
4569,600,LogX,2025-01-12,2025-01-19,-5
4570,2042,Correios,2025-05-12,2025-05-19,20
4571,2645,Correios,2025-06-22,2025-06-30,35
4572,93,Correios,2025-05-26,2025-05-27,35
4573,3989,LogX,2025-02-07,2025-02-17,-5
4574,3084,Correios,2025-01-04,2025-01-03,20
4575,4645,LogX,2025-01-12,2025-01-16,35
4576,3475,LogX,2025-02-14,2025-02-16,-5
4577,4700,Correios,2025-04-04,2025-04-02,35
4578,4477,LogX,2025-06-19,2025-06-17,-5
4579,2065,LogX,2025-01-31,2025-02-02,-5
4580,1569,Correios,2025-03-30,2025-04-07,-5
4581,4123,LogX,2025-03-03,2025-03-09,20
4582,579,Correios,2025-03-07,2025-03-15,35
4583,2131,LogX,2025-02-09,2025-02-18,35
4584,4980,LogX,2025-04-01,2025-03-30,-5
4585,1246,LogX,2025-03-24,2025-04-02,-5
4586,1313,Correios,2025-04-24,2025-04-27,35
4587,125,LogX,2025-03-23,2025-03-23,35
4588,4725,Correios,2025-06-16,2025-06-17,-5
4589,2475,LogX,2025-01-23,2025-01-25,35
4590,1329,Correios,2025-06-06,2025-06-08,20
4591,3096,Correios,2025-05-16,2025-05-19,20
4592,654,LogX,2025-04-14,2025-04-24,35
4593,4810,LogX,2025-01-06,2025-01-10,35
4594,1637,LogX,2025-04-16,2025-04-23,35
4595,2724,Correios,2025-05-10,2025-05-09,-5
4596,1216,LogX,2025-02-25,2025-03-01,35
4597,3858,Correios,2025-02-21,2025-02-28,-5
4598,2809,Correios,2025-05-20,2025-05-19,35
4599,3133,Correios,2025-04-16,2025-04-24,-5
4600,3372,LogX,2025-04-02,2025-04-07,35
4601,999,Correios,2025-06-26,2025-06-27,20
4602,4313,LogX,2025-03-17,2025-03-22,-5
4603,3261,Correios,2025-01-12,2025-01-21,35
4604,3471,Correios,2025-06-26,2025-06-24,35
4605,955,LogX,2025-02-01,2025-02-04,-5
4606,2263,LogX,2025-04-12,2025-04-18,20
4607,834,LogX,2025-06-20,2025-06-26,-5
4608,3541,LogX,2025-04-22,2025-04-28,35
4609,2600,Correios,2025-04-04,2025-04-09,-5
4610,164,LogX,2025-01-06,2025-01-05,35
4611,298,Correios,2025-02-09,2025-02-19,35
4612,2267,LogX,2025-06-19,2025-06-20,-5
4613,2556,LogX,2025-05-01,2025-05-09,35
4614,1448,LogX,2025-01-21,2025-01-27,20
4615,2733,Correios,2025-06-17,2025-06-23,35
4616,3742,LogX,2025-05-11,2025-05-17,35
4617,2110,LogX,2025-05-14,2025-05-21,-5
4618,2013,Correios,2025-01-31,2025-02-04,20
4619,1576,Correios,2025-05-09,2025-05-18,20
4620,3493,Correios,2025-06-17,2025-06-20,-5
4621,4297,Correios,2025-03-05,2025-03-11,35
4622,3587,LogX,2025-02-27,2025-03-04,35
4623,1483,LogX,2025-05-02,2025-05-04,20
4624,2669,LogX,2025-02-27,2025-03-06,20
4625,4032,Correios,2025-06-17,2025-06-27,-5
4626,3792,Correios,2025-05-19,2025-05-28,35
4627,2329,LogX,2025-05-05,2025-05-10,-5
4628,1203,Correios,2025-05-05,2025-05-15,35
4629,2135,LogX,2025-04-20,2025-04-30,20
4630,3642,LogX,2025-04-20,2025-04-23,-5
4631,3775,Correios,2025-03-02,2025-03-02,20
4632,2251,Correios,2025-05-25,2025-05-26,-5
4633,969,Correios,2025-03-31,2025-04-09,-5
4634,512,Correios,2025-02-28,2025-03-01,20
4635,162,Correios,2025-05-09,2025-05-19,-5
4636,1357,Correios,2025-03-02,2025-03-04,35
4637,1262,Correios,2025-03-14,2025-03-23,35
4638,2196,LogX,2025-05-07,2025-05-13,-5
4639,898,Correios,2025-06-03,2025-06-08,-5
4640,1781,LogX,2025-02-15,2025-02-23,35
4641,2495,Correios,2025-02-16,2025-02-18,-5
4642,1546,LogX,2025-06-23,2025-06-25,20
4643,3426,Correios,2025-03-29,2025-04-05,20
4644,2568,Correios,2025-06-26,2025-06-28,-5
4645,3145,Correios,2025-03-07,2025-03-09,-5
4646,3752,Correios,2025-05-12,2025-05-16,20
4647,4990,LogX,2025-01-19,2025-01-25,-5
4648,3915,LogX,2025-01-27,2025-01-30,-5
4649,3007,LogX,2025-02-24,2025-02-27,20
4650,4401,LogX,2025-02-04,2025-02-11,35
4651,4044,LogX,2025-04-17,2025-04-27,20
4652,4070,Correios,2025-05-04,2025-05-03,20
4653,2281,LogX,2025-04-02,2025-04-05,-5
4654,4868,Correios,2025-01-16,2025-01-20,35
4655,643,Correios,2025-06-07,2025-06-15,20
4656,665,Correios,2025-04-22,2025-04-28,35
4657,3226,LogX,2025-01-26,2025-01-24,-5
4658,3924,LogX,2025-02-11,2025-02-19,35
4659,2447,LogX,2025-02-04,2025-02-14,-5
4660,325,LogX,2025-06-25,2025-07-04,35
4661,3958,Correios,2025-05-08,2025-05-15,-5
4662,3722,LogX,2025-06-24,2025-06-24,35
4663,4278,LogX,2025-03-04,2025-03-03,20
4664,316,Correios,2025-05-18,2025-05-20,35
4665,4009,LogX,2025-02-28,2025-03-08,35
4666,4630,LogX,2025-06-04,2025-06-10,35
4667,2847,LogX,2025-04-22,2025-04-30,35
4668,4358,Correios,2025-03-27,2025-03-26,35
4669,155,Correios,2025-04-27,2025-04-29,20
4670,222,Correios,2025-03-29,2025-04-07,35
4671,3593,LogX,2025-05-22,2025-06-01,35
4672,3335,LogX,2025-02-06,2025-02-15,20
4673,1352,Correios,2025-02-07,2025-02-09,20
4674,2704,Correios,2025-04-18,2025-04-27,35
4675,2891,LogX,2025-05-14,2025-05-16,20
4676,1325,Correios,2025-05-11,2025-05-09,35
4677,2818,LogX,2025-05-12,2025-05-17,35
4678,4752,LogX,2025-01-14,2025-01-22,-5
4679,4506,Correios,2025-05-05,2025-05-06,35
4680,2225,LogX,2025-05-16,2025-05-20,35
4681,3478,Correios,2025-03-05,2025-03-10,35
4682,225,Correios,2025-01-21,2025-01-26,35
4683,2386,LogX,2025-05-24,2025-05-31,20
4684,150,Correios,2025-02-10,2025-02-18,-5
4685,4928,LogX,2025-01-23,2025-01-24,-5
4686,1502,Correios,2025-05-09,2025-05-16,-5
4687,3741,Correios,2025-05-13,2025-05-21,35
4688,242,LogX,2025-01-30,2025-02-09,20
4689,3305,LogX,2025-02-11,2025-02-21,20
4690,2467,Correios,2025-06-27,2025-07-03,35
4691,774,Correios,2025-05-17,2025-05-20,20
4692,423,LogX,2025-06-30,2025-06-28,35
4693,883,Correios,2025-04-26,2025-05-02,-5
4694,2504,Correios,2025-04-17,2025-04-24,35
4695,992,Correios,2025-02-03,2025-02-04,35
4696,3246,Correios,2025-06-23,2025-06-24,-5
4697,797,Correios,2025-03-26,2025-04-01,20
4698,4061,Correios,2025-05-23,2025-05-26,20
4699,4262,Correios,2025-05-01,2025-05-10,-5
4700,4275,Correios,2025-03-31,2025-04-07,35
4701,2360,LogX,2025-01-28,2025-01-27,35
4702,1405,Correios,2025-05-03,2025-05-10,-5
4703,3039,Correios,2025-04-25,2025-04-29,20
4704,2488,Correios,2025-06-26,2025-06-25,-5
4705,2237,LogX,2025-01-15,2025-01-15,35
4706,1576,LogX,2025-02-06,2025-02-10,20
4707,4420,LogX,2025-02-20,2025-02-18,-5
4708,4429,Correios,2025-01-16,2025-01-22,-5
4709,1895,Correios,2025-06-14,2025-06-14,20
4710,1769,LogX,2025-06-06,2025-06-06,35
4711,280,Correios,2025-01-08,2025-01-10,-5
4712,1745,LogX,2025-03-24,2025-03-28,-5
4713,688,LogX,2025-05-24,2025-05-28,20
4714,4742,Correios,2025-03-18,2025-03-25,35
4715,1056,LogX,2025-01-21,2025-01-23,20
4716,2834,LogX,2025-04-05,2025-04-05,35
4717,921,Correios,2025-02-21,2025-02-26,20
4718,1462,LogX,2025-06-21,2025-06-19,20
4719,3154,Correios,2025-03-23,2025-04-02,35
4720,793,Correios,2025-03-03,2025-03-09,-5
4721,1086,Correios,2025-02-01,2025-02-05,35
4722,4516,LogX,2025-04-16,2025-04-17,-5
4723,3747,LogX,2025-03-29,2025-03-31,-5
4724,3662,LogX,2025-03-12,2025-03-12,-5
4725,2582,LogX,2025-01-03,2025-01-10,20
4726,3729,Correios,2025-02-02,2025-02-03,20
4727,3947,Correios,2025-01-28,2025-01-31,35
4728,1532,Correios,2025-05-15,2025-05-20,35
4729,572,LogX,2025-04-13,2025-04-13,-5
4730,2065,LogX,2025-04-19,2025-04-26,-5
4731,1827,Correios,2025-04-14,2025-04-18,20
4732,3545,LogX,2025-04-09,2025-04-19,-5
4733,4384,LogX,2025-02-06,2025-02-15,-5
4734,1423,Correios,2025-06-15,2025-06-24,35
4735,2351,LogX,2025-01-16,2025-01-23,-5
4736,2074,Correios,2025-05-21,2025-05-26,-5
4737,3295,LogX,2025-03-31,2025-04-07,-5
4738,721,LogX,2025-04-14,2025-04-17,20
4739,2366,LogX,2025-01-20,2025-01-25,-5
4740,2545,Correios,2025-02-17,2025-02-22,-5
4741,198,Correios,2025-04-13,2025-04-15,35
4742,1490,Correios,2025-02-14,2025-02-15,20
4743,1649,LogX,2025-04-18,2025-04-28,-5
4744,473,LogX,2025-02-27,2025-03-02,35
4745,1249,Correios,2025-01-06,2025-01-15,20
4746,3473,LogX,2025-06-01,2025-06-06,20
4747,3728,Correios,2025-01-18,2025-01-18,-5
4748,4986,LogX,2025-04-26,2025-05-04,-5
4749,762,Correios,2025-02-05,2025-02-04,20
4750,4641,LogX,2025-01-02,2025-01-09,-5
4751,4227,Correios,2025-02-24,2025-03-05,-5
4752,2110,Correios,2025-05-09,2025-05-16,20
4753,4327,LogX,2025-03-16,2025-03-26,-5
4754,1870,LogX,2025-04-18,2025-04-27,-5
4755,1307,LogX,2025-06-06,2025-06-14,-5
4756,3339,LogX,2025-06-09,2025-06-17,-5
4757,770,LogX,2025-06-10,2025-06-10,35
4758,1570,Correios,2025-04-27,2025-04-25,-5
4759,3462,Correios,2025-03-28,2025-03-26,20
4760,1107,LogX,2025-04-22,2025-04-29,35
4761,236,LogX,2025-06-07,2025-06-06,20
4762,1086,Correios,2025-04-22,2025-04-23,35
4763,4137,Correios,2025-06-01,2025-06-06,20
4764,1679,Correios,2025-03-27,2025-03-28,35
4765,4784,LogX,2025-02-25,2025-03-03,20
4766,658,Correios,2025-03-09,2025-03-12,35
4767,2568,LogX,2025-06-14,2025-06-19,35
4768,4005,Correios,2025-05-15,2025-05-18,-5
4769,1104,Correios,2025-03-12,2025-03-20,20
4770,1222,LogX,2025-03-22,2025-03-20,20
4771,4073,Correios,2025-01-17,2025-01-16,35
4772,2151,LogX,2025-03-13,2025-03-12,20
4773,1888,LogX,2025-04-09,2025-04-11,20
4774,2974,Correios,2025-05-01,2025-04-30,-5
4775,1980,Correios,2025-05-19,2025-05-21,20
4776,4071,LogX,2025-01-14,2025-01-17,20
4777,4669,LogX,2025-02-25,2025-02-28,20
4778,3389,Correios,2025-06-10,2025-06-13,35
4779,303,Correios,2025-01-04,2025-01-06,20
4780,2579,Correios,2025-05-05,2025-05-11,35
4781,1542,LogX,2025-01-09,2025-01-08,-5
4782,1007,Correios,2025-03-17,2025-03-26,35
4783,1405,Correios,2025-01-22,2025-01-22,-5
4784,4422,LogX,2025-03-01,2025-02-27,35
4785,3711,Correios,2025-05-18,2025-05-23,-5
4786,4679,Correios,2025-02-06,2025-02-09,-5
4787,135,LogX,2025-06-10,2025-06-09,20
4788,4864,Correios,2025-05-26,2025-05-27,-5
4789,4559,LogX,2025-06-02,2025-06-08,-5
4790,4600,Correios,2025-03-14,2025-03-22,35
4791,2553,LogX,2025-05-29,2025-05-27,20
4792,337,LogX,2025-03-16,2025-03-20,-5
4793,875,LogX,2025-03-17,2025-03-16,35
4794,2421,LogX,2025-01-05,2025-01-12,-5
4795,501,LogX,2025-06-29,2025-07-05,-5
4796,4967,LogX,2025-02-15,2025-02-14,-5
4797,2357,Correios,2025-06-20,2025-06-22,-5
4798,2014,Correios,2025-04-20,2025-04-21,-5
4799,1837,Correios,2025-03-07,2025-03-10,20
4800,4806,LogX,2025-03-26,2025-03-28,20
4801,4089,LogX,2025-06-19,2025-06-17,35
4802,2107,LogX,2025-03-21,2025-03-28,35
4803,1966,Correios,2025-06-04,2025-06-04,-5
4804,1887,Correios,2025-03-06,2025-03-05,20
4805,1942,LogX,2025-03-04,2025-03-14,-5
4806,341,Correios,2025-03-09,2025-03-15,20
4807,3988,Correios,2025-01-02,2025-01-09,35
4808,838,LogX,2025-06-10,2025-06-11,20
4809,4982,Correios,2025-02-11,2025-02-21,20
4810,1341,Correios,2025-03-21,2025-03-19,-5
4811,4048,LogX,2025-06-07,2025-06-17,20
4812,4491,Correios,2025-01-08,2025-01-15,-5
4813,1900,Correios,2025-01-06,2025-01-04,20
4814,412,LogX,2025-06-04,2025-06-11,20
4815,534,LogX,2025-01-25,2025-02-02,-5
4816,1799,Correios,2025-06-23,2025-06-23,20
4817,3890,LogX,2025-03-07,2025-03-09,35
4818,4576,LogX,2025-06-07,2025-06-12,20
4819,1625,Correios,2025-03-13,2025-03-13,20
4820,3995,LogX,2025-02-05,2025-02-07,-5
4821,1759,LogX,2025-02-13,2025-02-14,-5
4822,4203,LogX,2025-03-28,2025-04-04,20
4823,3263,LogX,2025-01-05,2025-01-14,-5
4824,4466,Correios,2025-03-13,2025-03-17,20
4825,4005,LogX,2025-02-23,2025-02-24,20
4826,1511,Correios,2025-05-20,2025-05-22,-5
4827,4715,Correios,2025-01-10,2025-01-16,35
4828,2057,LogX,2025-05-30,2025-05-28,35
4829,4584,Correios,2025-03-04,2025-03-05,20
4830,2899,Correios,2025-04-28,2025-05-08,35
4831,3876,Correios,2025-01-29,2025-02-05,35
4832,3336,Correios,2025-04-24,2025-04-28,35
4833,1072,Correios,2025-02-07,2025-02-08,20
4834,2261,Correios,2025-05-21,2025-05-19,20
4835,4110,Correios,2025-01-11,2025-01-21,-5
4836,662,LogX,2025-01-29,2025-02-03,35
4837,1428,Correios,2025-04-22,2025-04-23,20
4838,1823,Correios,2025-06-17,2025-06-16,20
4839,3443,Correios,2025-02-05,2025-02-15,-5
4840,3780,Correios,2025-04-26,2025-04-24,20
4841,3274,LogX,2025-04-25,2025-04-24,20
4842,2582,LogX,2025-03-20,2025-03-29,-5
4843,4294,LogX,2025-06-07,2025-06-15,20
4844,4988,Correios,2025-03-22,2025-03-30,20
4845,3331,Correios,2025-01-14,2025-01-17,-5
4846,3271,LogX,2025-03-11,2025-03-20,-5
4847,3176,Correios,2025-06-08,2025-06-17,20
4848,4778,Correios,2025-06-01,2025-06-06,20
4849,3403,LogX,2025-04-30,2025-05-06,35
4850,4959,LogX,2025-05-13,2025-05-17,-5
4851,3469,Correios,2025-05-12,2025-05-13,20
4852,1981,LogX,2025-04-15,2025-04-22,20
4853,472,Correios,2025-05-26,2025-06-03,-5
4854,3810,LogX,2025-06-02,2025-06-10,20
4855,4190,Correios,2025-01-08,2025-01-17,35
4856,3438,LogX,2025-03-10,2025-03-18,-5
4857,1227,LogX,2025-05-30,2025-05-31,-5
4858,4278,LogX,2025-04-25,2025-04-29,35
4859,759,Correios,2025-06-08,2025-06-17,35
4860,818,Correios,2025-04-09,2025-04-16,20
4861,4253,Correios,2025-03-23,2025-03-29,20
4862,150,LogX,2025-05-25,2025-06-03,35
4863,3662,LogX,2025-04-28,2025-04-27,-5
4864,1946,Correios,2025-06-19,2025-06-22,-5
4865,1065,LogX,2025-06-24,2025-06-22,35
4866,11,Correios,2025-01-10,2025-01-09,-5
4867,4196,Correios,2025-04-25,2025-05-03,20
4868,515,Correios,2025-01-09,2025-01-10,-5
4869,67,LogX,2025-03-06,2025-03-14,35
4870,265,Correios,2025-01-23,2025-01-23,-5
4871,1615,Correios,2025-03-24,2025-03-24,20
4872,4777,Correios,2025-06-17,2025-06-27,-5
4873,2020,LogX,2025-03-23,2025-03-24,35
4874,312,Correios,2025-04-24,2025-05-01,35
4875,2973,Correios,2025-05-25,2025-05-24,35
4876,4224,Correios,2025-03-16,2025-03-21,-5
4877,1029,Correios,2025-03-27,2025-04-05,35
4878,4305,Correios,2025-03-08,2025-03-11,-5
4879,3779,Correios,2025-04-22,2025-04-22,-5
4880,1608,LogX,2025-04-28,2025-05-03,-5
4881,4278,LogX,2025-01-21,2025-01-27,20
4882,913,LogX,2025-03-13,2025-03-17,35
4883,4492,LogX,2025-03-03,2025-03-05,35
4884,1905,LogX,2025-01-21,2025-01-31,35
4885,4186,LogX,2025-03-02,2025-03-11,35
4886,1165,LogX,2025-02-19,2025-02-21,-5
4887,3216,LogX,2025-03-24,2025-03-22,20
4888,170,LogX,2025-02-03,2025-02-05,20
4889,157,LogX,2025-05-25,2025-06-03,-5
4890,437,LogX,2025-01-10,2025-01-15,-5
4891,1770,Correios,2025-01-04,2025-01-14,35
4892,2315,Correios,2025-02-27,2025-03-08,-5
4893,2287,Correios,2025-06-16,2025-06-19,20
4894,3976,Correios,2025-06-22,2025-06-27,-5
4895,2212,Correios,2025-03-06,2025-03-14,-5
4896,2209,Correios,2025-01-23,2025-01-27,35
4897,826,Correios,2025-06-10,2025-06-09,20
4898,4946,Correios,2025-05-17,2025-05-27,20
4899,829,LogX,2025-05-19,2025-05-24,20
4900,2797,LogX,2025-03-31,2025-04-09,35
4901,2478,Correios,2025-02-02,2025-02-02,35
4902,96,LogX,2025-06-18,2025-06-17,35
4903,2749,LogX,2025-06-25,2025-07-01,35
4904,3588,LogX,2025-02-25,2025-02-24,35
4905,682,Correios,2025-06-10,2025-06-15,20
4906,2989,Correios,2025-01-31,2025-02-03,-5
4907,2784,LogX,2025-01-29,2025-01-28,-5
4908,2087,LogX,2025-01-20,2025-01-25,35
4909,4209,Correios,2025-03-02,2025-03-08,35
4910,238,LogX,2025-01-12,2025-01-17,35
4911,2625,Correios,2025-03-17,2025-03-24,35
4912,494,Correios,2025-04-02,2025-04-12,-5
4913,1227,LogX,2025-04-08,2025-04-06,-5
4914,3206,Correios,2025-05-28,2025-05-27,20
4915,189,LogX,2025-05-10,2025-05-09,35
4916,1908,Correios,2025-04-28,2025-05-07,20
4917,3298,LogX,2025-05-07,2025-05-08,20
4918,421,LogX,2025-03-08,2025-03-15,20
4919,2662,LogX,2025-05-04,2025-05-14,-5
4920,1861,LogX,2025-01-07,2025-01-15,35
4921,4993,LogX,2025-05-08,2025-05-12,20
4922,3722,Correios,2025-03-12,2025-03-11,-5
4923,4758,Correios,2025-03-19,2025-03-18,20
4924,2272,Correios,2025-01-03,2025-01-11,20
4925,2639,Correios,2025-05-20,2025-05-30,-5
4926,4325,Correios,2025-01-01,2025-01-02,35
4927,4183,LogX,2025-03-12,2025-03-11,-5
4928,4739,LogX,2025-03-26,2025-04-03,35
4929,3362,LogX,2025-05-02,2025-05-08,35
4930,1334,LogX,2025-02-21,2025-03-03,-5
4931,1178,LogX,2025-05-30,2025-06-06,35
4932,4885,Correios,2025-06-24,2025-06-26,20
4933,184,LogX,2025-05-01,2025-05-10,20
4934,3635,Correios,2025-03-15,2025-03-16,20
4935,3480,Correios,2025-03-25,2025-03-30,35
4936,2402,Correios,2025-03-26,2025-03-29,35
4937,729,Correios,2025-06-01,2025-06-05,35
4938,4421,LogX,2025-04-07,2025-04-16,20
4939,4900,Correios,2025-01-15,2025-01-18,20
4940,1501,LogX,2025-04-12,2025-04-22,20
4941,4805,LogX,2025-06-02,2025-06-10,-5
4942,3453,Correios,2025-05-31,2025-06-03,20
4943,2194,Correios,2025-06-06,2025-06-05,20
4944,660,Correios,2025-01-09,2025-01-09,20
4945,1659,LogX,2025-01-29,2025-01-30,20
4946,4302,Correios,2025-06-27,2025-06-30,-5
4947,882,Correios,2025-01-12,2025-01-17,20
4948,4030,Correios,2025-04-26,2025-04-25,35
4949,2159,Correios,2025-05-18,2025-05-24,20
4950,4325,Correios,2025-01-26,2025-01-25,-5
4951,1327,Correios,2025-06-10,2025-06-12,35
4952,3400,LogX,2025-03-23,2025-03-25,-5
4953,4447,Correios,2025-06-25,2025-07-04,20
4954,2874,LogX,2025-04-11,2025-04-09,20
4955,1291,Correios,2025-02-19,2025-02-22,-5
4956,1542,Correios,2025-03-18,2025-03-16,20
4957,2498,LogX,2025-04-27,2025-04-28,20
4958,1426,LogX,2025-01-06,2025-01-15,20
4959,1853,LogX,2025-05-28,2025-06-05,20
4960,1415,Correios,2025-01-19,2025-01-21,-5
4961,2484,Correios,2025-03-31,2025-04-10,20
4962,3185,Correios,2025-01-29,2025-01-29,35
4963,1885,LogX,2025-04-16,2025-04-18,35
4964,3357,LogX,2025-02-12,2025-02-19,35
4965,491,Correios,2025-01-18,2025-01-21,-5
4966,3190,Correios,2025-01-15,2025-01-25,35
4967,4137,LogX,2025-02-17,2025-02-18,35
4968,4661,LogX,2025-04-11,2025-04-14,-5
4969,1497,Correios,2025-02-26,2025-03-08,35
4970,3396,Correios,2025-02-09,2025-02-14,-5
4971,283,LogX,2025-05-19,2025-05-22,20
4972,21,Correios,2025-01-16,2025-01-24,-5
4973,2533,LogX,2025-04-11,2025-04-21,35
4974,2751,Correios,2025-04-03,2025-04-05,20
4975,2771,LogX,2025-04-07,2025-04-16,35
4976,133,Correios,2025-03-11,2025-03-09,35
4977,1338,LogX,2025-03-21,2025-03-27,-5
4978,1487,LogX,2025-06-01,2025-06-07,35
4979,2643,LogX,2025-06-04,2025-06-13,35
4980,2499,LogX,2025-03-01,2025-03-11,-5
4981,2576,Correios,2025-01-21,2025-01-22,35
4982,2491,Correios,2025-06-02,2025-06-07,-5
4983,2852,Correios,2025-01-30,2025-02-06,35
4984,557,LogX,2025-06-07,2025-06-07,35
4985,1994,LogX,2025-03-25,2025-03-23,-5
4986,925,Correios,2025-05-02,2025-05-05,35
4987,2369,Correios,2025-05-31,2025-06-05,-5
4988,4677,Correios,2025-04-03,2025-04-03,20
4989,1976,Correios,2025-02-18,2025-02-28,-5
4990,1918,LogX,2025-02-10,2025-02-20,-5
4991,1925,LogX,2025-03-17,2025-03-17,35
4992,1758,Correios,2025-06-22,2025-06-27,-5
4993,4702,LogX,2025-05-15,2025-05-20,20
4994,4584,LogX,2025-03-25,2025-04-04,-5
4995,4299,Correios,2025-01-09,2025-01-10,35
4996,332,Correios,2025-04-11,2025-04-20,-5
4997,4883,Correios,2025-02-20,2025-02-23,-5
4998,400,LogX,2025-05-06,2025-05-16,35
4999,456,LogX,2025-06-27,2025-07-04,35
5000,2333,Correios,2025-03-04,2025-03-14,20
