pedido_id,cliente_id,produto_id,quantidade,valor_unitario,desconto,data_pedido,status
1,133,42,5,99.9,0,2025-06-03,Pago
2,84,39,4,200.0,0,2025-03-22,Enviado
3,267,9,4,150.0,120,2025-05-07,Cancelado
4,349,37,4,200.0,0,2025-04-14,Pago
5,496,27,5,200.0,120,11/06/2025,Cancelado
6,439,23,2,150.0,0,2025-05-12,Cancelado
7,410,40,3,200.0,10,13/06/2025,Cancelado
8,225,48,3,200.0,120,15/04/2025,Pago
9,129,82,3,150.0,120,03/02/2025,Enviado
10,413,64,3,150.0,0,13/01/2025,Pago
11,489,20,2,150.0,0,15/06/2025,Pago
12,156,35,2,200.0,0,18/04/2025,Cancelado
13,249,93,4,150.0,0,21/01/2025,Cancelado
14,165,19,2,200.0,10,2025-05-05,Pago
15,322,67,4,200.0,0,24/03/2025,Pago
16,205,43,3,150.0,10,2025-01-16,Cancelado
17,486,74,3,150.0,10,2025-01-21,Cancelado
18,227,42,3,99.9,120,21/04/2025,Pago
19,372,76,1,200.0,120,15/03/2025,Pago
20,172,15,4,150.0,10,08/03/2025,Cancelado
21,54,49,4,150.0,0,06/02/2025,Enviado
22,77,27,4,99.9,10,02/03/2025,Pago
23,343,27,5,99.9,120,15/06/2025,Cancelado
24,237,61,3,150.0,10,2025-06-21,Pago
25,167,14,4,200.0,120,30/03/2025,Cancelado
26,36,35,4,150.0,10,06/02/2025,Cancelado
27,306,36,5,200.0,0,2025-05-20,Cancelado
28,468,49,1,150.0,120,2025-01-24,Pago
29,317,15,1,99.9,120,01/01/2025,Pago
30,330,48,4,200.0,10,2025-06-23,Cancelado
31,381,100,4,150.0,10,2025-06-15,Cancelado
32,442,14,3,150.0,120,2025-06-04,Cancelado
33,400,22,1,99.9,10,18/06/2025,Pago
34,317,3,4,200.0,120,11/02/2025,Pago
35,15,18,2,200.0,10,23/06/2025,Cancelado
36,72,73,5,99.9,120,2025-02-02,Pago
37,458,26,1,99.9,10,31/05/2025,Cancelado
38,272,1,4,99.9,120,01/05/2025,Cancelado
39,14,99,5,150.0,0,2025-06-08,Cancelado
40,267,60,5,200.0,10,07/03/2025,Pago
41,208,57,3,150.0,120,24/01/2025,Cancelado
42,432,7,4,150.0,0,2025-04-07,Pago
43,92,89,4,99.9,0,2025-03-31,Cancelado
44,143,97,4,200.0,10,2025-01-20,Pago
45,228,70,5,150.0,120,12/01/2025,Pago
46,77,26,2,99.9,10,2025-01-03,Cancelado
47,409,100,5,150.0,120,2025-02-13,Cancelado
48,460,46,5,150.0,0,2025-04-12,Enviado
49,233,80,2,150.0,10,2025-06-08,Cancelado
50,2,19,2,150.0,0,2025-03-29,Pago
51,236,37,2,200.0,120,2025-06-15,Enviado
52,437,26,2,99.9,10,2025-01-20,Pago
53,27,58,5,200.0,10,23/04/2025,Enviado
54,484,79,5,99.9,0,2025-02-02,Cancelado
55,163,15,3,99.9,10,06/05/2025,Cancelado
56,3,48,5,99.9,0,30/01/2025,Pago
57,134,32,1,200.0,10,11/01/2025,Enviado
58,256,44,5,99.9,0,2025-06-03,Cancelado
59,74,47,2,150.0,10,23/01/2025,Cancelado
60,41,32,2,99.9,0,2025-06-07,Enviado
61,42,16,5,200.0,10,2025-03-21,Enviado
62,468,81,3,99.9,0,14/03/2025,Pago
63,397,26,1,150.0,0,29/04/2025,Pago
64,155,33,5,200.0,120,27/05/2025,Cancelado
65,338,47,4,150.0,120,31/01/2025,Pago
66,77,81,3,150.0,120,2025-05-31,Enviado
67,207,35,3,99.9,120,2025-01-12,Pago
68,167,73,1,99.9,120,06/04/2025,Pago
69,387,28,3,150.0,120,2025-04-27,Cancelado
70,115,44,3,99.9,0,31/01/2025,Pago
71,263,69,1,150.0,0,18/04/2025,Pago
72,390,67,4,200.0,0,2025-04-11,Enviado
73,494,26,4,150.0,10,14/05/2025,Cancelado
74,5,68,5,200.0,120,23/05/2025,Pago
75,202,19,2,200.0,10,2025-04-08,Cancelado
76,207,7,4,99.9,120,2025-01-30,Pago
77,313,87,3,150.0,120,28/03/2025,Pago
78,114,88,4,200.0,120,2025-04-15,Pago
79,291,44,2,99.9,0,18/02/2025,Pago
80,275,97,3,150.0,120,12/05/2025,Pago
81,195,10,2,150.0,0,31/03/2025,Enviado
82,264,54,4,150.0,0,05/04/2025,Cancelado
83,361,89,1,200.0,10,20/06/2025,Pago
84,412,43,4,200.0,0,2025-03-31,Enviado
85,51,29,3,150.0,0,2025-03-03,Cancelado
86,358,5,2,150.0,120,02/04/2025,Cancelado
87,283,74,4,150.0,120,19/06/2025,Cancelado
88,286,35,3,99.9,10,2025-01-22,Pago
89,201,88,5,150.0,10,13/03/2025,Pago
90,103,62,1,200.0,10,2025-04-16,Pago
91,441,57,1,99.9,0,21/01/2025,Pago
92,34,7,2,150.0,0,22/01/2025,Cancelado
93,311,33,5,200.0,0,2025-05-03,Enviado
94,426,80,3,99.9,0,2025-05-17,Pago
95,171,86,4,200.0,0,08/04/2025,Cancelado
96,219,62,1,150.0,10,2025-03-25,Enviado
97,447,14,3,200.0,0,19/06/2025,Pago
98,301,12,2,99.9,10,11/04/2025,Enviado
99,17,19,4,150.0,120,21/03/2025,Pago
100,138,70,1,150.0,120,21/05/2025,Pago
101,227,35,5,150.0,120,07/02/2025,Enviado
102,346,80,5,99.9,0,2025-04-12,Enviado
103,345,45,4,200.0,0,2025-02-27,Pago
104,170,31,2,200.0,0,2025-03-01,Enviado
105,327,33,5,200.0,120,11/02/2025,Cancelado
106,106,1,5,200.0,10,2025-04-19,Pago
106,9,34,3,99.9,10,2025-04-08,Pago
108,301,26,4,200.0,10,2025-04-18,Pago
109,419,81,2,99.9,0,30/05/2025,Pago
110,185,24,5,200.0,0,2025-05-21,Enviado
111,331,12,4,99.9,10,07/02/2025,Cancelado
112,361,6,2,200.0,0,24/04/2025,Pago
113,425,95,3,200.0,0,30/06/2025,Cancelado
114,235,66,5,150.0,0,2025-04-16,Pago
115,64,70,1,150.0,10,19/05/2025,Enviado
116,104,8,4,99.9,120,2025-04-28,Cancelado
117,262,92,5,200.0,120,15/05/2025,Cancelado
118,193,82,3,200.0,10,13/06/2025,Pago
119,278,32,2,99.9,0,2025-04-18,Cancelado
120,115,64,3,99.9,10,24/06/2025,Cancelado
121,28,37,2,99.9,0,29/04/2025,Enviado
122,277,87,3,200.0,120,18/06/2025,Cancelado
123,377,41,3,99.9,10,22/06/2025,Enviado
124,399,27,1,200.0,120,2025-03-26,Pago
125,367,65,4,150.0,10,2025-04-01,Cancelado
126,164,9,2,150.0,0,22/03/2025,Enviado
127,347,82,4,99.9,0,2025-05-11,Cancelado
128,265,76,2,150.0,10,2025-01-29,Pago
129,489,8,5,150.0,0,02/01/2025,Cancelado
130,97,78,1,150.0,0,21/02/2025,Cancelado
131,259,96,5,150.0,0,2025-02-15,Pago
132,215,89,1,99.9,120,2025-01-03,Cancelado
133,76,37,2,99.9,10,2025-03-16,Enviado
134,230,80,2,200.0,0,2025-03-20,Pago
135,497,46,4,99.9,120,05/06/2025,Pago
136,181,40,2,99.9,120,10/02/2025,Cancelado
137,497,80,5,200.0,120,2025-04-02,Enviado
138,410,86,1,99.9,10,04/02/2025,Enviado
139,323,57,1,150.0,120,29/04/2025,Pago
140,96,37,5,200.0,10,2025-01-07,Enviado
141,380,90,1,99.9,120,22/06/2025,Cancelado
142,41,8,5,150.0,0,2025-04-03,Pago
143,438,79,1,99.9,0,03/04/2025,Cancelado
144,125,52,2,99.9,0,30/04/2025,Cancelado
145,106,55,3,150.0,10,28/02/2025,Pago
146,144,41,3,200.0,120,11/06/2025,Pago
147,238,65,5,99.9,0,18/03/2025,Cancelado
148,181,33,1,99.9,120,29/01/2025,Cancelado
149,92,100,1,150.0,10,2025-03-29,Enviado
150,84,80,4,200.0,10,2025-02-28,Cancelado
151,499,21,5,150.0,10,2025-01-24,Enviado
152,359,69,4,200.0,120,2025-01-17,Pago
153,407,39,4,200.0,120,12/01/2025,Cancelado
154,171,67,3,200.0,0,2025-05-26,Cancelado
155,499,81,3,200.0,10,2025-02-26,Pago
156,150,66,1,150.0,10,07/06/2025,Enviado
157,345,76,5,200.0,0,2025-02-11,Enviado
158,147,9,5,200.0,0,2025-05-29,Pago
159,324,79,3,200.0,120,2025-06-24,Enviado
160,495,24,1,99.9,0,2025-04-30,Pago
161,461,56,2,99.9,0,10/04/2025,Pago
162,202,15,3,150.0,120,2025-03-04,Cancelado
163,382,41,4,200.0,0,14/05/2025,Pago
164,222,77,5,150.0,0,14/04/2025,Enviado
165,255,52,3,99.9,0,17/03/2025,Enviado
166,81,89,2,150.0,0,2025-04-20,Cancelado
167,396,1,3,150.0,10,2025-04-16,Cancelado
168,486,5,2,99.9,120,03/02/2025,Cancelado
169,66,18,2,150.0,0,2025-03-27,Cancelado
170,68,40,5,99.9,10,2025-02-20,Enviado
171,321,16,1,200.0,0,15/02/2025,Enviado
172,109,8,1,200.0,120,16/03/2025,Enviado
173,287,57,4,200.0,120,2025-03-10,Enviado
174,154,30,1,99.9,0,2025-03-29,Pago
175,386,52,2,200.0,0,2025-06-17,Cancelado
176,329,20,1,150.0,10,26/06/2025,Enviado
177,413,62,4,99.9,0,06/01/2025,Pago
178,35,96,3,99.9,10,10/05/2025,Enviado
179,327,8,3,99.9,0,2025-02-03,Pago
180,316,69,1,99.9,0,20/06/2025,Cancelado
181,269,83,5,99.9,10,13/01/2025,Enviado
182,183,58,1,150.0,0,2025-06-22,Pago
182,203,25,5,200.0,0,2025-05-27,Cancelado
184,440,87,4,200.0,0,2025-02-01,Enviado
185,154,12,5,99.9,120,21/03/2025,Enviado
186,298,37,4,150.0,120,23/04/2025,Enviado
187,156,75,3,99.9,120,29/04/2025,Pago
188,367,17,4,200.0,120,26/05/2025,Enviado
189,296,38,4,99.9,0,09/03/2025,Enviado
190,346,17,3,99.9,120,30/05/2025,Pago
191,133,49,1,99.9,0,28/03/2025,Cancelado
192,42,66,5,150.0,0,29/04/2025,Pago
193,349,99,3,200.0,120,2025-04-11,Pago
194,10,83,1,150.0,0,07/04/2025,Enviado
195,412,24,2,200.0,10,2025-04-25,Enviado
196,170,100,4,150.0,10,2025-02-21,Cancelado
197,319,78,5,99.9,120,21/06/2025,Enviado
198,125,13,4,99.9,10,2025-06-01,Pago
199,167,67,4,200.0,0,2025-06-28,Cancelado
200,392,12,4,150.0,120,28/02/2025,Pago
201,349,50,2,150.0,0,27/03/2025,Pago
202,210,95,5,200.0,120,2025-05-02,Enviado
203,479,16,3,150.0,0,2025-02-01,Enviado
204,500,87,4,150.0,120,2025-03-30,Cancelado
205,346,51,4,150.0,0,2025-01-11,Enviado
206,207,27,1,200.0,120,03/02/2025,Pago
207,223,4,3,99.9,0,14/04/2025,Enviado
208,305,23,2,200.0,10,18/04/2025,Pago
209,364,19,4,99.9,10,2025-05-21,Enviado
210,17,79,5,150.0,10,2025-03-18,Cancelado
211,380,82,5,150.0,120,23/01/2025,Cancelado
212,216,5,3,99.9,10,2025-04-25,Cancelado
213,484,12,1,99.9,0,16/02/2025,Cancelado
214,307,61,1,150.0,120,07/05/2025,Pago
215,394,14,4,200.0,10,2025-05-15,Enviado
216,424,74,5,150.0,10,03/01/2025,Enviado
217,68,56,2,99.9,120,2025-06-11,Enviado
218,181,61,4,200.0,0,18/03/2025,Enviado
219,37,92,5,150.0,0,2025-06-29,Cancelado
220,68,8,4,150.0,0,2025-02-11,Cancelado
221,253,96,1,99.9,120,11/01/2025,Enviado
222,335,93,3,150.0,10,2025-06-24,Cancelado
223,382,94,3,99.9,10,2025-06-20,Enviado
224,463,46,2,200.0,0,04/04/2025,Enviado
225,352,40,1,200.0,10,2025-05-17,Cancelado
226,2,1,5,99.9,10,2025-06-18,Pago
227,71,52,2,150.0,120,2025-04-06,Enviado
228,413,24,3,200.0,0,2025-03-11,Enviado
229,480,51,2,99.9,0,04/02/2025,Pago
230,112,1,5,200.0,0,2025-01-13,Enviado
231,315,49,3,99.9,10,24/04/2025,Enviado
232,416,79,5,99.9,10,2025-04-07,Cancelado
233,85,3,5,150.0,10,2025-04-25,Pago
234,308,93,2,99.9,0,17/01/2025,Enviado
235,263,26,4,99.9,0,2025-05-14,Cancelado
236,416,63,5,99.9,0,2025-02-02,Cancelado
237,281,86,2,150.0,120,2025-02-13,Cancelado
238,460,82,5,200.0,0,30/03/2025,Enviado
239,22,43,3,200.0,0,2025-03-02,Cancelado
240,307,3,5,99.9,0,23/03/2025,Cancelado
241,51,57,4,150.0,120,2025-01-13,Cancelado
242,99,98,2,200.0,10,28/01/2025,Pago
243,342,86,4,99.9,0,18/01/2025,Cancelado
244,394,62,5,99.9,10,2025-06-13,Cancelado
245,29,82,1,150.0,10,2025-05-11,Enviado
246,241,61,1,200.0,0,2025-02-20,Cancelado
247,220,94,2,200.0,120,2025-03-18,Cancelado
248,282,75,3,99.9,120,31/05/2025,Cancelado
249,419,62,2,99.9,0,10/05/2025,Enviado
250,44,52,4,150.0,0,30/04/2025,Enviado
251,184,77,4,200.0,120,2025-06-21,Enviado
252,198,34,5,150.0,0,2025-01-04,Cancelado
253,109,45,2,99.9,10,2025-01-26,Pago
254,215,37,2,99.9,120,2025-06-15,Enviado
255,63,43,4,99.9,10,2025-03-25,Enviado
256,170,85,5,99.9,0,04/06/2025,Pago
257,468,91,3,99.9,0,25/03/2025,Cancelado
258,33,41,3,99.9,10,19/05/2025,Enviado
259,237,25,4,150.0,0,23/04/2025,Enviado
260,132,40,4,150.0,120,01/02/2025,Pago
261,67,86,5,99.9,120,2025-04-02,Cancelado
262,274,69,2,99.9,120,2025-02-25,Cancelado
263,229,33,1,200.0,0,2025-01-14,Pago
264,48,22,2,99.9,0,2025-04-01,Enviado
265,368,81,5,99.9,120,06/06/2025,Cancelado
266,451,31,5,99.9,120,2025-06-10,Cancelado
267,464,66,5,150.0,10,20/04/2025,Pago
268,225,64,4,150.0,120,2025-04-28,Cancelado
269,269,43,3,200.0,0,2025-01-16,Cancelado
270,200,70,5,200.0,10,2025-02-09,Pago
271,315,22,4,150.0,120,2025-05-12,Pago
272,204,10,5,150.0,0,2025-01-12,Pago
273,205,44,2,99.9,120,26/06/2025,Cancelado
274,104,45,3,200.0,0,09/01/2025,Enviado
275,334,65,2,200.0,0,2025-03-20,Enviado
276,1,56,2,99.9,10,2025-06-26,Pago
277,148,67,4,200.0,120,2025-04-22,Enviado
278,412,91,3,150.0,0,2025-05-27,Enviado
279,404,72,4,150.0,120,2025-01-31,Pago
280,30,75,3,200.0,10,2025-04-29,Cancelado
281,148,69,1,200.0,0,2025-04-28,Cancelado
282,44,55,3,200.0,120,2025-04-21,Enviado
283,368,84,5,200.0,10,28/05/2025,Cancelado
284,302,69,2,99.9,0,30/04/2025,Enviado
285,230,86,2,99.9,10,04/01/2025,Pago
286,95,68,1,200.0,0,2025-01-22,Cancelado
287,390,54,3,150.0,120,2025-02-13,Enviado
288,169,96,1,200.0,120,2025-03-01,Pago
289,58,29,5,200.0,0,11/06/2025,Enviado
290,90,88,5,99.9,120,02/01/2025,Enviado
291,76,47,4,99.9,120,19/04/2025,Enviado
292,63,65,3,99.9,10,2025-05-23,Cancelado
293,183,15,5,150.0,10,2025-01-15,Pago
294,174,45,2,150.0,10,22/05/2025,Pago
295,241,21,5,150.0,10,28/02/2025,Pago
296,324,11,5,150.0,10,2025-04-27,Pago
297,321,19,4,150.0,10,2025-06-08,Cancelado
298,159,3,3,150.0,10,03/03/2025,Enviado
299,362,11,1,150.0,10,2025-03-29,Pago
300,191,80,4,99.9,0,2025-06-02,Pago
301,494,25,1,99.9,120,2025-06-21,Pago
302,176,19,1,150.0,120,2025-04-16,Pago
303,365,98,1,99.9,0,08/06/2025,Pago
304,112,88,3,150.0,10,2025-04-07,Enviado
305,299,47,2,99.9,0,16/03/2025,Pago
306,181,77,5,200.0,10,2025-04-03,Enviado
307,223,44,5,150.0,120,2025-01-15,Cancelado
308,198,67,5,150.0,0,2025-05-13,Enviado
309,313,20,2,200.0,10,26/01/2025,Cancelado
310,446,80,3,150.0,10,09/03/2025,Pago
311,1,74,1,150.0,120,2025-04-27,Enviado
312,186,58,3,200.0,10,2025-01-19,Cancelado
313,67,88,4,150.0,120,2025-06-21,Cancelado
314,61,24,4,150.0,120,2025-01-10,Cancelado
315,77,10,3,99.9,120,16/01/2025,Pago
316,378,30,2,200.0,0,07/06/2025,Pago
317,77,21,3,200.0,0,29/05/2025,Pago
318,232,12,1,200.0,120,24/06/2025,Pago
319,137,99,1,99.9,120,2025-04-08,Pago
320,145,68,1,200.0,10,2025-02-26,Pago
321,77,98,3,99.9,120,2025-06-01,Enviado
322,119,30,3,200.0,10,26/03/2025,Enviado
323,472,9,3,200.0,120,2025-06-21,Pago
324,190,77,3,200.0,0,2025-05-20,Cancelado
325,186,74,5,150.0,120,22/05/2025,Cancelado
326,435,53,1,200.0,0,2025-05-01,Pago
327,360,78,5,200.0,0,25/03/2025,Pago
328,193,7,1,150.0,120,06/06/2025,Enviado
329,38,14,3,99.9,10,29/05/2025,Cancelado
330,215,91,4,99.9,0,2025-02-10,Pago
331,342,11,5,200.0,120,2025-06-20,Pago
332,132,8,4,150.0,10,2025-02-18,Cancelado
333,107,28,1,99.9,10,01/02/2025,Cancelado
334,99,54,1,150.0,120,26/03/2025,Cancelado
335,349,59,5,200.0,120,2025-01-23,Pago
336,15,25,2,150.0,10,13/03/2025,Enviado
337,237,92,1,200.0,120,2025-06-05,Enviado
338,40,56,3,200.0,120,2025-02-23,Pago
339,160,73,2,150.0,10,2025-03-21,Cancelado
340,84,31,5,99.9,120,2025-01-19,Pago
341,306,12,5,150.0,10,23/02/2025,Enviado
342,225,37,5,150.0,0,2025-05-26,Enviado
343,442,13,4,150.0,10,2025-06-11,Enviado
344,498,88,1,150.0,0,2025-01-09,Pago
345,202,72,2,200.0,10,12/05/2025,Enviado
346,474,53,5,150.0,0,31/05/2025,Enviado
346,410,97,3,150.0,120,14/05/2025,Pago
348,239,5,3,99.9,120,2025-02-22,Pago
349,255,18,4,150.0,120,13/06/2025,Pago
350,87,7,3,150.0,0,2025-06-24,Enviado
351,107,81,2,99.9,0,2025-06-17,Cancelado
352,385,52,5,150.0,10,10/06/2025,Pago
353,353,44,1,150.0,10,2025-03-24,Pago
354,250,88,1,99.9,10,04/01/2025,Enviado
355,224,6,4,99.9,0,2025-01-29,Enviado
356,172,45,5,150.0,0,17/03/2025,Pago
357,229,7,5,200.0,10,2025-02-22,Enviado
358,364,84,4,99.9,0,2025-01-09,Pago
358,17,66,5,200.0,0,27/02/2025,Enviado
360,171,21,2,99.9,0,2025-01-28,Pago
361,41,89,2,99.9,120,2025-06-26,Cancelado
362,127,19,2,200.0,0,08/03/2025,Pago
363,89,99,1,200.0,120,2025-04-06,Cancelado
364,300,62,4,99.9,120,2025-01-02,Cancelado
365,258,76,5,200.0,10,2025-03-27,Enviado
366,412,38,4,200.0,10,29/05/2025,Pago
367,463,9,3,200.0,10,13/01/2025,Cancelado
368,361,19,5,200.0,120,26/03/2025,Enviado
369,447,33,4,150.0,120,17/04/2025,Pago
370,369,13,4,99.9,120,11/01/2025,Enviado
371,161,49,1,99.9,120,31/03/2025,Enviado
372,256,44,5,99.9,10,2025-05-10,Pago
373,125,63,3,99.9,0,2025-05-22,Pago
374,157,71,5,200.0,0,20/04/2025,Pago
375,384,98,1,200.0,0,2025-06-25,Pago
376,349,34,2,99.9,0,02/04/2025,Enviado
377,424,60,2,200.0,120,17/02/2025,Enviado
378,489,41,5,200.0,120,24/03/2025,Pago
379,446,37,1,99.9,0,2025-02-19,Cancelado
380,368,58,2,150.0,0,2025-01-14,Enviado
381,378,9,3,150.0,10,2025-04-02,Enviado
382,476,93,5,150.0,120,2025-03-20,Cancelado
383,314,12,1,99.9,0,2025-06-11,Pago
384,469,58,1,200.0,0,2025-02-25,Cancelado
385,92,25,5,99.9,10,2025-02-21,Enviado
386,442,13,3,99.9,120,04/02/2025,Enviado
387,245,9,1,150.0,10,08/05/2025,Cancelado
388,74,91,1,99.9,10,16/04/2025,Pago
389,11,65,4,99.9,120,2025-06-15,Cancelado
390,244,61,1,200.0,0,2025-03-13,Cancelado
391,125,15,4,200.0,120,2025-06-02,Enviado
392,424,3,2,200.0,120,20/03/2025,Cancelado
393,491,1,2,200.0,120,10/06/2025,Pago
394,26,17,5,200.0,10,2025-04-26,Pago
395,25,64,5,150.0,0,2025-04-12,Enviado
396,31,14,5,150.0,0,2025-05-06,Cancelado
397,81,91,4,200.0,10,30/04/2025,Enviado
398,248,23,3,200.0,0,2025-03-18,Pago
399,40,16,3,200.0,0,27/01/2025,Enviado
400,352,47,1,150.0,0,26/02/2025,Enviado
401,299,56,1,200.0,120,2025-05-20,Cancelado
402,196,60,4,150.0,10,2025-06-03,Cancelado
403,360,2,1,99.9,10,27/03/2025,Pago
404,352,65,5,150.0,0,2025-01-22,Enviado
404,384,68,2,150.0,10,17/06/2025,Pago
406,467,27,4,150.0,10,10/05/2025,Enviado
407,16,73,5,200.0,120,2025-04-11,Pago
408,80,33,2,150.0,120,2025-04-14,Cancelado
409,53,21,5,200.0,120,21/05/2025,Pago
410,339,70,1,150.0,10,2025-03-21,Cancelado
411,166,33,2,200.0,120,2025-03-06,Enviado
412,56,78,2,150.0,0,2025-06-08,Pago
413,267,97,5,200.0,120,25/06/2025,Enviado
414,59,70,5,99.9,0,14/06/2025,Cancelado
415,21,43,1,150.0,120,2025-06-03,Pago
416,127,85,5,99.9,120,05/04/2025,Enviado
417,110,81,2,150.0,10,10/02/2025,Enviado
418,367,73,5,150.0,0,2025-06-14,Enviado
419,128,59,2,150.0,0,2025-01-17,Enviado
420,18,72,1,200.0,10,25/01/2025,Enviado
421,135,37,3,200.0,10,07/01/2025,Pago
422,324,49,4,99.9,0,2025-01-23,Pago
423,368,93,3,99.9,0,27/06/2025,Cancelado
424,180,21,1,99.9,120,2025-02-05,Cancelado
425,34,6,3,200.0,120,02/03/2025,Pago
426,351,91,1,150.0,10,04/04/2025,Enviado
427,399,67,1,200.0,0,2025-03-16,Pago
428,14,32,2,200.0,120,06/01/2025,Cancelado
429,55,49,5,200.0,0,2025-06-13,Pago
430,105,100,3,99.9,10,25/02/2025,Cancelado
431,234,26,1,150.0,0,23/03/2025,Cancelado
432,122,64,4,150.0,120,2025-02-23,Cancelado
433,325,62,3,99.9,10,01/04/2025,Enviado
434,345,61,4,200.0,120,05/06/2025,Pago
435,48,83,3,200.0,0,09/05/2025,Pago
436,155,93,4,99.9,0,10/03/2025,Pago
437,380,100,3,200.0,10,2025-03-16,Cancelado
438,358,5,2,200.0,10,2025-01-12,Cancelado
439,320,66,3,200.0,10,2025-03-24,Cancelado
440,455,72,2,99.9,10,14/04/2025,Pago
441,354,25,3,99.9,0,2025-04-10,Cancelado
442,92,41,1,200.0,120,18/02/2025,Pago
443,461,68,1,200.0,0,18/02/2025,Pago
444,368,97,1,200.0,120,2025-02-07,Enviado
445,446,23,4,200.0,0,2025-02-14,Enviado
446,475,83,1,99.9,0,27/03/2025,Cancelado
447,88,35,5,99.9,10,19/01/2025,Enviado
448,93,41,1,200.0,120,24/05/2025,Enviado
449,266,15,1,150.0,0,2025-03-19,Pago
450,444,64,3,150.0,120,19/05/2025,Enviado
451,239,33,4,200.0,0,2025-01-27,Cancelado
452,127,71,2,99.9,10,2025-05-03,Pago
453,190,14,1,150.0,10,2025-01-14,Pago
454,80,62,1,150.0,10,2025-05-18,Pago
455,153,63,1,200.0,10,26/03/2025,Cancelado
456,144,47,2,99.9,0,11/06/2025,Cancelado
457,361,40,5,150.0,10,19/05/2025,Pago
458,111,14,1,99.9,0,2025-06-07,Pago
459,292,10,2,150.0,120,2025-04-27,Pago
460,56,1,4,200.0,10,17/04/2025,Enviado
461,72,77,2,150.0,10,2025-02-06,Enviado
462,52,40,4,99.9,120,12/06/2025,Pago
463,477,21,2,200.0,10,2025-03-07,Pago
464,245,65,4,99.9,0,2025-04-13,Pago
465,309,92,2,150.0,10,09/02/2025,Pago
466,178,22,2,200.0,10,10/05/2025,Cancelado
467,325,32,4,150.0,0,2025-03-07,Enviado
468,165,98,4,150.0,10,19/02/2025,Pago
469,179,91,3,200.0,10,02/02/2025,Pago
470,172,7,2,200.0,120,05/04/2025,Pago
471,373,37,4,200.0,0,23/05/2025,Cancelado
472,16,22,2,200.0,10,06/04/2025,Enviado
473,99,16,3,200.0,120,2025-04-25,Cancelado
474,225,40,4,150.0,0,2025-02-26,Cancelado
475,400,89,1,200.0,120,2025-01-29,Pago
476,343,43,2,99.9,0,2025-01-09,Enviado
477,360,13,2,150.0,10,18/03/2025,Cancelado
478,43,60,2,99.9,120,2025-01-16,Enviado
479,336,74,4,150.0,120,16/03/2025,Pago
480,130,21,2,200.0,120,2025-05-22,Cancelado
481,204,51,2,99.9,10,2025-06-27,Enviado
482,475,28,2,150.0,120,2025-05-19,Enviado
483,60,84,3,99.9,0,20/01/2025,Cancelado
484,309,7,2,150.0,10,12/06/2025,Pago
485,327,75,2,200.0,10,10/02/2025,Cancelado
486,145,17,5,99.9,0,2025-05-29,Enviado
487,5,67,3,200.0,120,2025-05-17,Enviado
488,247,70,5,99.9,0,09/01/2025,Enviado
489,109,87,2,200.0,10,2025-06-12,Pago
490,172,32,4,150.0,120,23/02/2025,Enviado
491,45,5,3,150.0,0,2025-02-16,Enviado
492,309,48,3,99.9,0,21/03/2025,Pago
493,442,85,3,150.0,0,2025-02-11,Pago
494,235,27,5,99.9,10,14/02/2025,Cancelado
495,455,64,5,200.0,0,31/03/2025,Enviado
496,435,8,4,150.0,10,20/01/2025,Pago
497,394,79,1,150.0,0,19/03/2025,Pago
497,104,70,5,150.0,10,2025-04-28,Enviado
499,470,29,2,200.0,120,27/06/2025,Pago
500,19,50,3,99.9,120,11/06/2025,Pago
501,428,23,2,99.9,10,19/04/2025,Pago
502,390,54,5,200.0,120,20/01/2025,Cancelado
503,113,26,1,99.9,120,17/01/2025,Cancelado
504,168,55,3,150.0,10,2025-06-30,Pago
505,323,36,1,200.0,120,27/04/2025,Pago
506,156,48,2,200.0,10,02/04/2025,Enviado
507,486,53,1,150.0,0,21/05/2025,Enviado
508,111,42,4,150.0,0,2025-05-28,Cancelado
509,37,38,5,200.0,0,02/02/2025,Cancelado
510,323,86,5,99.9,10,2025-04-09,Pago
511,189,79,5,200.0,120,2025-04-07,Cancelado
512,433,90,3,200.0,0,2025-04-29,Cancelado
513,10,5,4,200.0,120,08/05/2025,Enviado
514,351,55,3,150.0,10,28/01/2025,Cancelado
515,263,88,2,99.9,0,17/01/2025,Cancelado
516,494,89,5,150.0,120,26/02/2025,Pago
517,483,30,3,200.0,0,2025-05-18,Pago
518,252,98,1,150.0,0,2025-02-21,Cancelado
519,415,62,2,150.0,120,2025-01-22,Cancelado
520,475,99,1,200.0,0,2025-02-12,Cancelado
521,53,93,3,99.9,10,2025-05-17,Enviado
522,38,44,4,150.0,10,2025-01-08,Cancelado
523,487,12,5,150.0,120,12/03/2025,Pago
524,421,99,3,150.0,10,27/01/2025,Cancelado
525,422,19,2,99.9,120,2025-02-22,Enviado
526,176,33,3,99.9,0,2025-02-17,Enviado
527,123,13,5,150.0,120,06/03/2025,Cancelado
528,80,68,4,200.0,0,29/05/2025,Pago
529,169,17,5,99.9,10,22/05/2025,Pago
530,18,53,3,99.9,120,08/01/2025,Enviado
531,259,38,5,150.0,10,25/06/2025,Cancelado
532,482,20,3,99.9,120,05/05/2025,Pago
533,165,28,2,150.0,0,16/01/2025,Cancelado
534,136,52,3,150.0,10,02/01/2025,Enviado
535,9,60,4,150.0,120,30/04/2025,Enviado
536,188,82,4,99.9,0,09/06/2025,Enviado
537,12,28,1,150.0,120,2025-04-01,Enviado
538,322,13,1,200.0,10,2025-04-25,Enviado
539,125,45,2,150.0,0,24/01/2025,Enviado
540,391,93,3,150.0,0,10/01/2025,Enviado
541,430,8,3,150.0,10,16/04/2025,Pago
542,87,73,3,99.9,120,20/04/2025,Cancelado
543,476,48,2,150.0,10,01/05/2025,Pago
544,280,93,2,99.9,120,2025-04-24,Cancelado
545,64,18,2,99.9,120,2025-06-20,Cancelado
546,242,60,1,99.9,10,2025-02-05,Cancelado
547,310,18,1,200.0,10,23/01/2025,Pago
548,380,43,1,200.0,10,2025-05-28,Enviado
549,485,25,5,150.0,120,16/06/2025,Pago
550,416,4,5,99.9,10,2025-02-18,Cancelado
551,419,70,5,200.0,10,2025-06-17,Pago
552,97,23,1,200.0,10,2025-01-06,Enviado
553,57,77,2,99.9,0,2025-06-19,Pago
554,120,19,1,200.0,10,13/02/2025,Pago
555,131,60,5,200.0,10,07/02/2025,Enviado
556,121,96,3,150.0,10,19/06/2025,Pago
557,52,43,4,99.9,120,2025-02-18,Cancelado
558,230,92,4,99.9,0,2025-06-24,Enviado
559,417,62,3,200.0,10,26/05/2025,Enviado
560,489,32,5,99.9,10,09/05/2025,Cancelado
561,195,34,2,200.0,120,2025-05-27,Enviado
562,422,99,3,200.0,120,2025-05-07,Enviado
563,227,62,3,150.0,0,2025-06-03,Pago
564,469,19,3,150.0,120,2025-06-20,Pago
565,99,76,2,99.9,120,2025-06-12,Enviado
566,497,59,4,150.0,120,2025-06-12,Cancelado
567,459,54,5,150.0,0,2025-02-15,Pago
568,318,60,2,99.9,120,2025-05-30,Pago
569,209,36,2,150.0,120,28/06/2025,Enviado
570,308,64,4,200.0,120,06/05/2025,Pago
571,234,73,4,150.0,10,28/03/2025,Pago
572,334,86,1,99.9,0,2025-03-19,Enviado
573,473,32,4,99.9,120,08/04/2025,Cancelado
574,204,15,5,150.0,10,2025-06-08,Pago
575,388,49,1,99.9,120,27/01/2025,Cancelado
576,315,97,2,99.9,0,09/04/2025,Pago
577,132,62,2,150.0,0,2025-05-16,Pago
578,164,41,1,150.0,10,2025-02-14,Enviado
579,183,89,2,200.0,10,11/01/2025,Pago
580,489,3,3,150.0,0,2025-03-14,Pago
581,280,38,2,150.0,10,2025-01-13,Pago
582,291,1,3,99.9,120,2025-02-01,Enviado
583,431,29,2,200.0,0,2025-01-14,Pago
584,265,79,4,99.9,120,2025-05-27,Cancelado
585,369,75,2,200.0,0,31/05/2025,Cancelado
586,472,85,1,200.0,120,2025-05-09,Enviado
587,86,62,2,150.0,0,19/02/2025,Pago
588,74,65,5,150.0,10,2025-05-08,Pago
589,314,73,2,150.0,120,12/02/2025,Cancelado
590,229,83,1,150.0,0,11/01/2025,Pago
591,138,96,1,99.9,0,2025-06-08,Enviado
592,330,21,5,200.0,0,01/05/2025,Cancelado
593,9,100,4,99.9,120,10/04/2025,Cancelado
594,498,26,4,99.9,10,2025-01-01,Enviado
595,313,2,4,150.0,120,2025-06-07,Pago
596,464,20,3,150.0,120,12/06/2025,Pago
597,384,58,5,99.9,10,2025-01-26,Pago
598,228,25,4,200.0,0,2025-04-25,Enviado
599,27,10,1,200.0,0,2025-04-20,Cancelado
600,270,13,3,150.0,120,18/02/2025,Cancelado
601,23,5,3,150.0,10,26/06/2025,Cancelado
602,398,73,2,99.9,0,2025-01-23,Pago
603,377,6,4,99.9,120,06/05/2025,Cancelado
604,221,29,3,150.0,120,2025-02-21,Enviado
605,206,42,2,99.9,0,01/05/2025,Enviado
606,222,28,5,200.0,120,2025-01-15,Pago
607,387,9,5,99.9,120,2025-01-17,Enviado
608,26,82,1,200.0,0,2025-02-07,Pago
609,125,55,2,200.0,0,21/05/2025,Pago
610,223,5,3,200.0,0,2025-05-15,Cancelado
611,111,89,4,150.0,0,27/05/2025,Enviado
612,4,75,5,200.0,10,16/03/2025,Enviado
613,322,15,2,200.0,0,26/05/2025,Enviado
614,412,37,2,150.0,120,2025-04-03,Cancelado
615,26,20,2,150.0,0,2025-01-13,Pago
616,295,31,5,99.9,10,26/05/2025,Pago
617,28,80,2,99.9,10,2025-01-13,Enviado
618,90,59,1,150.0,0,2025-01-02,Pago
619,24,44,4,200.0,10,21/01/2025,Enviado
620,52,66,5,200.0,0,2025-05-04,Cancelado
621,12,38,5,200.0,10,22/05/2025,Pago
622,76,23,2,99.9,10,2025-06-20,Cancelado
622,176,95,1,200.0,10,2025-06-27,Pago
624,179,27,3,99.9,10,21/02/2025,Enviado
625,192,100,3,150.0,0,13/02/2025,Pago
626,357,22,5,99.9,10,2025-04-01,Enviado
627,126,29,4,99.9,120,15/05/2025,Enviado
628,343,63,3,99.9,10,11/03/2025,Pago
629,307,49,4,150.0,120,17/06/2025,Pago
630,60,11,5,200.0,120,2025-02-02,Pago
631,431,8,2,150.0,10,16/02/2025,Enviado
632,432,84,1,200.0,120,06/03/2025,Cancelado
633,37,46,5,200.0,0,27/05/2025,Cancelado
634,398,37,4,150.0,10,2025-03-14,Pago
635,97,52,2,200.0,10,2025-04-06,Pago
636,325,80,2,99.9,120,15/05/2025,Cancelado
637,442,54,2,200.0,10,2025-05-01,Pago
638,44,4,1,99.9,120,17/03/2025,Pago
639,310,42,1,99.9,10,09/06/2025,Enviado
640,206,41,4,200.0,10,2025-05-23,Enviado
641,412,55,1,200.0,120,2025-03-21,Pago
642,372,69,5,150.0,10,19/06/2025,Pago
643,374,82,4,150.0,10,2025-01-27,Enviado
644,490,15,2,150.0,0,19/05/2025,Cancelado
645,203,57,4,150.0,0,22/04/2025,Cancelado
646,80,87,1,99.9,120,16/03/2025,Pago
647,94,9,4,200.0,0,2025-04-06,Cancelado
648,417,12,4,99.9,0,26/05/2025,Cancelado
649,324,2,4,99.9,10,29/01/2025,Pago
650,475,79,5,150.0,10,2025-05-26,Cancelado
651,449,57,4,99.9,10,25/03/2025,Cancelado
652,470,26,2,99.9,0,03/04/2025,Cancelado
653,351,87,5,200.0,10,2025-04-16,Cancelado
654,43,61,2,99.9,120,27/02/2025,Pago
655,389,21,4,150.0,10,2025-03-14,Cancelado
656,2,43,2,150.0,120,13/01/2025,Cancelado
657,389,46,4,150.0,120,22/02/2025,Enviado
658,111,100,2,99.9,10,24/04/2025,Pago
659,58,48,4,150.0,0,2025-01-01,Enviado
660,269,82,5,200.0,10,09/01/2025,Enviado
661,425,70,3,99.9,10,23/03/2025,Cancelado
662,290,50,1,200.0,120,17/06/2025,Pago
663,121,33,1,200.0,10,2025-05-15,Cancelado
664,493,97,4,150.0,0,2025-04-27,Pago
665,9,97,4,200.0,0,13/05/2025,Pago
666,413,98,4,150.0,0,23/03/2025,Enviado
667,43,100,3,200.0,10,2025-06-18,Enviado
668,454,45,1,150.0,0,2025-05-31,Pago
669,105,72,3,200.0,0,01/02/2025,Cancelado
670,400,99,4,99.9,10,21/03/2025,Enviado
671,344,95,4,150.0,120,2025-04-30,Pago
672,332,17,3,150.0,10,2025-05-23,Cancelado
673,180,32,2,200.0,0,01/02/2025,Cancelado
674,334,88,1,99.9,0,2025-05-15,Enviado
675,198,95,5,150.0,10,27/02/2025,Enviado
676,21,16,1,200.0,120,2025-04-05,Pago
677,405,13,1,150.0,10,2025-01-14,Enviado
678,102,60,4,200.0,10,15/05/2025,Pago
679,402,39,2,150.0,120,2025-01-14,Cancelado
680,300,73,3,99.9,10,2025-03-23,Cancelado
681,75,73,2,150.0,0,10/02/2025,Cancelado
682,457,83,5,99.9,120,18/01/2025,Pago
683,387,23,3,200.0,120,03/05/2025,Enviado
684,368,88,2,200.0,120,22/03/2025,Pago
685,132,52,5,200.0,10,14/03/2025,Enviado
686,446,95,2,200.0,0,2025-02-19,Cancelado
687,39,9,3,99.9,0,10/06/2025,Pago
688,495,50,4,99.9,120,2025-02-08,Pago
689,73,44,1,99.9,120,2025-02-19,Enviado
690,337,76,2,200.0,10,2025-02-08,Enviado
691,103,12,4,150.0,0,2025-03-22,Cancelado
692,168,40,4,150.0,10,2025-05-13,Cancelado
693,111,54,1,200.0,10,2025-03-18,Enviado
694,495,15,2,200.0,0,15/04/2025,Cancelado
695,2,83,4,150.0,0,31/03/2025,Enviado
696,39,13,1,99.9,10,02/03/2025,Pago
697,27,46,2,150.0,10,26/05/2025,Pago
698,359,67,5,200.0,120,2025-06-14,Cancelado
699,335,88,5,99.9,120,28/01/2025,Cancelado
700,75,39,4,99.9,10,21/04/2025,Enviado
701,302,84,4,200.0,120,14/06/2025,Cancelado
702,381,88,1,99.9,0,2025-02-12,Cancelado
703,117,76,4,200.0,120,2025-04-05,Cancelado
704,297,93,5,150.0,120,2025-04-30,Pago
705,114,60,3,99.9,0,2025-06-05,Enviado
706,416,13,4,200.0,0,2025-02-14,Enviado
707,495,52,1,150.0,10,02/06/2025,Cancelado
708,216,78,1,200.0,10,2025-06-24,Enviado
709,19,8,4,200.0,0,20/05/2025,Cancelado
710,320,57,4,150.0,120,29/03/2025,Enviado
711,87,74,5,99.9,0,05/05/2025,Enviado
712,123,7,2,150.0,120,21/01/2025,Enviado
713,227,94,2,200.0,0,2025-02-24,Pago
714,437,54,3,99.9,0,11/03/2025,Cancelado
715,8,16,1,200.0,10,2025-03-02,Pago
716,370,59,5,150.0,120,09/06/2025,Pago
717,447,39,4,150.0,0,2025-06-02,Enviado
718,73,29,4,200.0,10,16/03/2025,Enviado
719,203,7,3,200.0,0,03/01/2025,Cancelado
720,266,10,1,99.9,0,07/01/2025,Pago
721,135,31,2,150.0,120,06/04/2025,Cancelado
722,92,64,3,200.0,120,06/05/2025,Pago
723,226,72,1,99.9,0,12/03/2025,Enviado
724,309,63,5,150.0,10,2025-01-22,Cancelado
725,380,57,2,99.9,120,2025-05-07,Enviado
726,293,30,1,99.9,10,2025-02-14,Enviado
727,463,75,2,200.0,120,2025-02-24,Enviado
728,76,57,3,200.0,10,10/04/2025,Enviado
729,21,24,3,150.0,120,2025-05-23,Enviado
730,267,64,2,99.9,0,2025-03-24,Enviado
731,416,80,3,99.9,120,01/04/2025,Enviado
732,267,35,2,150.0,10,04/06/2025,Cancelado
733,261,34,4,200.0,10,2025-01-12,Enviado
734,185,39,2,200.0,0,2025-06-13,Enviado
735,478,34,2,99.9,10,21/06/2025,Enviado
736,9,26,2,150.0,10,2025-01-25,Pago
737,94,13,4,99.9,0,2025-03-02,Cancelado
738,89,11,4,99.9,120,08/01/2025,Pago
739,11,77,2,99.9,120,2025-03-06,Cancelado
740,399,81,4,150.0,10,2025-03-30,Pago
741,315,50,1,150.0,0,2025-06-03,Cancelado
742,97,88,1,200.0,10,2025-04-18,Pago
743,30,95,3,150.0,10,2025-04-02,Pago
744,153,1,4,99.9,10,2025-03-28,Cancelado
745,145,55,3,150.0,120,24/05/2025,Pago
746,322,5,2,99.9,0,2025-04-10,Cancelado
747,209,73,4,99.9,120,25/02/2025,Enviado
748,315,76,1,200.0,10,30/01/2025,Enviado
749,91,94,1,150.0,120,10/01/2025,Pago
750,461,54,4,150.0,10,01/01/2025,Pago
751,359,80,1,99.9,0,2025-05-19,Cancelado
752,424,72,3,150.0,120,2025-01-17,Cancelado
753,1,91,3,200.0,10,2025-03-03,Pago
754,271,3,3,200.0,120,2025-05-26,Enviado
755,318,1,3,200.0,0,2025-06-09,Enviado
756,396,60,1,150.0,120,2025-02-10,Pago
757,412,42,5,150.0,10,2025-01-03,Enviado
757,8,82,2,99.9,120,2025-03-05,Enviado
759,147,27,1,150.0,0,10/01/2025,Cancelado
760,311,2,5,150.0,0,2025-01-17,Enviado
761,446,16,3,150.0,0,2025-02-09,Cancelado
762,147,42,5,200.0,10,13/04/2025,Cancelado
763,446,60,3,99.9,0,16/05/2025,Cancelado
764,209,61,4,200.0,0,2025-02-10,Pago
765,499,16,4,200.0,10,23/04/2025,Enviado
766,138,86,1,150.0,120,15/06/2025,Cancelado
767,204,2,5,150.0,0,2025-04-08,Enviado
768,160,4,4,99.9,10,30/05/2025,Enviado
769,171,10,1,99.9,120,2025-01-18,Enviado
770,350,92,3,99.9,0,2025-03-17,Pago
771,427,6,5,200.0,0,10/03/2025,Pago
772,129,77,4,150.0,120,25/05/2025,Cancelado
773,404,64,2,99.9,0,2025-02-23,Enviado
774,446,27,2,150.0,120,2025-01-05,Cancelado
775,235,11,2,150.0,10,01/03/2025,Pago
776,53,6,5,99.9,120,19/01/2025,Pago
777,191,32,2,99.9,0,17/03/2025,Pago
778,188,22,1,99.9,120,22/01/2025,Cancelado
779,326,15,1,150.0,0,11/02/2025,Enviado
780,421,45,1,150.0,120,17/04/2025,Cancelado
781,84,18,1,99.9,10,09/01/2025,Pago
782,119,78,3,99.9,120,20/06/2025,Enviado
783,43,48,5,200.0,120,09/02/2025,Cancelado
784,180,100,1,150.0,120,30/04/2025,Pago
785,287,38,1,150.0,0,09/04/2025,Enviado
786,253,56,3,150.0,0,05/01/2025,Enviado
787,416,1,2,150.0,10,10/03/2025,Pago
788,489,85,2,99.9,0,2025-03-20,Enviado
789,416,61,1,150.0,10,11/05/2025,Cancelado
790,394,30,5,99.9,120,03/04/2025,Pago
791,356,86,3,150.0,0,2025-05-20,Pago
792,62,39,2,99.9,0,2025-03-28,Enviado
793,354,21,2,99.9,0,15/06/2025,Cancelado
794,423,23,4,150.0,10,2025-02-03,Cancelado
795,71,74,4,99.9,10,2025-01-22,Cancelado
796,4,17,3,200.0,10,2025-02-11,Pago
797,142,85,2,99.9,10,2025-02-21,Enviado
798,209,56,5,200.0,120,20/01/2025,Pago
799,134,14,2,150.0,0,08/05/2025,Cancelado
800,110,41,1,200.0,0,30/03/2025,Enviado
801,273,26,2,150.0,10,2025-04-13,Cancelado
802,64,6,4,200.0,10,12/03/2025,Enviado
803,310,59,2,150.0,120,17/02/2025,Enviado
804,436,91,5,200.0,120,29/05/2025,Cancelado
805,99,3,2,150.0,0,03/02/2025,Cancelado
806,26,8,3,200.0,0,2025-01-21,Enviado
807,264,98,5,150.0,0,2025-03-02,Cancelado
808,499,34,3,200.0,120,2025-02-01,Cancelado
809,389,89,3,99.9,10,23/01/2025,Pago
810,448,86,5,99.9,0,24/02/2025,Cancelado
811,258,98,1,150.0,10,2025-05-23,Cancelado
812,67,39,4,200.0,10,2025-05-18,Enviado
813,37,2,4,99.9,0,2025-04-26,Enviado
814,114,1,5,99.9,0,11/03/2025,Enviado
815,90,96,4,200.0,0,21/02/2025,Pago
816,107,39,5,200.0,120,11/04/2025,Cancelado
817,90,21,4,150.0,120,23/04/2025,Pago
818,136,70,1,150.0,120,08/06/2025,Enviado
819,375,96,1,200.0,10,2025-02-14,Pago
820,13,9,1,200.0,120,2025-06-12,Cancelado
821,188,78,2,99.9,0,2025-05-18,Cancelado
822,362,11,1,99.9,0,2025-05-31,Pago
823,380,73,2,200.0,0,07/03/2025,Cancelado
824,377,64,4,200.0,0,30/03/2025,Enviado
825,211,31,4,99.9,0,22/05/2025,Pago
826,163,70,3,99.9,0,2025-04-14,Cancelado
827,52,2,2,200.0,120,19/03/2025,Pago
828,83,15,2,150.0,120,10/02/2025,Cancelado
829,438,64,5,150.0,0,2025-02-22,Cancelado
830,377,20,3,150.0,10,2025-03-25,Enviado
831,65,20,1,150.0,0,2025-01-26,Pago
832,324,15,1,200.0,10,2025-05-23,Enviado
833,151,12,2,150.0,120,2025-04-12,Pago
834,283,40,2,150.0,120,09/03/2025,Cancelado
835,395,52,2,150.0,10,2025-04-07,Enviado
836,156,40,4,150.0,120,2025-05-17,Cancelado
837,383,42,2,200.0,0,03/02/2025,Pago
838,24,45,2,200.0,10,03/06/2025,Enviado
839,116,39,3,150.0,120,2025-01-16,Pago
840,419,1,1,99.9,120,16/04/2025,Pago
841,442,78,4,150.0,0,2025-01-11,Pago
842,144,48,5,99.9,10,13/01/2025,Cancelado
843,410,18,2,200.0,0,2025-01-09,Enviado
844,18,7,2,150.0,10,2025-01-14,Pago
845,125,30,1,150.0,10,23/02/2025,Pago
846,69,13,4,150.0,120,29/03/2025,Cancelado
847,417,91,3,200.0,120,02/06/2025,Enviado
848,239,40,1,150.0,0,11/04/2025,Enviado
849,94,23,3,150.0,0,2025-01-30,Enviado
850,446,78,3,150.0,0,2025-02-16,Enviado
851,376,80,2,200.0,120,04/06/2025,Cancelado
852,157,62,1,150.0,0,11/03/2025,Cancelado
853,292,16,3,150.0,0,2025-03-29,Pago
854,313,64,5,99.9,0,2025-04-29,Enviado
855,162,55,5,99.9,0,2025-03-18,Pago
856,89,2,5,99.9,0,07/05/2025,Enviado
857,271,8,3,150.0,0,21/04/2025,Pago
858,362,11,5,150.0,120,2025-04-08,Enviado
859,263,35,4,99.9,10,15/04/2025,Pago
860,185,70,4,200.0,0,24/05/2025,Cancelado
861,205,55,4,150.0,120,29/01/2025,Enviado
862,430,42,1,200.0,0,2025-02-02,Cancelado
863,29,63,5,200.0,120,2025-04-19,Pago
864,345,32,4,200.0,120,15/06/2025,Cancelado
865,280,100,2,200.0,120,2025-03-31,Enviado
866,340,14,5,200.0,0,2025-05-17,Pago
867,209,8,1,99.9,0,2025-02-15,Cancelado
868,111,28,2,200.0,0,03/01/2025,Enviado
869,24,80,2,99.9,0,2025-06-14,Cancelado
870,178,7,1,200.0,10,07/02/2025,Cancelado
871,242,4,1,200.0,0,2025-01-13,Cancelado
872,59,3,1,200.0,10,24/02/2025,Pago
873,1,77,3,99.9,120,12/01/2025,Cancelado
874,28,13,5,150.0,10,2025-02-11,Enviado
875,279,36,5,200.0,0,22/05/2025,Pago
876,26,10,1,99.9,0,31/01/2025,Enviado
877,287,100,2,150.0,120,2025-03-19,Enviado
878,263,40,4,150.0,120,19/01/2025,Cancelado
879,16,47,1,200.0,0,2025-04-19,Enviado
880,86,80,1,200.0,0,27/06/2025,Cancelado
881,244,78,5,150.0,0,2025-03-25,Pago
882,359,32,4,99.9,0,2025-01-22,Cancelado
883,380,17,3,99.9,10,2025-01-26,Enviado
884,380,14,5,200.0,10,02/02/2025,Pago
885,233,29,5,200.0,120,14/01/2025,Enviado
886,107,48,3,200.0,0,25/02/2025,Enviado
887,202,73,3,200.0,0,13/02/2025,Cancelado
888,303,80,1,150.0,10,07/04/2025,Cancelado
889,221,50,2,200.0,120,26/05/2025,Pago
890,239,86,5,200.0,10,2025-02-18,Enviado
891,146,14,1,150.0,0,2025-04-10,Enviado
892,202,33,1,99.9,10,2025-04-14,Enviado
893,148,33,4,200.0,10,2025-03-15,Cancelado
894,178,85,1,150.0,120,2025-03-24,Cancelado
895,466,39,1,99.9,10,21/06/2025,Cancelado
896,42,43,3,99.9,10,15/02/2025,Pago
897,197,58,5,150.0,10,12/05/2025,Cancelado
898,477,46,1,150.0,10,25/02/2025,Cancelado
899,310,58,4,200.0,120,2025-01-08,Cancelado
900,350,86,4,200.0,0,2025-02-05,Pago
901,345,7,1,200.0,0,07/01/2025,Cancelado
902,9,26,2,99.9,0,2025-04-10,Pago
903,244,41,2,200.0,0,21/02/2025,Cancelado
904,102,52,3,200.0,120,15/05/2025,Pago
905,15,55,3,150.0,0,12/02/2025,Cancelado
906,210,11,1,99.9,0,2025-02-15,Pago
907,467,97,5,99.9,120,2025-03-12,Cancelado
908,55,31,1,200.0,120,19/02/2025,Pago
909,20,66,4,99.9,120,21/01/2025,Cancelado
910,432,62,3,200.0,10,11/04/2025,Enviado
911,76,97,5,99.9,0,17/06/2025,Pago
912,361,51,4,200.0,120,28/06/2025,Enviado
913,165,24,5,99.9,120,20/06/2025,Cancelado
914,307,20,5,150.0,0,2025-03-11,Enviado
915,175,75,2,99.9,10,2025-06-30,Cancelado
916,148,18,5,99.9,10,26/06/2025,Cancelado
917,38,31,4,200.0,120,2025-01-13,Enviado
918,421,68,2,200.0,0,2025-06-01,Enviado
919,166,7,1,200.0,120,29/03/2025,Cancelado
920,116,64,1,150.0,0,26/03/2025,Enviado
921,75,93,2,200.0,10,2025-04-22,Cancelado
922,354,19,2,200.0,0,05/05/2025,Enviado
923,389,9,3,150.0,0,2025-05-07,Pago
924,414,16,5,150.0,120,2025-06-09,Enviado
925,235,62,5,99.9,120,09/04/2025,Enviado
926,345,9,1,150.0,10,2025-03-05,Cancelado
927,161,86,2,150.0,0,2025-06-12,Enviado
928,81,22,2,200.0,0,2025-06-28,Cancelado
929,405,71,3,150.0,120,2025-04-06,Cancelado
930,448,31,5,99.9,120,2025-04-16,Pago
931,116,17,3,150.0,10,08/02/2025,Cancelado
932,2,59,4,150.0,0,27/01/2025,Enviado
933,238,39,1,150.0,120,20/01/2025,Pago
934,157,88,3,99.9,10,13/02/2025,Cancelado
935,162,12,1,150.0,120,2025-04-03,Cancelado
936,371,97,3,150.0,120,2025-06-19,Cancelado
937,445,80,1,150.0,120,09/04/2025,Cancelado
938,460,50,3,99.9,0,2025-05-05,Pago
939,135,21,1,150.0,120,06/02/2025,Enviado
940,204,65,2,99.9,120,2025-04-16,Cancelado
941,206,86,2,99.9,0,2025-06-12,Cancelado
942,173,5,2,99.9,0,2025-02-18,Cancelado
943,343,56,5,99.9,0,21/03/2025,Enviado
944,306,67,5,200.0,10,2025-01-07,Pago
944,254,54,2,99.9,10,2025-03-26,Pago
946,233,46,1,99.9,120,07/02/2025,Enviado
947,343,1,4,99.9,10,19/04/2025,Cancelado
948,374,55,4,200.0,120,2025-06-07,Cancelado
949,156,91,5,200.0,120,2025-01-26,Pago
950,310,13,5,200.0,120,26/04/2025,Cancelado
951,159,39,4,150.0,120,22/05/2025,Cancelado
952,126,43,2,200.0,120,09/03/2025,Cancelado
953,169,50,4,99.9,0,2025-01-30,Cancelado
954,33,48,2,150.0,0,2025-03-27,Cancelado
955,394,43,3,99.9,10,2025-04-04,Pago
956,496,61,1,150.0,10,2025-06-24,Pago
957,28,6,1,99.9,0,03/05/2025,Enviado
958,453,13,3,200.0,0,2025-06-07,Cancelado
959,376,90,4,99.9,0,2025-06-07,Pago
960,336,79,1,99.9,120,2025-04-12,Cancelado
961,17,34,2,200.0,120,2025-03-30,Enviado
962,238,21,5,150.0,120,24/05/2025,Pago
963,121,1,3,200.0,120,2025-05-27,Enviado
964,228,19,5,200.0,0,16/01/2025,Pago
965,449,14,3,150.0,0,27/01/2025,Cancelado
966,440,67,5,99.9,10,2025-06-22,Pago
967,347,80,5,150.0,0,2025-04-09,Enviado
968,76,63,1,150.0,10,20/02/2025,Pago
969,82,23,5,200.0,0,03/05/2025,Enviado
970,488,82,2,99.9,120,30/01/2025,Pago
971,468,12,3,150.0,10,04/04/2025,Cancelado
972,419,99,3,150.0,120,09/06/2025,Enviado
973,300,83,4,99.9,10,31/05/2025,Cancelado
974,198,8,1,99.9,10,2025-02-03,Enviado
975,482,86,2,99.9,120,08/01/2025,Enviado
976,185,74,3,200.0,0,09/01/2025,Cancelado
977,313,83,1,200.0,120,2025-04-18,Pago
978,427,2,2,150.0,0,2025-05-31,Enviado
979,433,77,5,200.0,120,20/02/2025,Pago
980,191,55,1,99.9,10,16/04/2025,Cancelado
981,277,56,3,99.9,10,29/01/2025,Pago
982,370,20,4,150.0,120,14/03/2025,Enviado
983,268,49,1,200.0,0,24/01/2025,Cancelado
984,128,76,1,150.0,0,2025-06-19,Enviado
985,116,88,3,150.0,120,2025-02-03,Pago
986,150,36,4,99.9,120,2025-04-15,Cancelado
987,31,77,2,150.0,120,2025-01-27,Pago
988,482,30,1,200.0,10,01/05/2025,Pago
989,394,93,2,150.0,120,2025-05-28,Cancelado
990,63,29,3,200.0,120,2025-06-19,Pago
991,81,13,2,200.0,0,2025-01-14,Enviado
992,320,18,1,99.9,10,2025-04-24,Cancelado
993,151,91,3,200.0,10,2025-04-12,Enviado
994,31,1,3,99.9,120,03/03/2025,Cancelado
995,131,22,2,200.0,0,2025-04-25,Enviado
996,296,56,3,150.0,120,2025-06-03,Cancelado
997,117,33,1,150.0,10,03/04/2025,Enviado
998,295,60,3,150.0,0,06/04/2025,Enviado
999,415,24,2,99.9,120,2025-06-08,Pago
1000,219,85,1,99.9,10,2025-04-04,Cancelado
1001,196,23,5,200.0,10,07/04/2025,Enviado
1002,115,21,4,99.9,0,05/04/2025,Cancelado
1003,201,20,5,99.9,0,09/04/2025,Pago
1004,140,19,5,99.9,120,19/02/2025,Cancelado
1005,354,20,1,150.0,120,2025-06-08,Pago
1006,93,18,2,99.9,120,2025-01-16,Enviado
1007,459,6,5,150.0,10,2025-05-15,Enviado
1008,252,78,4,99.9,120,2025-05-15,Cancelado
1009,271,91,3,99.9,120,28/02/2025,Enviado
1010,377,63,3,200.0,0,27/01/2025,Enviado
1011,193,100,5,150.0,120,24/06/2025,Pago
1012,277,58,2,99.9,0,13/03/2025,Pago
1013,152,77,3,200.0,10,01/05/2025,Cancelado
1014,34,19,3,150.0,10,2025-05-13,Pago
1015,153,71,2,99.9,0,26/02/2025,Enviado
1016,106,40,2,200.0,120,11/02/2025,Enviado
1017,35,45,3,200.0,120,2025-04-29,Pago
1018,162,34,4,150.0,0,26/03/2025,Pago
1019,452,73,3,150.0,120,2025-05-30,Cancelado
1020,389,33,3,200.0,10,08/01/2025,Enviado
1021,466,64,3,99.9,10,17/02/2025,Pago
1022,495,5,4,200.0,120,2025-04-15,Pago
1023,114,77,4,99.9,120,2025-06-13,Pago
1024,178,3,4,200.0,10,17/06/2025,Enviado
1025,383,23,1,150.0,10,05/02/2025,Pago
1026,202,38,1,150.0,120,2025-06-25,Enviado
1027,71,5,5,200.0,120,2025-06-26,Pago
1028,169,19,3,99.9,120,05/01/2025,Pago
1029,69,42,5,150.0,0,2025-01-01,Pago
1030,461,42,3,99.9,0,20/06/2025,Cancelado
1031,406,61,4,99.9,0,12/01/2025,Cancelado
1032,170,21,4,200.0,0,14/06/2025,Cancelado
1033,389,52,1,99.9,0,15/02/2025,Pago
1034,260,99,1,99.9,0,21/05/2025,Pago
1035,480,46,5,200.0,120,2025-06-23,Pago
1036,217,7,3,99.9,120,2025-03-01,Pago
1037,293,9,3,200.0,0,2025-05-11,Cancelado
1038,267,78,5,200.0,10,2025-05-11,Pago
1039,228,54,5,150.0,120,2025-06-13,Pago
1040,433,74,2,150.0,10,22/02/2025,Cancelado
1041,318,35,5,200.0,0,2025-01-26,Cancelado
1042,179,24,1,99.9,120,2025-04-07,Enviado
1043,391,99,1,200.0,0,16/05/2025,Enviado
1044,50,13,1,200.0,0,12/02/2025,Pago
1045,236,60,2,150.0,0,09/05/2025,Pago
1046,162,17,4,200.0,120,26/02/2025,Pago
1047,400,29,1,150.0,0,2025-03-13,Enviado
1048,102,45,1,200.0,10,09/01/2025,Pago
1049,15,40,1,200.0,120,30/05/2025,Pago
1050,232,45,3,200.0,120,28/02/2025,Enviado
1051,298,67,5,150.0,120,2025-03-10,Enviado
1052,379,81,4,99.9,120,2025-03-30,Pago
1053,201,58,3,99.9,0,2025-01-09,Pago
1054,171,30,4,99.9,10,28/05/2025,Pago
1055,59,25,2,99.9,10,07/03/2025,Enviado
1056,82,72,2,150.0,120,2025-04-18,Enviado
1057,232,24,5,150.0,10,02/04/2025,Cancelado
1058,108,91,1,150.0,10,17/06/2025,Cancelado
1059,352,89,1,150.0,0,2025-06-05,Enviado
1060,461,65,5,150.0,0,05/06/2025,Enviado
1061,262,57,2,150.0,10,2025-03-12,Pago
1062,175,83,3,99.9,0,2025-02-16,Enviado
1063,215,4,2,99.9,120,2025-02-09,Cancelado
1064,173,76,4,99.9,120,2025-02-24,Pago
1065,385,88,5,150.0,120,2025-04-29,Cancelado
1066,331,50,1,150.0,0,16/01/2025,Enviado
1067,385,8,3,99.9,10,23/06/2025,Cancelado
1068,46,4,1,150.0,0,2025-03-04,Enviado
1069,181,39,5,150.0,10,10/02/2025,Pago
1070,468,77,1,99.9,120,06/06/2025,Cancelado
1071,11,12,1,200.0,120,29/04/2025,Pago
1072,401,61,1,200.0,10,2025-05-13,Pago
1073,318,71,2,150.0,0,2025-06-30,Cancelado
1074,178,81,5,200.0,10,10/04/2025,Enviado
1075,233,17,2,200.0,10,12/06/2025,Cancelado
1076,450,11,5,99.9,0,2025-03-22,Pago
1077,420,38,1,200.0,10,15/04/2025,Cancelado
1078,244,64,5,99.9,10,2025-03-25,Enviado
1079,489,48,3,99.9,10,19/01/2025,Pago
1080,203,100,4,150.0,10,12/06/2025,Cancelado
1081,185,95,3,150.0,0,2025-05-29,Enviado
1082,384,43,3,150.0,120,05/05/2025,Pago
1083,379,91,3,150.0,120,20/02/2025,Enviado
1084,373,83,1,200.0,0,2025-04-10,Enviado
1085,165,9,1,99.9,120,25/02/2025,Pago
1086,16,81,2,200.0,10,2025-02-15,Pago
1087,48,9,5,150.0,120,2025-01-01,Cancelado
1088,225,94,4,99.9,0,2025-02-04,Enviado
1089,154,10,3,200.0,10,2025-01-07,Cancelado
1090,248,67,3,99.9,120,2025-05-27,Pago
1091,244,95,2,150.0,120,28/02/2025,Cancelado
1092,190,33,5,99.9,10,2025-01-08,Enviado
1093,103,38,5,99.9,120,18/05/2025,Pago
1094,194,56,2,99.9,10,2025-05-14,Cancelado
1095,308,72,5,150.0,10,20/03/2025,Enviado
1095,59,65,1,150.0,10,2025-06-15,Cancelado
1097,68,30,5,200.0,0,30/05/2025,Enviado
1098,487,78,1,200.0,120,21/06/2025,Enviado
1099,431,45,4,200.0,120,12/06/2025,Enviado
1100,387,87,3,99.9,120,24/01/2025,Enviado
1101,462,69,2,200.0,120,2025-02-04,Enviado
1102,119,81,1,200.0,0,14/06/2025,Enviado
1103,3,45,5,150.0,0,21/04/2025,Pago
1104,226,49,4,99.9,10,23/01/2025,Cancelado
1105,60,47,2,200.0,0,2025-04-15,Cancelado
1106,465,76,4,200.0,0,2025-03-11,Pago
1107,242,87,5,150.0,120,2025-02-24,Pago
1108,430,69,1,150.0,120,28/06/2025,Pago
1109,316,47,2,150.0,0,2025-03-07,Enviado
1110,419,8,3,200.0,10,21/05/2025,Cancelado
1111,187,97,1,99.9,0,2025-02-17,Cancelado
1112,367,27,2,99.9,120,12/06/2025,Cancelado
1113,223,10,5,200.0,10,27/03/2025,Pago
1114,62,30,3,200.0,10,07/02/2025,Cancelado
1115,92,23,3,150.0,0,2025-02-26,Enviado
1116,390,22,3,99.9,120,02/05/2025,Enviado
1117,27,35,3,150.0,0,2025-04-30,Enviado
1118,383,20,1,200.0,10,26/05/2025,Cancelado
1119,215,58,1,99.9,120,07/05/2025,Pago
1120,71,68,3,200.0,0,09/04/2025,Cancelado
1121,64,63,1,200.0,0,22/06/2025,Cancelado
1122,364,83,2,200.0,120,20/03/2025,Enviado
1123,69,38,4,99.9,120,08/01/2025,Enviado
1124,219,39,3,99.9,0,2025-06-10,Pago
1125,251,74,2,200.0,10,11/04/2025,Pago
1126,83,71,4,150.0,10,2025-04-05,Enviado
1127,441,35,4,200.0,120,03/05/2025,Cancelado
1128,190,4,5,200.0,10,2025-03-29,Cancelado
1129,455,93,1,99.9,10,2025-03-02,Cancelado
1130,339,62,2,99.9,120,17/02/2025,Pago
1131,440,61,1,99.9,0,14/06/2025,Enviado
1132,372,41,5,150.0,10,03/05/2025,Pago
1133,37,69,4,150.0,120,2025-02-25,Cancelado
1134,46,91,3,200.0,10,2025-06-25,Pago
1135,105,52,2,200.0,120,13/03/2025,Cancelado
1136,459,18,5,99.9,0,15/05/2025,Cancelado
1137,25,79,1,200.0,10,2025-06-19,Cancelado
1138,268,93,5,99.9,10,2025-05-09,Pago
1139,452,7,1,200.0,10,2025-04-23,Pago
1140,94,40,3,200.0,120,20/05/2025,Cancelado
1141,319,7,5,150.0,10,01/06/2025,Pago
1142,119,58,3,99.9,120,11/06/2025,Cancelado
1143,294,44,4,99.9,10,2025-03-14,Cancelado
1144,119,20,2,200.0,120,2025-03-31,Cancelado
1145,146,93,5,99.9,120,02/02/2025,Enviado
1146,152,66,4,99.9,10,30/05/2025,Cancelado
1147,459,90,3,150.0,120,23/04/2025,Enviado
1148,436,79,5,99.9,10,2025-01-17,Cancelado
1149,85,46,2,200.0,10,2025-06-30,Pago
1150,468,78,1,99.9,0,2025-06-17,Cancelado
1151,403,78,1,200.0,120,2025-01-01,Pago
1152,287,83,2,200.0,10,23/02/2025,Pago
1153,223,73,4,200.0,120,2025-03-27,Cancelado
1154,51,22,3,200.0,120,2025-03-20,Enviado
1155,186,9,2,99.9,0,25/01/2025,Pago
1156,432,82,5,150.0,10,2025-02-15,Enviado
1157,241,92,1,150.0,0,2025-02-14,Cancelado
1158,465,18,3,200.0,120,2025-04-07,Enviado
1159,284,39,2,200.0,0,20/02/2025,Enviado
1160,21,76,5,200.0,10,25/04/2025,Cancelado
1161,391,71,2,150.0,10,10/05/2025,Enviado
1162,162,93,4,200.0,120,2025-06-29,Enviado
1163,382,14,2,200.0,0,2025-05-26,Pago
1163,294,35,3,99.9,120,2025-02-16,Enviado
1165,296,49,2,200.0,10,2025-01-14,Cancelado
1166,137,89,2,200.0,10,07/05/2025,Pago
1167,440,29,3,99.9,10,2025-03-07,Cancelado
1168,348,26,2,150.0,0,30/03/2025,Cancelado
1169,470,71,4,150.0,0,06/01/2025,Pago
1170,94,91,4,99.9,0,2025-04-24,Pago
1171,402,22,3,150.0,0,2025-06-14,Pago
1172,293,5,3,200.0,120,2025-04-23,Pago
1173,263,12,2,200.0,10,27/02/2025,Pago
1174,9,67,3,99.9,10,26/05/2025,Enviado
1175,487,73,2,150.0,120,2025-05-25,Cancelado
1176,275,92,4,200.0,10,24/03/2025,Cancelado
1177,141,59,4,150.0,120,2025-02-15,Cancelado
1178,12,14,5,99.9,10,19/01/2025,Pago
1179,203,7,4,99.9,10,2025-01-04,Cancelado
1180,399,86,2,200.0,0,2025-05-18,Enviado
1181,358,14,2,200.0,120,2025-06-15,Cancelado
1182,368,95,3,200.0,0,2025-05-26,Enviado
1183,390,75,2,200.0,0,08/01/2025,Enviado
1184,397,21,3,200.0,10,2025-02-01,Enviado
1184,245,22,3,99.9,120,2025-01-25,Enviado
1186,422,41,3,150.0,10,19/05/2025,Pago
1187,306,94,5,150.0,10,2025-03-16,Enviado
1188,34,81,4,99.9,10,30/03/2025,Pago
1189,327,68,3,99.9,10,21/05/2025,Pago
1190,230,1,4,150.0,120,20/06/2025,Pago
1191,140,31,4,150.0,10,10/01/2025,Cancelado
1192,138,24,3,99.9,120,2025-05-14,Pago
1193,242,75,5,99.9,10,17/06/2025,Cancelado
1194,62,12,5,200.0,0,2025-06-09,Cancelado
1195,480,71,5,200.0,120,19/01/2025,Enviado
1196,309,5,2,99.9,10,2025-06-06,Pago
1197,122,18,2,150.0,10,02/02/2025,Cancelado
1198,50,44,5,99.9,0,2025-06-12,Cancelado
1199,473,88,4,99.9,0,2025-05-14,Enviado
1200,150,35,5,99.9,0,2025-04-14,Cancelado
1201,388,78,3,99.9,10,2025-01-07,Pago
1202,329,87,2,150.0,0,21/06/2025,Cancelado
1203,416,6,1,200.0,120,2025-02-03,Enviado
1204,197,11,3,150.0,120,03/04/2025,Pago
1205,69,69,4,150.0,10,2025-01-13,Pago
1206,226,82,4,200.0,120,2025-03-29,Pago
1207,450,72,4,200.0,120,2025-03-07,Pago
1208,209,54,3,200.0,0,2025-03-05,Pago
1209,426,15,3,99.9,10,2025-01-01,Enviado
1210,413,80,2,200.0,0,2025-05-01,Pago
1211,276,47,3,99.9,10,10/06/2025,Enviado
1212,487,3,4,99.9,0,2025-03-29,Pago
1213,486,8,5,200.0,120,25/05/2025,Pago
1214,327,7,4,200.0,0,13/02/2025,Enviado
1215,488,89,2,99.9,120,25/03/2025,Enviado
1216,478,67,1,200.0,120,11/04/2025,Cancelado
1217,188,57,1,99.9,120,31/05/2025,Enviado
1218,165,3,5,99.9,0,06/05/2025,Pago
1219,286,71,4,200.0,0,2025-04-23,Cancelado
1220,241,90,5,150.0,0,12/06/2025,Pago
1221,332,74,2,99.9,10,2025-04-11,Cancelado
1222,224,30,2,99.9,10,2025-03-17,Cancelado
1223,307,63,2,99.9,0,07/04/2025,Pago
1224,28,14,2,99.9,10,14/02/2025,Enviado
1225,152,26,1,99.9,120,14/05/2025,Cancelado
1226,364,45,1,200.0,0,2025-06-15,Cancelado
1227,101,49,1,200.0,120,18/04/2025,Cancelado
1228,364,9,3,99.9,120,2025-01-30,Pago
1229,430,73,1,200.0,0,04/02/2025,Enviado
1230,309,88,4,200.0,120,22/02/2025,Pago
1231,189,51,1,99.9,120,2025-04-13,Pago
1232,153,68,2,200.0,120,14/02/2025,Pago
1233,473,45,4,200.0,120,2025-04-27,Enviado
1234,132,23,3,150.0,0,22/06/2025,Cancelado
1235,327,44,2,99.9,120,08/02/2025,Pago
1236,106,1,1,99.9,0,2025-06-15,Pago
1237,314,33,1,200.0,120,17/02/2025,Pago
1238,420,81,3,150.0,120,2025-02-17,Enviado
1239,79,83,1,200.0,0,03/05/2025,Enviado
1240,232,28,1,200.0,120,2025-03-16,Pago
1241,146,75,5,99.9,120,2025-05-04,Pago
1242,370,28,1,150.0,120,04/04/2025,Cancelado
1243,458,17,4,99.9,10,2025-03-30,Enviado
1244,21,86,5,99.9,10,14/03/2025,Pago
1245,130,17,5,200.0,10,2025-05-18,Pago
1246,73,5,5,150.0,120,06/05/2025,Pago
1246,318,79,2,200.0,10,2025-05-14,Enviado
1248,261,17,2,99.9,120,2025-04-02,Enviado
1249,225,99,1,200.0,0,2025-04-25,Pago
1250,89,63,4,150.0,120,10/01/2025,Enviado
1251,358,78,3,200.0,120,2025-03-20,Enviado
1252,132,29,5,150.0,10,2025-04-14,Enviado
1253,196,47,3,150.0,10,2025-01-05,Cancelado
1254,353,56,2,99.9,0,2025-03-02,Enviado
1255,11,85,3,99.9,0,23/04/2025,Pago
1256,31,24,5,150.0,10,2025-02-24,Cancelado
1257,173,47,1,200.0,10,21/06/2025,Enviado
1258,23,31,1,150.0,120,2025-05-25,Cancelado
1259,289,54,2,99.9,120,2025-05-05,Pago
1260,23,75,2,200.0,120,27/04/2025,Pago
1261,397,65,2,99.9,120,2025-02-20,Cancelado
1262,282,91,5,200.0,10,2025-01-21,Enviado
1263,143,23,5,99.9,10,2025-01-04,Cancelado
1264,160,89,5,99.9,10,11/04/2025,Pago
1265,262,36,2,99.9,10,2025-04-30,Cancelado
1266,135,13,2,99.9,10,2025-02-25,Pago
1267,119,16,3,150.0,0,2025-02-17,Cancelado
1268,371,46,5,99.9,10,07/01/2025,Cancelado
1269,20,78,4,150.0,10,2025-05-01,Enviado
1270,346,36,4,99.9,0,20/02/2025,Pago
1271,326,82,5,150.0,0,31/01/2025,Cancelado
1272,87,70,4,200.0,0,2025-04-16,Cancelado
1273,86,87,2,150.0,120,2025-01-08,Enviado
1274,283,100,2,200.0,0,16/03/2025,Pago
1275,402,10,1,200.0,10,13/02/2025,Pago
1276,394,36,5,150.0,120,2025-02-17,Cancelado
1277,272,85,3,150.0,0,16/01/2025,Enviado
1278,179,83,4,200.0,0,2025-03-30,Cancelado
1279,362,21,3,99.9,120,2025-06-13,Pago
1280,227,95,5,200.0,0,2025-01-01,Cancelado
1281,310,13,3,150.0,0,10/02/2025,Pago
1282,442,37,4,150.0,120,18/04/2025,Enviado
1283,291,84,1,150.0,0,28/06/2025,Pago
1284,193,50,5,99.9,10,05/04/2025,Pago
1285,383,55,1,150.0,10,2025-02-16,Pago
1286,323,67,2,99.9,0,11/06/2025,Enviado
1287,237,73,3,150.0,0,27/04/2025,Cancelado
1288,257,83,1,200.0,0,09/04/2025,Enviado
1289,362,58,1,200.0,10,2025-03-16,Pago
1290,326,97,2,200.0,10,2025-05-03,Enviado
1291,173,63,3,150.0,120,07/05/2025,Pago
1292,206,39,1,200.0,0,22/03/2025,Enviado
1293,150,28,4,99.9,10,05/05/2025,Enviado
1294,394,18,5,200.0,0,2025-06-30,Cancelado
1295,301,72,1,150.0,10,21/01/2025,Enviado
1296,490,82,1,200.0,120,2025-05-22,Pago
1297,58,42,3,200.0,120,27/02/2025,Cancelado
1298,79,85,5,99.9,0,19/01/2025,Enviado
1299,307,27,2,99.9,0,12/05/2025,Cancelado
1300,339,49,4,200.0,120,2025-01-02,Cancelado
1301,271,7,5,99.9,120,2025-04-15,Cancelado
1302,405,17,5,150.0,10,10/01/2025,Cancelado
1303,206,11,5,99.9,120,10/01/2025,Cancelado
1304,147,34,2,99.9,0,09/02/2025,Cancelado
1305,177,41,2,200.0,0,2025-01-23,Pago
1306,359,91,2,200.0,10,2025-04-30,Pago
1307,174,86,4,150.0,10,15/02/2025,Cancelado
1308,312,21,4,200.0,10,02/06/2025,Cancelado
1309,309,49,5,200.0,120,04/04/2025,Pago
1310,259,32,3,200.0,120,08/02/2025,Cancelado
1311,191,5,1,99.9,10,06/04/2025,Pago
1312,241,7,3,200.0,120,2025-06-12,Enviado
1313,409,74,3,150.0,120,07/03/2025,Cancelado
1314,313,27,5,200.0,0,2025-04-16,Enviado
1315,92,27,5,99.9,120,05/01/2025,Enviado
1316,129,10,2,99.9,120,07/02/2025,Pago
1317,153,54,5,99.9,10,2025-01-24,Pago
1318,79,7,2,99.9,120,2025-01-24,Pago
1319,145,58,5,200.0,10,06/05/2025,Enviado
1320,310,18,3,200.0,10,2025-06-28,Pago
1321,370,91,3,200.0,0,05/02/2025,Enviado
1322,311,53,2,150.0,0,2025-04-08,Cancelado
1323,403,81,3,99.9,120,2025-04-16,Pago
1324,90,72,4,150.0,0,30/05/2025,Enviado
1325,473,43,5,99.9,120,2025-03-03,Enviado
1326,224,42,1,99.9,10,2025-02-04,Cancelado
1327,2,53,4,150.0,120,10/03/2025,Pago
1328,267,40,1,99.9,10,26/06/2025,Pago
1329,163,3,1,150.0,0,2025-01-26,Enviado
1330,53,41,4,150.0,0,21/01/2025,Enviado
1331,110,70,5,150.0,0,29/03/2025,Pago
1332,90,85,2,99.9,10,2025-01-14,Cancelado
1333,115,43,3,150.0,10,2025-05-11,Pago
1334,494,11,3,150.0,120,16/02/2025,Pago
1335,328,67,2,200.0,0,2025-01-02,Pago
1336,288,10,3,99.9,0,2025-04-27,Pago
1337,269,95,2,200.0,0,29/01/2025,Cancelado
1338,417,99,2,99.9,10,2025-03-06,Enviado
1338,428,9,4,200.0,0,16/05/2025,Enviado
1340,24,7,2,200.0,0,2025-04-25,Enviado
1341,456,11,3,200.0,10,11/04/2025,Enviado
1342,14,81,2,99.9,10,2025-01-12,Pago
1343,447,31,4,99.9,10,2025-04-11,Enviado
1344,178,18,3,200.0,10,26/01/2025,Pago
1345,86,44,5,150.0,0,18/01/2025,Pago
1346,384,16,3,150.0,0,2025-06-24,Pago
1347,402,22,3,150.0,10,24/02/2025,Pago
1348,109,13,1,200.0,10,22/03/2025,Pago
1349,293,41,1,150.0,0,2025-03-10,Pago
1350,66,91,4,200.0,120,2025-03-01,Cancelado
1351,156,94,2,150.0,0,04/04/2025,Cancelado
1352,31,88,1,150.0,10,2025-04-06,Enviado
1353,243,96,1,150.0,120,2025-02-16,Cancelado
1354,173,20,2,99.9,0,25/05/2025,Cancelado
1355,249,80,1,150.0,10,30/04/2025,Cancelado
1356,385,52,4,150.0,10,2025-01-11,Pago
1357,29,62,3,200.0,0,2025-01-28,Cancelado
1358,390,13,5,99.9,10,17/05/2025,Enviado
1359,217,2,1,150.0,120,2025-06-16,Cancelado
1360,29,76,1,150.0,10,11/05/2025,Cancelado
1361,91,62,3,99.9,0,2025-06-13,Enviado
1362,143,81,4,99.9,120,13/02/2025,Cancelado
1363,492,8,5,99.9,10,2025-02-09,Cancelado
1364,15,72,5,200.0,10,2025-02-26,Cancelado
1365,53,12,3,150.0,10,2025-05-29,Cancelado
1366,366,25,2,150.0,0,24/02/2025,Cancelado
1367,335,48,2,150.0,10,14/03/2025,Cancelado
1368,428,6,5,200.0,0,01/01/2025,Pago
1369,146,82,5,99.9,0,17/04/2025,Cancelado
1370,445,17,3,200.0,0,14/01/2025,Cancelado
1371,406,23,4,150.0,10,14/03/2025,Pago
1372,125,17,1,200.0,10,26/02/2025,Cancelado
1373,407,40,5,200.0,0,18/02/2025,Pago
1374,219,21,5,200.0,10,18/02/2025,Enviado
1375,113,100,5,150.0,120,2025-01-27,Pago
1376,447,100,2,99.9,10,24/06/2025,Enviado
1377,98,24,4,150.0,0,18/03/2025,Pago
1378,436,56,1,150.0,0,2025-05-03,Enviado
1379,156,39,3,150.0,10,08/05/2025,Cancelado
1380,366,19,3,200.0,120,08/05/2025,Cancelado
1381,155,40,2,99.9,120,12/01/2025,Pago
1382,262,24,4,150.0,0,23/05/2025,Pago
1383,26,40,4,99.9,120,2025-04-27,Enviado
1384,225,48,2,150.0,10,2025-04-09,Enviado
1385,359,66,1,200.0,120,2025-06-23,Pago
1386,287,5,2,99.9,10,2025-04-21,Cancelado
1387,222,69,4,200.0,10,2025-02-25,Cancelado
1388,391,60,5,99.9,10,11/01/2025,Enviado
1389,416,41,5,150.0,10,2025-06-23,Cancelado
1390,361,42,4,99.9,10,2025-04-01,Cancelado
1391,245,21,2,150.0,120,26/03/2025,Enviado
1392,376,42,1,99.9,10,25/03/2025,Enviado
1393,480,18,3,150.0,120,21/05/2025,Enviado
1394,415,29,1,150.0,0,2025-06-23,Pago
1395,325,18,5,200.0,0,08/05/2025,Pago
1396,18,62,2,99.9,10,2025-01-05,Cancelado
1397,355,34,4,99.9,0,2025-06-17,Pago
1398,138,90,5,200.0,10,06/05/2025,Pago
1399,327,9,2,200.0,10,2025-04-24,Pago
1400,293,1,5,150.0,120,05/06/2025,Enviado
1401,24,77,2,99.9,0,26/03/2025,Pago
1402,37,7,3,99.9,0,02/03/2025,Pago
1403,230,98,5,150.0,10,12/06/2025,Cancelado
1404,107,8,2,150.0,120,09/02/2025,Cancelado
1405,197,18,5,99.9,10,2025-06-11,Cancelado
1406,420,5,4,150.0,10,2025-03-06,Cancelado
1407,134,67,2,200.0,0,2025-04-06,Enviado
1408,218,38,2,99.9,0,03/04/2025,Pago
1409,258,68,2,200.0,0,24/03/2025,Pago
1410,154,95,2,150.0,120,17/05/2025,Pago
1411,454,3,3,200.0,120,19/02/2025,Pago
1412,458,11,3,150.0,0,09/04/2025,Pago
1413,353,30,2,99.9,0,2025-02-25,Enviado
1414,244,56,2,150.0,10,2025-01-09,Pago
1415,177,44,1,99.9,10,2025-05-29,Enviado
1416,184,89,2,150.0,0,2025-01-24,Enviado
1417,157,98,4,150.0,0,2025-05-14,Cancelado
1418,298,61,5,99.9,120,2025-02-24,Enviado
1419,424,81,4,200.0,10,2025-05-10,Enviado
1420,362,14,3,200.0,120,11/03/2025,Enviado
1421,255,80,4,150.0,120,18/03/2025,Enviado
1422,403,7,4,150.0,10,07/01/2025,Pago
1423,96,92,4,99.9,0,2025-06-06,Enviado
1424,312,54,2,150.0,0,05/05/2025,Pago
1425,20,61,1,99.9,0,12/04/2025,Pago
1426,486,24,4,200.0,10,14/06/2025,Cancelado
1427,125,26,4,99.9,120,11/05/2025,Enviado
1428,79,31,4,99.9,10,11/01/2025,Cancelado
1429,102,39,2,200.0,120,2025-06-12,Cancelado
1430,348,59,2,200.0,10,14/05/2025,Enviado
1431,262,60,3,99.9,0,19/06/2025,Pago
1432,265,89,4,150.0,120,06/03/2025,Cancelado
1433,369,15,4,200.0,10,20/04/2025,Pago
1434,380,36,5,150.0,10,28/03/2025,Enviado
1435,358,21,4,200.0,120,2025-04-24,Enviado
1436,447,65,1,150.0,10,2025-05-08,Enviado
1437,448,92,5,99.9,120,2025-03-16,Cancelado
1438,160,41,4,99.9,10,2025-01-10,Cancelado
1439,419,46,3,200.0,0,26/03/2025,Cancelado
1440,21,45,4,150.0,0,2025-05-12,Enviado
1441,363,82,5,200.0,0,2025-01-20,Enviado
1442,73,64,1,99.9,0,06/05/2025,Pago
1443,288,10,1,99.9,120,2025-02-03,Pago
1444,160,38,3,99.9,10,2025-01-25,Cancelado
1445,65,48,2,200.0,10,22/05/2025,Cancelado
1446,75,79,3,150.0,0,2025-04-25,Cancelado
1447,407,86,2,200.0,120,24/02/2025,Pago
1448,469,3,2,200.0,0,2025-06-04,Enviado
1449,238,85,5,200.0,10,2025-06-11,Enviado
1450,429,86,1,99.9,120,2025-05-11,Cancelado
1451,307,50,4,150.0,10,2025-03-24,Cancelado
1452,302,55,5,200.0,0,10/04/2025,Enviado
1453,442,91,5,200.0,10,2025-05-15,Enviado
1454,463,96,5,150.0,0,2025-05-24,Cancelado
1455,156,82,1,200.0,10,2025-02-11,Cancelado
1456,131,41,5,200.0,120,08/06/2025,Enviado
1457,1,52,1,150.0,120,25/02/2025,Pago
1458,351,51,5,150.0,10,17/03/2025,Enviado
1459,124,80,5,150.0,0,22/05/2025,Enviado
1460,465,56,3,99.9,0,2025-03-05,Cancelado
1461,428,89,2,150.0,120,14/05/2025,Enviado
1462,474,70,2,200.0,0,11/04/2025,Cancelado
1463,75,29,5,200.0,10,27/06/2025,Enviado
1464,466,84,5,99.9,0,2025-04-17,Cancelado
1465,312,2,2,99.9,0,15/04/2025,Pago
1466,103,90,3,150.0,120,18/04/2025,Cancelado
1467,397,48,5,99.9,0,28/04/2025,Pago
1468,97,76,1,150.0,0,06/04/2025,Pago
1469,439,4,4,99.9,120,2025-06-26,Pago
1470,483,21,2,150.0,0,29/06/2025,Cancelado
1471,221,39,4,99.9,120,01/04/2025,Pago
1472,256,7,4,150.0,10,2025-01-23,Pago
1473,23,6,2,150.0,0,20/04/2025,Enviado
1474,336,71,2,200.0,10,2025-03-23,Enviado
1475,436,70,4,150.0,120,06/05/2025,Cancelado
1476,24,1,4,99.9,0,2025-05-02,Pago
1477,351,1,5,150.0,0,2025-05-12,Cancelado
1478,337,72,4,200.0,0,12/06/2025,Cancelado
1479,479,16,4,200.0,0,22/05/2025,Cancelado
1480,369,68,5,99.9,10,29/05/2025,Cancelado
1481,495,65,4,200.0,120,10/05/2025,Pago
1482,486,86,3,99.9,10,15/06/2025,Pago
1483,276,38,4,150.0,120,15/02/2025,Cancelado
1484,235,67,1,200.0,120,14/03/2025,Pago
1485,403,2,3,200.0,10,08/04/2025,Cancelado
1486,88,98,3,200.0,10,2025-03-24,Pago
1487,287,93,2,150.0,0,20/04/2025,Cancelado
1488,54,84,1,200.0,10,28/05/2025,Enviado
1489,7,44,3,150.0,0,12/04/2025,Cancelado
1490,173,44,3,200.0,120,2025-06-12,Cancelado
1491,46,28,5,99.9,120,01/05/2025,Cancelado
1492,118,83,2,99.9,0,2025-02-03,Enviado
1493,424,3,5,200.0,10,27/04/2025,Cancelado
1494,493,16,1,150.0,0,2025-05-28,Cancelado
1495,35,40,2,99.9,10,2025-05-23,Pago
1496,463,56,1,99.9,10,2025-04-02,Enviado
1497,306,55,5,150.0,0,10/05/2025,Enviado
1498,177,67,1,200.0,0,2025-02-01,Enviado
1499,222,36,4,150.0,120,09/06/2025,Cancelado
1500,428,51,4,150.0,0,21/05/2025,Cancelado
1501,69,100,3,99.9,10,2025-01-07,Enviado
1502,206,44,3,99.9,0,2025-04-19,Cancelado
1503,67,72,1,99.9,0,10/03/2025,Cancelado
1504,314,80,2,99.9,0,2025-04-12,Cancelado
1505,148,26,3,99.9,0,17/06/2025,Cancelado
1506,384,23,3,200.0,120,23/03/2025,Pago
1507,398,97,4,150.0,10,28/02/2025,Cancelado
1508,203,92,4,99.9,0,15/01/2025,Pago
1509,296,46,3,200.0,10,21/06/2025,Cancelado
1509,352,2,1,150.0,10,03/06/2025,Cancelado
1511,454,63,3,200.0,120,20/03/2025,Pago
1512,39,8,2,150.0,120,18/01/2025,Cancelado
1513,305,23,1,150.0,120,2025-05-22,Cancelado
1514,463,3,3,200.0,0,19/01/2025,Pago
1515,351,21,2,99.9,120,2025-04-20,Cancelado
1516,133,77,1,150.0,0,2025-04-26,Cancelado
1516,57,66,2,99.9,10,22/06/2025,Pago
1518,318,25,5,150.0,120,04/04/2025,Pago
1519,282,85,3,150.0,120,2025-02-22,Enviado
1520,121,39,3,150.0,0,11/03/2025,Enviado
1521,379,78,2,200.0,10,29/05/2025,Pago
1522,448,21,2,99.9,0,2025-02-28,Enviado
1523,132,85,4,99.9,10,2025-02-10,Cancelado
1524,338,60,1,99.9,10,05/01/2025,Pago
1525,334,40,4,200.0,120,2025-02-14,Pago
1526,241,98,4,99.9,10,2025-06-22,Pago
1527,167,56,3,99.9,120,2025-05-26,Cancelado
1528,371,69,3,99.9,120,03/04/2025,Enviado
1529,101,69,1,150.0,0,2025-02-02,Pago
1530,164,19,3,200.0,120,05/06/2025,Cancelado
1531,370,71,3,99.9,10,03/04/2025,Pago
1532,372,51,2,200.0,120,2025-06-30,Cancelado
1533,349,83,1,99.9,10,29/01/2025,Enviado
1534,315,69,4,200.0,120,2025-06-13,Enviado
1535,240,33,5,99.9,10,2025-02-19,Pago
1536,425,90,4,200.0,10,2025-01-29,Cancelado
1537,400,32,2,150.0,0,26/01/2025,Enviado
1538,287,80,1,200.0,0,2025-03-05,Enviado
1539,137,98,1,200.0,10,2025-04-05,Pago
1540,431,45,1,150.0,0,09/06/2025,Enviado
1541,262,9,1,200.0,0,15/04/2025,Enviado
1542,192,68,2,150.0,120,24/02/2025,Pago
1543,432,85,3,200.0,10,2025-01-27,Pago
1544,93,39,4,150.0,0,2025-01-17,Pago
1545,325,10,3,99.9,0,2025-04-27,Cancelado
1546,293,40,1,99.9,120,2025-06-04,Enviado
1547,374,47,2,200.0,120,2025-02-23,Cancelado
1548,209,42,3,150.0,120,30/06/2025,Cancelado
1549,82,12,2,99.9,0,2025-05-11,Pago
1550,341,31,4,200.0,10,20/04/2025,Pago
1551,132,64,4,99.9,10,2025-05-26,Cancelado
1552,447,64,4,99.9,120,19/06/2025,Pago
1553,456,87,4,99.9,10,02/02/2025,Cancelado
1554,248,86,4,150.0,0,2025-04-02,Enviado
1555,308,16,3,150.0,120,2025-04-05,Enviado
1556,374,6,1,99.9,120,31/05/2025,Cancelado
1557,166,80,2,150.0,10,16/01/2025,Pago
1558,124,56,5,150.0,120,2025-01-13,Pago
1559,251,92,3,99.9,0,2025-05-10,Cancelado
1560,113,60,5,200.0,120,2025-04-04,Pago
1561,233,20,3,99.9,0,08/02/2025,Cancelado
1562,270,81,2,99.9,120,2025-01-28,Cancelado
1563,388,36,2,200.0,10,24/04/2025,Enviado
1564,94,90,3,150.0,0,2025-03-03,Cancelado
1565,45,85,3,99.9,0,2025-06-12,Pago
1566,74,88,1,200.0,0,15/05/2025,Enviado
1567,74,32,4,150.0,120,12/04/2025,Enviado
1568,387,13,1,150.0,10,30/01/2025,Cancelado
1569,457,16,2,99.9,0,2025-03-28,Cancelado
1570,23,56,5,99.9,10,2025-01-23,Cancelado
1571,473,30,1,99.9,0,30/06/2025,Enviado
1572,173,96,1,99.9,0,18/06/2025,Cancelado
1573,362,33,5,99.9,10,2025-04-12,Cancelado
1574,308,99,5,99.9,120,2025-06-05,Pago
1575,162,53,4,200.0,0,05/04/2025,Cancelado
1576,227,17,3,150.0,120,2025-03-28,Cancelado
1577,158,64,1,99.9,0,02/01/2025,Pago
1578,388,40,1,99.9,10,2025-03-04,Pago
1579,225,57,3,99.9,120,12/06/2025,Cancelado
1580,77,31,1,150.0,0,2025-03-06,Pago
1581,30,21,1,99.9,120,2025-01-01,Cancelado
1582,57,74,2,200.0,10,2025-06-10,Pago
1583,255,38,5,99.9,0,04/03/2025,Cancelado
1584,354,32,4,99.9,120,2025-06-28,Pago
1585,367,22,3,99.9,0,2025-02-24,Cancelado
1586,289,10,5,99.9,120,2025-03-02,Cancelado
1587,444,67,1,200.0,0,2025-01-22,Cancelado
1588,206,41,3,200.0,120,07/05/2025,Cancelado
1589,114,37,3,150.0,0,2025-01-08,Enviado
1590,473,34,1,99.9,120,26/01/2025,Pago
1591,288,90,4,150.0,10,24/02/2025,Enviado
1592,310,41,3,99.9,120,09/01/2025,Pago
1593,480,45,1,200.0,10,2025-01-19,Pago
1594,259,32,3,200.0,10,10/05/2025,Enviado
1595,133,62,1,200.0,0,07/01/2025,Cancelado
1596,200,91,3,99.9,10,06/02/2025,Cancelado
1597,465,27,5,150.0,10,28/02/2025,Pago
1598,298,11,4,99.9,120,20/03/2025,Pago
1599,360,76,3,150.0,120,19/01/2025,Cancelado
1600,177,72,1,150.0,10,29/04/2025,Cancelado
1601,430,31,3,150.0,10,2025-01-28,Pago
1602,98,96,1,150.0,0,13/04/2025,Cancelado
1603,441,27,5,150.0,10,14/01/2025,Enviado
1604,229,96,3,150.0,0,2025-03-26,Pago
1605,278,81,1,200.0,10,16/06/2025,Pago
1606,397,2,1,150.0,10,11/03/2025,Enviado
1607,232,84,2,150.0,0,2025-06-04,Cancelado
1608,145,53,3,99.9,120,24/04/2025,Pago
1609,112,82,4,99.9,120,28/02/2025,Enviado
1610,351,35,5,150.0,0,24/03/2025,Pago
1611,85,39,4,99.9,10,2025-05-21,Pago
1612,476,92,5,200.0,10,2025-05-01,Enviado
1613,130,39,3,150.0,120,2025-04-03,Enviado
1614,3,41,4,200.0,120,10/03/2025,Cancelado
1615,388,15,4,99.9,10,28/04/2025,Enviado
1616,48,69,2,150.0,10,15/06/2025,Cancelado
1617,13,26,3,200.0,0,18/02/2025,Enviado
1618,231,27,1,200.0,0,2025-02-14,Pago
1619,385,68,1,150.0,120,2025-01-24,Pago
1620,308,12,2,99.9,0,03/06/2025,Enviado
1621,207,100,3,200.0,10,20/03/2025,Enviado
1622,250,46,3,200.0,0,16/03/2025,Pago
1623,329,29,3,150.0,10,2025-04-30,Pago
1624,251,28,2,150.0,10,24/01/2025,Enviado
1625,375,27,4,99.9,120,06/03/2025,Cancelado
1626,340,82,5,99.9,10,22/02/2025,Enviado
1627,460,97,4,99.9,0,2025-03-26,Cancelado
1628,334,7,1,200.0,0,04/01/2025,Enviado
1629,423,96,1,150.0,10,12/06/2025,Enviado
1630,397,64,5,99.9,10,2025-02-05,Pago
1631,86,21,4,150.0,0,2025-03-27,Cancelado
1632,72,55,2,150.0,10,2025-04-27,Cancelado
1633,399,38,1,150.0,10,27/04/2025,Enviado
1634,125,17,3,99.9,0,2025-05-27,Enviado
1635,148,14,3,99.9,10,2025-06-23,Enviado
1636,31,34,2,150.0,0,09/02/2025,Cancelado
1637,157,8,1,99.9,10,31/05/2025,Enviado
1638,392,25,1,200.0,0,2025-06-21,Cancelado
1639,133,7,3,200.0,120,22/03/2025,Pago
1640,33,16,1,150.0,10,19/01/2025,Enviado
1641,462,91,1,99.9,10,20/03/2025,Pago
1642,4,68,5,200.0,0,2025-03-15,Pago
1643,114,33,2,200.0,0,2025-05-22,Enviado
1644,201,86,4,200.0,10,04/03/2025,Pago
1645,49,52,5,200.0,0,23/01/2025,Cancelado
1646,369,82,4,150.0,0,2025-05-16,Cancelado
1647,14,42,2,150.0,0,2025-04-21,Cancelado
1648,353,2,2,200.0,10,30/04/2025,Cancelado
1649,118,12,2,99.9,0,07/01/2025,Cancelado
1650,76,61,5,200.0,10,2025-01-28,Cancelado
1651,67,7,2,200.0,120,2025-02-10,Cancelado
1652,31,19,2,150.0,120,13/02/2025,Enviado
1653,454,20,4,150.0,120,2025-02-28,Enviado
1654,271,14,3,99.9,0,2025-06-14,Cancelado
1655,276,94,5,200.0,120,03/05/2025,Pago
1656,260,25,1,99.9,120,2025-02-05,Cancelado
1657,4,16,2,200.0,0,2025-04-30,Enviado
1658,357,42,3,99.9,120,2025-05-09,Enviado
1659,135,46,3,99.9,10,30/01/2025,Enviado
1660,83,42,2,99.9,0,24/03/2025,Cancelado
1661,362,100,5,200.0,10,2025-03-29,Cancelado
1662,358,78,5,150.0,10,01/04/2025,Pago
1663,242,31,4,200.0,120,15/05/2025,Cancelado
1664,306,25,3,200.0,120,2025-02-28,Enviado
1665,321,36,3,200.0,10,30/03/2025,Cancelado
1666,216,97,4,150.0,120,2025-01-16,Pago
1667,217,12,2,150.0,10,21/06/2025,Cancelado
1668,300,99,5,99.9,10,11/03/2025,Pago
1669,140,82,3,99.9,0,12/02/2025,Cancelado
1670,203,43,2,150.0,120,2025-01-27,Pago
1671,181,76,3,200.0,120,29/06/2025,Pago
1672,355,12,5,150.0,0,12/03/2025,Enviado
1673,124,2,1,200.0,0,2025-05-03,Pago
1674,259,99,2,150.0,0,2025-01-05,Enviado
1675,70,47,5,200.0,120,2025-06-18,Enviado
1676,166,69,5,200.0,10,05/01/2025,Cancelado
1677,40,28,5,150.0,0,02/05/2025,Pago
1678,263,54,1,99.9,10,05/03/2025,Cancelado
1679,451,30,4,99.9,120,2025-03-20,Pago
1680,248,80,4,150.0,10,2025-05-12,Cancelado
1681,147,66,5,200.0,10,09/05/2025,Pago
1682,445,11,1,200.0,10,01/05/2025,Pago
1683,239,29,1,200.0,120,03/03/2025,Enviado
1684,23,27,1,150.0,120,2025-01-01,Cancelado
1685,61,50,1,150.0,120,2025-04-26,Enviado
1686,408,11,5,99.9,10,31/01/2025,Cancelado
1687,112,43,3,99.9,120,2025-04-18,Cancelado
1688,498,32,1,150.0,120,2025-05-08,Cancelado
1689,299,47,1,150.0,10,2025-01-23,Enviado
1690,52,29,1,150.0,120,17/05/2025,Pago
1691,220,94,2,99.9,10,2025-04-22,Pago
1692,316,57,4,200.0,10,2025-05-01,Enviado
1693,231,25,5,150.0,120,05/02/2025,Pago
1694,165,86,2,150.0,120,18/05/2025,Cancelado
1695,481,55,3,150.0,120,15/05/2025,Cancelado
1696,423,92,4,150.0,10,2025-06-27,Pago
1697,408,45,2,150.0,10,2025-02-17,Cancelado
1698,116,81,1,150.0,120,21/03/2025,Cancelado
1699,268,28,3,150.0,120,12/05/2025,Cancelado
1700,213,33,2,99.9,120,2025-03-13,Enviado
1701,115,31,3,99.9,10,2025-04-08,Pago
1702,252,78,4,150.0,10,23/01/2025,Cancelado
1703,488,99,3,99.9,120,04/03/2025,Cancelado
1704,441,88,2,150.0,10,15/02/2025,Pago
1705,171,97,3,99.9,0,21/02/2025,Cancelado
1705,321,65,4,150.0,10,26/04/2025,Pago
1707,133,67,3,150.0,0,05/02/2025,Pago
1708,282,99,1,200.0,120,2025-06-10,Pago
1709,291,5,2,150.0,120,2025-04-14,Cancelado
1710,408,69,5,200.0,10,2025-03-04,Enviado
1711,394,25,3,150.0,120,24/02/2025,Pago
1712,155,52,5,150.0,120,2025-01-14,Enviado
1713,248,11,1,150.0,0,2025-04-10,Cancelado
1714,36,70,2,99.9,10,2025-03-26,Cancelado
1715,65,76,5,150.0,10,2025-05-30,Enviado
1716,142,26,1,200.0,120,2025-05-09,Enviado
1717,263,82,1,150.0,10,2025-06-07,Pago
1718,278,49,1,99.9,10,19/06/2025,Enviado
1719,304,90,5,150.0,0,09/04/2025,Pago
1720,137,37,5,99.9,10,16/01/2025,Enviado
1721,371,19,1,200.0,10,2025-03-17,Pago
1722,167,5,1,150.0,10,2025-03-01,Enviado
1723,48,4,1,150.0,10,2025-06-03,Enviado
1724,463,87,5,200.0,10,03/02/2025,Enviado
1725,32,21,2,99.9,10,26/01/2025,Enviado
1726,82,82,5,99.9,0,2025-06-23,Enviado
1727,361,78,5,200.0,0,2025-06-13,Cancelado
1728,93,89,5,150.0,10,2025-05-03,Pago
1729,36,65,4,200.0,0,2025-06-11,Pago
1730,172,28,3,150.0,10,2025-01-21,Enviado
1731,27,18,4,200.0,10,2025-03-22,Cancelado
1732,463,19,5,150.0,10,30/01/2025,Enviado
1732,68,64,4,200.0,120,02/06/2025,Pago
1734,251,12,3,99.9,0,2025-04-04,Cancelado
1735,244,61,3,200.0,120,2025-05-12,Pago
1736,412,66,5,150.0,0,2025-05-23,Enviado
1737,148,32,4,200.0,0,2025-06-29,Cancelado
1738,227,78,5,99.9,0,2025-02-27,Pago
1739,48,34,1,99.9,120,15/03/2025,Cancelado
1740,176,12,5,150.0,120,15/05/2025,Cancelado
1741,463,9,4,99.9,120,2025-01-01,Enviado
1742,421,95,2,150.0,120,2025-05-14,Cancelado
1743,170,42,5,150.0,0,07/03/2025,Enviado
1744,471,42,5,150.0,0,2025-03-07,Pago
1745,41,33,5,99.9,120,15/01/2025,Cancelado
1746,446,10,3,99.9,120,2025-05-27,Cancelado
1747,424,26,2,200.0,10,05/03/2025,Cancelado
1748,307,18,3,150.0,0,07/06/2025,Cancelado
1749,377,2,1,99.9,120,2025-04-18,Enviado
1750,159,70,5,200.0,0,2025-02-07,Pago
1751,93,33,4,150.0,10,2025-03-02,Enviado
1752,61,15,3,200.0,10,29/03/2025,Pago
1753,350,9,4,150.0,0,2025-06-13,Pago
1754,307,83,4,99.9,10,18/01/2025,Cancelado
1755,492,40,1,200.0,120,30/06/2025,Cancelado
1756,289,52,3,200.0,0,2025-04-25,Pago
1757,122,31,5,200.0,120,2025-06-27,Enviado
1758,96,49,5,99.9,0,19/01/2025,Enviado
1759,81,82,2,200.0,0,2025-01-29,Enviado
1760,408,80,5,150.0,120,02/04/2025,Pago
1761,102,73,3,200.0,10,20/04/2025,Cancelado
1762,107,83,3,200.0,120,13/02/2025,Enviado
1763,58,97,1,150.0,0,2025-01-29,Pago
1764,250,40,1,150.0,0,2025-03-24,Cancelado
1765,142,71,4,99.9,120,2025-01-01,Cancelado
1766,50,70,1,150.0,0,07/02/2025,Pago
1767,89,36,4,150.0,120,2025-01-09,Pago
1768,86,90,5,99.9,10,2025-02-11,Enviado
1768,227,88,1,150.0,120,2025-02-25,Pago
1770,378,72,5,200.0,120,25/04/2025,Enviado
1771,299,57,3,200.0,120,19/01/2025,Cancelado
1772,265,60,2,200.0,10,09/06/2025,Enviado
1773,43,88,3,99.9,0,2025-01-04,Pago
1774,67,3,5,200.0,120,26/04/2025,Enviado
1775,165,75,5,99.9,10,13/04/2025,Pago
1776,440,28,4,150.0,120,2025-04-15,Pago
1777,139,36,3,200.0,0,28/01/2025,Pago
1778,83,95,1,150.0,0,2025-02-20,Cancelado
1779,129,55,3,200.0,0,11/05/2025,Pago
1780,200,6,3,150.0,10,2025-02-10,Cancelado
1781,88,87,2,99.9,0,18/04/2025,Pago
1782,79,5,5,99.9,10,19/03/2025,Cancelado
1783,118,49,5,99.9,10,13/04/2025,Cancelado
1784,109,5,4,99.9,120,2025-05-12,Cancelado
1785,339,30,3,99.9,10,02/01/2025,Pago
1786,493,71,2,200.0,10,29/03/2025,Enviado
1787,136,65,3,99.9,120,20/03/2025,Enviado
1788,424,88,2,200.0,10,2025-03-10,Enviado
1789,467,15,3,150.0,120,2025-06-17,Pago
1790,160,90,2,150.0,10,2025-04-19,Pago
1791,32,66,5,200.0,10,2025-01-11,Cancelado
1792,487,74,1,200.0,10,19/01/2025,Pago
1793,297,29,1,150.0,10,2025-05-06,Enviado
1794,131,20,2,99.9,10,06/02/2025,Pago
1795,50,19,2,150.0,120,17/01/2025,Cancelado
1796,260,66,2,200.0,120,2025-03-30,Cancelado
1797,400,18,4,200.0,120,2025-05-07,Enviado
1798,499,6,5,200.0,10,02/05/2025,Enviado
1799,28,54,4,99.9,120,26/03/2025,Pago
1800,466,37,3,99.9,120,16/06/2025,Cancelado
1801,497,57,3,99.9,0,2025-03-21,Enviado
1802,154,24,3,200.0,10,16/02/2025,Enviado
1803,367,71,2,150.0,10,13/05/2025,Pago
1804,428,70,2,200.0,0,2025-03-07,Cancelado
1805,116,51,3,200.0,10,25/02/2025,Enviado
1806,93,72,5,200.0,0,2025-01-05,Enviado
1807,246,53,4,150.0,10,02/01/2025,Pago
1808,434,14,5,150.0,0,2025-03-31,Pago
1809,425,49,3,150.0,10,30/04/2025,Pago
1809,116,19,2,150.0,120,2025-06-04,Cancelado
1811,415,6,2,99.9,120,2025-01-04,Enviado
1812,154,61,5,200.0,10,20/06/2025,Pago
1813,405,80,5,150.0,0,03/05/2025,Enviado
1814,161,16,5,99.9,0,2025-03-13,Cancelado
1815,38,67,1,200.0,120,2025-03-11,Enviado
1816,28,47,5,99.9,0,20/05/2025,Pago
1817,312,41,3,150.0,120,2025-03-06,Cancelado
1817,178,20,3,150.0,120,11/06/2025,Enviado
1819,413,77,5,150.0,10,15/04/2025,Cancelado
1820,457,16,5,200.0,120,2025-01-26,Cancelado
1821,343,99,5,150.0,10,2025-02-09,Cancelado
1822,182,10,1,150.0,0,21/03/2025,Enviado
1823,54,59,3,150.0,120,2025-03-10,Cancelado
1824,375,100,2,150.0,0,2025-03-19,Pago
1825,230,53,5,200.0,120,2025-06-04,Cancelado
1826,439,81,5,150.0,10,18/02/2025,Cancelado
1827,123,6,3,200.0,120,2025-04-03,Cancelado
1828,213,15,4,200.0,120,27/02/2025,Pago
1829,451,87,5,99.9,0,19/01/2025,Enviado
1830,160,31,3,99.9,120,2025-04-05,Pago
1831,352,66,5,99.9,10,13/04/2025,Enviado
1832,48,53,5,200.0,0,15/06/2025,Pago
1833,57,10,2,200.0,120,27/02/2025,Enviado
1834,438,54,1,99.9,0,2025-03-23,Enviado
1835,162,90,5,150.0,0,05/06/2025,Enviado
1836,386,63,4,200.0,0,16/06/2025,Pago
1837,74,48,1,99.9,120,2025-06-08,Pago
1838,271,100,3,200.0,120,2025-05-12,Enviado
1839,445,96,3,99.9,10,2025-05-06,Cancelado
1840,118,90,2,99.9,120,04/06/2025,Pago
1841,258,15,5,200.0,10,01/04/2025,Cancelado
1842,279,46,5,200.0,0,11/03/2025,Enviado
1843,346,70,1,99.9,10,22/05/2025,Enviado
1844,290,81,1,200.0,10,17/02/2025,Pago
1845,390,90,1,150.0,0,04/03/2025,Pago
1846,438,39,2,99.9,120,2025-03-26,Cancelado
1847,237,16,4,99.9,0,2025-05-30,Pago
1848,274,82,2,200.0,0,2025-01-11,Enviado
1849,380,52,5,150.0,120,2025-06-05,Enviado
1850,455,91,4,99.9,10,2025-06-19,Cancelado
1851,319,7,2,200.0,120,2025-01-02,Cancelado
1852,177,17,1,200.0,0,2025-03-04,Cancelado
1853,145,84,1,99.9,0,13/06/2025,Cancelado
1854,213,13,5,99.9,120,2025-04-20,Cancelado
1855,103,88,2,99.9,0,2025-06-01,Pago
1856,375,12,4,200.0,0,2025-04-14,Enviado
1857,424,3,3,150.0,10,2025-04-27,Enviado
1858,316,29,4,99.9,10,2025-06-13,Pago
1859,335,40,1,150.0,120,2025-02-07,Cancelado
1860,18,97,1,150.0,10,2025-02-16,Enviado
1861,376,57,3,99.9,10,29/05/2025,Cancelado
1862,344,30,4,99.9,0,23/03/2025,Cancelado
1863,22,54,4,99.9,10,03/03/2025,Cancelado
1864,92,23,4,150.0,10,2025-06-01,Cancelado
1865,122,49,5,150.0,0,15/03/2025,Cancelado
1866,41,61,4,150.0,120,2025-06-20,Pago
1867,142,37,2,99.9,10,2025-01-07,Pago
1868,2,5,3,99.9,0,08/04/2025,Cancelado
1869,249,30,3,200.0,120,22/05/2025,Pago
1870,100,22,1,150.0,10,07/01/2025,Cancelado
1871,188,80,2,99.9,10,2025-05-11,Enviado
1872,187,64,1,99.9,10,13/02/2025,Enviado
1873,424,63,4,99.9,10,2025-05-24,Pago
1874,373,78,1,150.0,0,2025-05-27,Pago
1875,283,6,4,99.9,120,2025-01-22,Pago
1876,12,60,1,200.0,0,2025-01-22,Pago
1877,139,17,4,99.9,10,02/06/2025,Enviado
1878,373,16,5,200.0,120,2025-03-25,Enviado
1879,460,41,5,200.0,0,2025-01-13,Cancelado
1880,412,69,3,150.0,0,26/04/2025,Pago
1881,231,75,1,200.0,10,28/02/2025,Enviado
1882,164,62,1,150.0,120,21/02/2025,Cancelado
1883,244,89,4,99.9,0,2025-05-29,Pago
1884,170,83,5,200.0,0,2025-03-09,Enviado
1885,335,3,1,200.0,0,21/01/2025,Pago
1886,61,24,5,200.0,10,2025-06-13,Cancelado
1887,334,69,1,99.9,120,08/04/2025,Cancelado
1888,296,65,3,99.9,120,05/05/2025,Pago
1889,14,15,4,150.0,0,2025-06-19,Pago
1890,335,95,3,200.0,120,06/02/2025,Pago
1891,49,51,3,150.0,10,02/01/2025,Cancelado
1892,42,58,4,99.9,120,27/06/2025,Cancelado
1893,280,64,2,200.0,0,19/06/2025,Enviado
1894,139,19,2,200.0,10,2025-01-29,Enviado
1895,498,9,5,200.0,120,2025-06-11,Cancelado
1896,192,10,2,99.9,10,12/02/2025,Pago
1897,287,6,1,200.0,0,19/06/2025,Pago
1898,468,76,5,99.9,10,2025-02-14,Enviado
1899,26,85,4,200.0,0,24/04/2025,Enviado
1900,446,80,5,150.0,10,13/02/2025,Cancelado
1901,224,12,2,200.0,10,27/02/2025,Cancelado
1902,39,89,1,150.0,120,20/02/2025,Cancelado
1903,363,25,1,150.0,0,07/04/2025,Cancelado
1904,486,86,3,150.0,120,2025-06-14,Cancelado
1905,463,91,5,150.0,120,03/03/2025,Pago
1906,434,66,4,99.9,0,04/04/2025,Cancelado
1907,248,32,4,200.0,120,2025-06-10,Pago
1908,495,45,5,150.0,0,22/05/2025,Pago
1909,327,49,3,150.0,0,2025-03-23,Pago
1910,57,59,4,150.0,10,2025-01-11,Pago
1911,238,4,1,200.0,120,2025-01-28,Enviado
1912,460,51,3,150.0,120,18/03/2025,Enviado
1913,175,35,2,150.0,120,19/04/2025,Enviado
1914,300,12,1,200.0,10,16/03/2025,Cancelado
1915,395,23,1,99.9,120,2025-02-21,Pago
1916,118,53,5,200.0,0,02/01/2025,Cancelado
1917,356,96,3,200.0,10,02/06/2025,Enviado
1918,360,26,4,99.9,0,2025-06-07,Cancelado
1919,177,57,3,200.0,10,01/01/2025,Enviado
1920,48,58,4,99.9,120,2025-02-26,Cancelado
1921,439,47,4,99.9,10,2025-01-19,Cancelado
1922,482,66,4,99.9,10,20/04/2025,Enviado
1923,410,6,1,99.9,10,2025-06-07,Cancelado
1924,193,26,5,200.0,10,09/06/2025,Cancelado
1925,234,89,5,99.9,120,22/01/2025,Pago
1926,50,48,4,150.0,120,2025-01-08,Pago
1927,114,92,3,200.0,0,2025-01-19,Enviado
1928,20,70,1,150.0,0,25/03/2025,Enviado
1929,291,57,5,99.9,10,20/04/2025,Cancelado
1930,469,1,3,200.0,120,03/04/2025,Pago
1931,439,38,2,99.9,10,06/05/2025,Enviado
1932,205,95,4,99.9,0,2025-03-29,Cancelado
1933,366,6,4,150.0,0,2025-03-06,Enviado
1934,302,91,4,200.0,10,09/06/2025,Enviado
1935,477,32,1,150.0,120,2025-06-11,Cancelado
1936,476,22,1,200.0,0,2025-05-12,Enviado
1937,204,37,5,99.9,10,15/03/2025,Cancelado
1938,475,40,5,150.0,10,2025-04-19,Cancelado
1939,260,93,5,200.0,10,10/06/2025,Pago
1940,484,65,2,150.0,120,05/04/2025,Enviado
1941,470,74,4,99.9,120,19/04/2025,Enviado
1942,455,3,4,99.9,10,14/02/2025,Cancelado
1943,71,94,2,99.9,120,2025-04-24,Pago
1944,60,39,5,150.0,0,2025-02-20,Enviado
1945,111,96,1,150.0,120,22/04/2025,Pago
1946,434,74,3,200.0,120,30/04/2025,Pago
1947,358,71,5,200.0,0,16/02/2025,Cancelado
1948,267,16,2,200.0,120,13/02/2025,Cancelado
1949,355,42,3,99.9,10,04/05/2025,Cancelado
1950,486,61,2,150.0,0,18/01/2025,Enviado
1951,147,65,2,99.9,10,12/06/2025,Cancelado
1952,84,3,2,150.0,10,10/03/2025,Pago
1953,176,26,4,99.9,10,12/04/2025,Enviado
1954,115,18,2,200.0,10,03/03/2025,Enviado
1955,478,38,3,200.0,10,2025-06-16,Pago
1956,465,87,1,200.0,10,2025-04-10,Cancelado
1957,435,36,1,200.0,10,2025-01-22,Enviado
1958,205,90,4,150.0,120,07/06/2025,Enviado
1959,141,69,5,150.0,10,19/05/2025,Enviado
1960,243,59,2,99.9,10,2025-06-02,Enviado
1961,152,98,1,99.9,0,2025-03-20,Enviado
1962,122,25,5,99.9,0,23/01/2025,Pago
1963,418,39,4,99.9,120,2025-02-13,Enviado
1964,155,71,4,99.9,10,25/06/2025,Enviado
1965,391,17,1,150.0,0,31/05/2025,Enviado
1966,331,76,2,200.0,120,18/03/2025,Cancelado
1967,269,50,2,150.0,0,25/01/2025,Pago
1968,474,11,4,99.9,10,14/04/2025,Enviado
1969,57,45,3,150.0,0,2025-05-15,Pago
1970,402,62,2,150.0,10,23/05/2025,Enviado
1971,310,59,3,150.0,120,15/03/2025,Pago
1972,353,15,5,99.9,10,2025-06-20,Cancelado
1973,32,7,5,200.0,120,13/01/2025,Pago
1974,267,17,3,150.0,10,2025-04-10,Pago
1975,214,34,4,150.0,10,18/06/2025,Enviado
1976,335,22,2,150.0,0,04/04/2025,Enviado
1977,209,50,4,200.0,120,18/01/2025,Cancelado
1978,458,31,1,99.9,0,2025-06-29,Pago
1979,228,76,3,200.0,10,18/03/2025,Cancelado
1980,392,53,5,99.9,0,2025-02-13,Pago
1981,336,2,3,200.0,0,2025-06-23,Enviado
1982,399,56,2,200.0,10,21/04/2025,Enviado
1983,484,13,3,99.9,0,2025-04-13,Pago
1984,468,82,2,150.0,120,2025-05-20,Pago
1985,56,9,4,150.0,0,12/05/2025,Enviado
1986,104,71,5,150.0,10,16/03/2025,Pago
1987,199,9,2,150.0,10,28/02/2025,Pago
1988,349,38,2,150.0,120,22/04/2025,Cancelado
1989,324,2,2,150.0,120,2025-02-18,Enviado
1990,260,73,4,200.0,10,2025-03-25,Pago
1991,392,59,2,200.0,120,29/03/2025,Cancelado
1992,226,23,1,200.0,0,24/05/2025,Cancelado
1993,485,36,3,200.0,10,2025-06-28,Cancelado
1993,390,55,2,99.9,0,19/05/2025,Enviado
1995,414,87,1,200.0,120,2025-03-16,Enviado
1996,216,20,4,200.0,10,29/05/2025,Pago
1997,46,6,3,200.0,0,2025-06-07,Pago
1998,170,90,2,99.9,10,10/02/2025,Pago
1999,330,78,1,150.0,120,09/01/2025,Cancelado
2000,177,50,3,99.9,120,2025-01-29,Pago
2001,383,60,1,99.9,120,2025-06-01,Cancelado
2002,40,63,5,150.0,10,20/02/2025,Pago
2003,71,100,3,200.0,120,2025-05-31,Cancelado
2004,283,45,3,99.9,10,2025-04-18,Enviado
2005,231,35,3,200.0,120,2025-04-28,Enviado
2006,41,90,4,200.0,0,2025-04-19,Cancelado
2007,476,98,4,150.0,0,17/05/2025,Enviado
2008,167,72,2,150.0,10,2025-01-06,Cancelado
2009,371,35,4,99.9,0,03/04/2025,Enviado
2010,301,24,4,200.0,10,15/04/2025,Enviado
2011,175,86,3,200.0,10,21/01/2025,Cancelado
2012,192,35,3,99.9,120,2025-05-12,Cancelado
2013,44,7,3,200.0,0,25/05/2025,Enviado
2014,347,92,3,200.0,10,15/03/2025,Enviado
2015,456,13,5,150.0,0,18/01/2025,Cancelado
2016,404,60,4,200.0,120,27/01/2025,Pago
2017,327,26,4,99.9,120,07/02/2025,Cancelado
2018,223,56,1,200.0,120,2025-02-26,Enviado
2019,409,7,5,200.0,120,27/04/2025,Enviado
2020,364,52,3,99.9,10,08/05/2025,Enviado
2021,499,94,3,200.0,0,23/03/2025,Cancelado
2022,401,79,3,200.0,120,2025-05-28,Pago
2023,473,100,2,150.0,10,01/06/2025,Enviado
2024,427,35,1,200.0,10,17/02/2025,Pago
2025,181,28,2,200.0,120,25/06/2025,Enviado
2026,446,13,2,150.0,10,2025-05-24,Enviado
2027,166,26,2,99.9,10,2025-04-03,Enviado
2028,144,25,1,200.0,120,14/05/2025,Enviado
2029,156,30,2,99.9,10,09/03/2025,Cancelado
2030,154,87,1,150.0,120,2025-04-04,Pago
2031,344,26,1,150.0,0,2025-02-26,Enviado
2031,285,15,5,200.0,0,11/05/2025,Pago
2033,280,19,4,99.9,10,2025-06-14,Enviado
2034,103,47,5,150.0,120,11/03/2025,Cancelado
2035,119,55,1,150.0,0,2025-06-23,Enviado
2036,498,32,1,150.0,120,07/02/2025,Enviado
2037,145,22,2,150.0,120,2025-04-21,Pago
2038,132,89,1,200.0,10,24/02/2025,Pago
2039,15,9,2,150.0,10,15/02/2025,Cancelado
2040,168,16,1,200.0,0,13/01/2025,Cancelado
2041,441,73,3,200.0,0,2025-03-09,Cancelado
2042,273,37,2,200.0,120,2025-01-26,Pago
2043,69,61,3,200.0,0,2025-06-21,Enviado
2044,437,89,5,150.0,10,12/04/2025,Pago
2045,102,49,1,200.0,0,01/06/2025,Cancelado
2046,40,28,3,200.0,10,2025-01-21,Enviado
2047,469,2,4,150.0,10,2025-03-18,Pago
2048,244,30,3,99.9,0,2025-01-09,Enviado
2049,422,86,3,200.0,0,03/05/2025,Pago
2050,48,68,2,200.0,0,2025-05-24,Cancelado
2051,492,8,2,150.0,0,2025-02-21,Cancelado
2052,493,35,2,150.0,120,2025-03-26,Pago
2053,109,9,1,99.9,120,10/01/2025,Pago
2054,460,59,1,99.9,0,2025-02-20,Pago
2055,31,18,5,150.0,0,02/04/2025,Enviado
2056,82,10,5,99.9,10,2025-02-21,Enviado
2057,497,55,2,150.0,120,2025-06-17,Pago
2058,427,24,4,99.9,120,02/01/2025,Pago
2059,199,39,2,200.0,0,25/04/2025,Enviado
2060,171,16,4,150.0,0,02/06/2025,Cancelado
2061,2,49,3,150.0,10,2025-05-27,Enviado
2062,466,83,3,150.0,10,2025-03-02,Cancelado
2063,15,31,1,150.0,120,2025-02-08,Cancelado
2064,255,55,2,99.9,120,2025-01-27,Cancelado
2065,441,9,1,150.0,120,08/01/2025,Pago
2066,132,7,1,99.9,120,2025-01-13,Cancelado
2067,425,7,5,99.9,120,27/03/2025,Pago
2068,4,12,5,99.9,120,2025-04-25,Pago
2069,429,60,3,150.0,10,17/06/2025,Pago
2070,455,41,3,150.0,120,27/03/2025,Enviado
2071,125,44,1,150.0,10,18/06/2025,Enviado
2072,334,100,3,200.0,0,19/05/2025,Cancelado
2073,197,13,3,200.0,0,2025-04-22,Cancelado
2074,222,84,2,200.0,120,2025-06-26,Pago
2075,126,78,1,150.0,10,2025-01-31,Pago
2076,262,57,5,150.0,10,24/05/2025,Pago
2077,113,93,4,99.9,10,20/04/2025,Cancelado
2078,124,77,5,99.9,10,10/01/2025,Cancelado
2079,48,57,4,200.0,10,25/03/2025,Cancelado
2080,382,37,4,200.0,0,20/03/2025,Enviado
2081,245,98,5,200.0,0,2025-03-25,Pago
2082,120,74,3,99.9,10,31/03/2025,Cancelado
2083,372,17,4,99.9,10,22/06/2025,Pago
2084,107,46,3,150.0,120,2025-03-20,Pago
2085,272,16,5,150.0,10,2025-06-13,Pago
2086,50,9,3,150.0,0,14/05/2025,Cancelado
2087,359,25,4,99.9,0,2025-06-06,Cancelado
2088,382,9,2,99.9,10,2025-02-18,Pago
2089,426,63,2,99.9,10,05/01/2025,Pago
2090,305,32,3,99.9,10,26/06/2025,Cancelado
2091,1,2,2,99.9,10,21/05/2025,Pago
2092,422,44,2,150.0,0,2025-05-21,Enviado
2093,243,89,1,200.0,120,29/01/2025,Cancelado
2094,91,62,5,150.0,10,15/06/2025,Cancelado
2095,326,19,3,150.0,0,03/06/2025,Cancelado
2096,50,27,1,99.9,10,21/03/2025,Cancelado
2097,227,27,1,200.0,10,08/06/2025,Pago
2098,60,50,5,99.9,120,24/01/2025,Pago
2099,424,81,1,200.0,120,14/01/2025,Enviado
2100,247,13,1,99.9,10,2025-01-13,Cancelado
2101,368,79,4,150.0,10,2025-01-16,Cancelado
2102,412,59,1,200.0,10,2025-06-19,Pago
2103,116,35,2,200.0,10,2025-03-23,Cancelado
2104,415,43,2,200.0,10,2025-01-13,Enviado
2105,405,78,4,99.9,0,08/03/2025,Enviado
2106,280,81,5,99.9,0,2025-02-17,Cancelado
2107,498,38,1,99.9,0,11/03/2025,Enviado
2108,413,40,3,150.0,10,2025-03-06,Pago
2109,494,23,1,99.9,120,06/04/2025,Pago
2110,375,56,5,200.0,120,17/02/2025,Enviado
2111,175,59,4,200.0,0,2025-05-03,Enviado
2112,61,23,3,150.0,120,2025-05-06,Pago
2113,431,50,5,200.0,10,2025-05-11,Cancelado
2114,58,4,5,99.9,0,2025-01-06,Cancelado
2115,160,39,1,99.9,120,2025-03-28,Pago
2116,283,59,4,200.0,120,2025-06-10,Pago
2117,447,38,3,99.9,0,18/04/2025,Enviado
2118,172,100,1,150.0,0,02/02/2025,Enviado
2119,489,45,3,99.9,120,2025-05-04,Cancelado
2120,488,55,5,200.0,120,2025-03-06,Pago
2121,310,12,2,150.0,120,28/06/2025,Enviado
2122,170,78,4,99.9,0,2025-05-22,Cancelado
2123,63,2,4,150.0,120,15/03/2025,Enviado
2124,80,72,3,150.0,0,2025-04-02,Cancelado
2125,49,72,5,99.9,0,31/05/2025,Cancelado
2126,138,82,2,200.0,0,2025-02-16,Cancelado
2127,429,14,5,150.0,120,13/01/2025,Cancelado
2128,419,31,2,99.9,120,2025-03-20,Enviado
2129,63,63,2,150.0,0,09/05/2025,Cancelado
2130,33,2,5,150.0,10,31/05/2025,Enviado
2131,304,26,3,99.9,10,2025-04-22,Enviado
2132,166,17,2,150.0,120,2025-06-12,Pago
2133,56,2,4,150.0,120,2025-01-08,Enviado
2134,307,1,5,200.0,0,23/03/2025,Cancelado
2135,116,89,2,200.0,0,24/02/2025,Cancelado
2136,280,91,5,150.0,120,2025-06-14,Pago
2137,379,50,4,150.0,120,30/01/2025,Enviado
2138,330,5,5,200.0,0,14/06/2025,Pago
2139,374,95,3,150.0,0,27/05/2025,Enviado
2140,169,1,2,99.9,0,2025-01-10,Cancelado
2141,311,75,4,200.0,10,01/01/2025,Enviado
2142,181,2,2,150.0,120,2025-04-30,Enviado
2143,231,94,3,150.0,10,2025-04-10,Enviado
2144,96,96,5,200.0,120,23/02/2025,Enviado
2145,388,13,1,99.9,0,2025-02-27,Pago
2146,188,98,2,200.0,0,2025-04-21,Pago
2147,468,72,1,99.9,0,2025-06-28,Cancelado
2148,452,15,3,150.0,10,2025-01-31,Enviado
2149,499,40,4,99.9,120,21/02/2025,Cancelado
2150,402,89,1,200.0,0,2025-05-09,Cancelado
2151,468,8,3,200.0,10,2025-03-22,Cancelado
2152,140,17,1,200.0,0,2025-05-12,Cancelado
2153,199,98,4,200.0,120,12/03/2025,Enviado
2154,449,85,2,99.9,120,2025-05-20,Enviado
2155,256,51,2,200.0,120,2025-04-25,Pago
2156,134,69,3,99.9,10,2025-05-15,Pago
2157,255,56,2,200.0,120,2025-02-04,Pago
2158,494,71,5,150.0,0,2025-03-02,Cancelado
2159,90,39,2,150.0,10,08/01/2025,Cancelado
2160,36,21,4,99.9,10,2025-04-12,Enviado
2161,120,17,3,150.0,10,2025-05-11,Cancelado
2162,361,35,4,200.0,0,17/04/2025,Pago
2163,433,55,3,99.9,0,2025-05-03,Pago
2164,197,20,4,99.9,10,18/04/2025,Pago
2165,492,44,5,150.0,10,2025-06-23,Enviado
2166,264,46,5,200.0,120,04/03/2025,Enviado
2167,370,21,4,200.0,120,2025-04-19,Cancelado
2168,312,63,4,99.9,10,24/04/2025,Cancelado
2169,92,50,1,200.0,120,2025-01-19,Cancelado
2170,368,43,2,99.9,10,09/06/2025,Enviado
2171,1,35,5,99.9,0,27/06/2025,Pago
2172,116,5,3,200.0,120,2025-05-29,Enviado
2173,256,59,3,99.9,10,2025-04-15,Enviado
2174,290,3,2,99.9,0,2025-03-30,Cancelado
2175,424,51,2,150.0,0,30/03/2025,Enviado
2176,131,63,4,99.9,120,29/01/2025,Cancelado
2177,101,59,1,150.0,0,21/03/2025,Enviado
2178,379,13,1,200.0,10,2025-01-18,Enviado
2179,266,61,2,150.0,120,2025-06-16,Cancelado
2180,475,53,1,200.0,10,2025-04-10,Cancelado
2181,315,83,3,150.0,0,23/04/2025,Cancelado
2182,492,53,2,200.0,120,12/01/2025,Enviado
2183,443,96,2,150.0,10,10/05/2025,Pago
2183,82,5,5,99.9,120,2025-05-18,Enviado
2185,365,72,1,99.9,10,2025-02-07,Enviado
2186,337,10,4,99.9,10,15/01/2025,Enviado
2187,456,15,4,200.0,10,2025-05-12,Pago
2188,395,67,2,200.0,0,2025-02-22,Pago
2189,126,48,1,200.0,10,2025-05-07,Pago
2190,300,56,1,99.9,10,02/06/2025,Cancelado
2191,266,64,1,99.9,10,2025-06-05,Cancelado
2192,87,65,5,200.0,0,2025-04-30,Cancelado
2193,472,51,3,99.9,120,03/05/2025,Pago
2193,111,76,3,200.0,10,03/02/2025,Pago
2195,70,21,5,99.9,120,2025-01-13,Cancelado
2196,490,74,1,99.9,120,2025-02-10,Cancelado
2197,487,78,3,150.0,10,2025-03-03,Pago
2198,185,25,1,99.9,120,06/04/2025,Cancelado
2199,175,78,4,99.9,0,2025-05-20,Pago
2200,394,79,2,200.0,120,2025-06-02,Pago
2201,11,78,5,99.9,10,2025-06-15,Cancelado
2202,56,100,3,99.9,120,08/06/2025,Cancelado
2203,300,51,4,99.9,0,17/01/2025,Cancelado
2204,305,26,5,150.0,10,2025-03-29,Enviado
2205,209,54,3,200.0,0,23/02/2025,Cancelado
2206,365,74,4,150.0,120,2025-02-24,Pago
2207,458,52,5,200.0,10,2025-02-07,Pago
2208,215,21,5,150.0,10,04/04/2025,Pago
2209,31,45,3,200.0,0,2025-05-19,Cancelado
2210,442,36,3,200.0,10,2025-01-03,Pago
2211,52,39,3,150.0,0,2025-04-14,Pago
2212,402,5,2,200.0,120,02/03/2025,Pago
2213,47,73,5,99.9,120,2025-05-07,Enviado
2214,10,45,3,200.0,0,01/02/2025,Enviado
2215,170,21,4,200.0,0,07/06/2025,Cancelado
2216,213,41,4,99.9,10,2025-05-30,Pago
2217,343,86,4,99.9,10,2025-01-31,Cancelado
2218,400,24,4,99.9,120,2025-03-14,Pago
2219,195,11,1,99.9,10,2025-06-17,Pago
2220,336,89,4,200.0,0,04/06/2025,Enviado
2221,389,83,1,99.9,0,07/03/2025,Pago
2222,75,48,4,99.9,0,09/04/2025,Cancelado
2223,494,9,3,200.0,120,2025-01-27,Enviado
2224,74,8,2,200.0,0,19/03/2025,Pago
2225,25,72,5,200.0,120,22/05/2025,Cancelado
2226,388,92,4,200.0,0,2025-03-20,Cancelado
2227,404,34,2,99.9,0,2025-03-14,Pago
2228,138,15,4,150.0,10,2025-06-16,Enviado
2229,497,70,5,200.0,10,22/06/2025,Pago
2230,116,51,5,150.0,120,2025-06-27,Enviado
2231,391,71,2,200.0,120,2025-05-04,Cancelado
2232,67,5,2,150.0,120,14/05/2025,Enviado
2233,319,66,3,99.9,10,06/06/2025,Cancelado
2234,441,81,5,200.0,10,18/03/2025,Enviado
2235,456,81,1,150.0,10,2025-02-05,Pago
2236,262,37,5,200.0,10,23/04/2025,Enviado
2237,236,29,5,150.0,10,07/01/2025,Enviado
2238,482,79,4,99.9,120,2025-02-20,Enviado
2239,105,80,3,200.0,120,03/05/2025,Enviado
2240,228,55,4,99.9,120,2025-03-16,Cancelado
2241,41,70,5,150.0,0,13/04/2025,Enviado
2242,306,46,2,200.0,10,22/04/2025,Enviado
2243,389,27,3,150.0,0,16/06/2025,Enviado
2244,120,54,1,150.0,0,2025-02-24,Cancelado
2245,179,12,1,150.0,120,2025-02-13,Cancelado
2246,316,84,2,200.0,0,05/03/2025,Pago
2247,70,71,1,200.0,0,25/05/2025,Pago
2248,8,82,5,99.9,10,2025-03-14,Pago
2249,422,5,3,150.0,0,21/01/2025,Enviado
2250,310,58,1,150.0,120,2025-02-08,Enviado
2251,363,40,4,200.0,120,2025-01-23,Enviado
2252,480,92,1,99.9,10,2025-04-07,Cancelado
2253,89,9,4,200.0,0,15/02/2025,Enviado
2254,170,67,5,99.9,10,2025-06-01,Enviado
2255,328,54,2,200.0,0,2025-02-09,Cancelado
2256,320,68,3,150.0,0,10/06/2025,Pago
2257,148,91,5,99.9,10,19/01/2025,Enviado
2258,132,98,2,99.9,0,02/01/2025,Pago
2259,64,23,4,99.9,10,2025-04-22,Enviado
2260,500,25,4,200.0,0,2025-01-18,Cancelado
2261,456,19,1,99.9,120,2025-05-18,Enviado
2262,197,20,3,150.0,10,23/03/2025,Enviado
2263,439,92,3,99.9,120,09/02/2025,Cancelado
2264,387,7,2,150.0,10,05/03/2025,Pago
2265,41,21,2,99.9,10,26/05/2025,Pago
2266,19,63,3,150.0,120,08/01/2025,Cancelado
2267,476,37,5,99.9,10,04/01/2025,Enviado
2268,271,26,1,200.0,120,30/04/2025,Pago
2269,220,87,5,200.0,120,2025-05-25,Enviado
2270,88,96,2,150.0,0,2025-03-23,Enviado
2271,82,17,4,150.0,0,29/05/2025,Cancelado
2272,457,29,3,200.0,10,2025-04-20,Enviado
2273,256,89,2,200.0,0,2025-06-04,Enviado
2274,4,83,4,150.0,0,2025-06-05,Cancelado
2275,369,12,1,200.0,120,2025-06-14,Pago
2276,188,90,4,200.0,0,2025-01-10,Enviado
2277,263,33,4,200.0,10,13/06/2025,Cancelado
2278,401,16,5,99.9,10,2025-03-03,Pago
2279,88,9,1,200.0,120,27/05/2025,Cancelado
2280,80,86,3,99.9,120,02/04/2025,Cancelado
2281,191,73,2,150.0,120,2025-06-03,Enviado
2282,343,12,1,99.9,0,2025-06-16,Enviado
2283,420,81,4,99.9,120,01/06/2025,Pago
2284,200,77,5,150.0,120,10/03/2025,Cancelado
2285,453,76,1,200.0,120,29/01/2025,Pago
2286,188,75,2,150.0,120,2025-05-27,Cancelado
2287,209,48,5,200.0,120,25/05/2025,Enviado
2288,33,77,2,99.9,120,2025-05-21,Cancelado
2289,481,68,5,200.0,0,07/05/2025,Pago
2290,229,74,4,200.0,120,2025-02-04,Cancelado
2291,338,52,4,200.0,120,02/01/2025,Enviado
2292,106,2,1,200.0,120,08/03/2025,Enviado
2293,318,16,3,150.0,120,29/05/2025,Pago
2294,158,23,5,150.0,0,2025-05-28,Cancelado
2295,149,22,1,150.0,0,16/01/2025,Enviado
2296,185,97,5,200.0,120,2025-05-01,Enviado
2297,131,51,5,200.0,120,28/04/2025,Pago
2298,312,19,4,200.0,120,2025-04-05,Enviado
2299,269,16,4,99.9,10,19/05/2025,Cancelado
2300,454,79,1,150.0,0,2025-01-28,Cancelado
2301,358,95,3,99.9,120,2025-01-11,Pago
2302,449,84,1,99.9,0,2025-03-30,Pago
2303,162,41,3,150.0,10,2025-02-10,Pago
2304,11,83,2,200.0,120,2025-02-26,Enviado
2305,68,53,5,200.0,10,2025-01-25,Cancelado
2305,41,12,4,150.0,120,2025-06-11,Cancelado
2307,130,31,1,200.0,0,18/03/2025,Pago
2308,4,67,4,99.9,10,2025-05-18,Cancelado
2309,275,52,4,99.9,10,2025-05-09,Cancelado
2310,26,76,3,200.0,0,05/03/2025,Enviado
2311,94,56,5,150.0,10,2025-06-22,Pago
2312,488,77,3,99.9,120,13/06/2025,Cancelado
2313,25,70,5,150.0,0,30/01/2025,Pago
2314,221,22,3,150.0,0,22/05/2025,Cancelado
2315,300,19,4,150.0,0,13/02/2025,Pago
2316,460,73,2,99.9,120,29/05/2025,Cancelado
2317,247,72,5,150.0,0,2025-05-19,Enviado
2318,51,98,4,99.9,120,2025-01-19,Cancelado
2319,7,34,1,99.9,0,24/02/2025,Enviado
2320,32,71,4,150.0,0,02/04/2025,Cancelado
2321,2,70,1,99.9,120,02/06/2025,Pago
2322,369,98,2,150.0,120,2025-04-28,Enviado
2323,320,29,3,99.9,0,2025-06-26,Enviado
2324,67,71,2,99.9,10,2025-01-10,Enviado
2325,274,28,5,200.0,120,10/04/2025,Enviado
2326,157,43,2,150.0,0,16/02/2025,Pago
2327,440,58,1,99.9,120,12/05/2025,Pago
2328,298,15,2,200.0,10,15/06/2025,Enviado
2329,281,59,4,200.0,0,20/02/2025,Cancelado
2330,291,66,2,150.0,120,2025-01-10,Pago
2331,239,63,5,99.9,120,10/02/2025,Pago
2332,140,6,3,200.0,10,06/04/2025,Cancelado
2333,307,56,1,99.9,0,2025-03-07,Enviado
2334,341,32,5,150.0,10,06/01/2025,Cancelado
2335,56,30,3,150.0,120,2025-02-02,Pago
2336,359,20,1,99.9,10,06/03/2025,Pago
2337,128,82,1,99.9,120,2025-02-03,Cancelado
2338,302,51,1,150.0,0,2025-04-16,Pago
2339,304,38,2,200.0,120,21/04/2025,Pago
2340,40,19,2,150.0,120,23/05/2025,Cancelado
2341,288,16,3,99.9,10,2025-06-22,Cancelado
2342,393,18,3,99.9,0,25/02/2025,Pago
2343,474,55,1,150.0,0,2025-03-02,Cancelado
2344,94,31,1,200.0,120,12/03/2025,Pago
2345,47,81,1,200.0,10,2025-06-18,Pago
2346,55,72,4,150.0,0,12/05/2025,Cancelado
2347,368,87,2,99.9,10,31/01/2025,Cancelado
2348,210,74,5,150.0,0,2025-04-11,Enviado
2349,354,52,2,200.0,120,2025-04-16,Pago
2350,61,97,3,200.0,120,2025-01-24,Pago
2351,82,61,2,200.0,0,07/02/2025,Cancelado
2352,391,94,4,200.0,10,2025-05-14,Cancelado
2352,179,65,5,99.9,0,10/03/2025,Pago
2354,334,41,2,200.0,10,2025-04-24,Cancelado
2355,188,41,1,99.9,0,2025-06-04,Cancelado
2356,77,31,4,99.9,120,2025-01-11,Enviado
2357,79,29,5,99.9,10,2025-04-28,Enviado
2358,225,42,1,200.0,0,2025-05-24,Pago
2359,461,40,1,200.0,120,2025-04-30,Enviado
2360,371,47,2,150.0,120,2025-02-04,Enviado
2361,265,50,3,200.0,0,2025-01-28,Enviado
2362,194,58,3,200.0,0,2025-01-01,Cancelado
2363,360,4,4,150.0,0,21/03/2025,Pago
2364,314,24,2,200.0,120,2025-06-14,Enviado
2365,472,57,3,150.0,120,12/05/2025,Cancelado
2366,247,71,2,99.9,10,2025-02-03,Cancelado
2367,164,10,4,99.9,120,09/04/2025,Cancelado
2368,96,20,3,200.0,0,2025-05-30,Enviado
2369,273,8,5,150.0,10,2025-06-25,Enviado
2370,331,93,2,200.0,0,17/06/2025,Enviado
2371,319,58,2,150.0,120,03/06/2025,Enviado
2372,487,66,2,200.0,10,08/01/2025,Cancelado
2373,34,60,2,200.0,0,17/03/2025,Enviado
2374,379,67,2,150.0,120,2025-02-10,Pago
2375,428,58,1,99.9,120,2025-06-16,Cancelado
2376,486,81,3,150.0,120,2025-04-28,Pago
2377,305,99,2,200.0,10,2025-05-23,Pago
2378,150,74,2,150.0,120,01/04/2025,Pago
2379,467,64,4,150.0,0,2025-01-26,Cancelado
2380,324,15,3,200.0,120,09/05/2025,Enviado
2381,332,25,5,150.0,120,2025-01-18,Pago
2382,144,10,3,150.0,0,23/04/2025,Cancelado
2383,174,69,3,150.0,10,11/03/2025,Cancelado
2384,486,24,5,99.9,0,11/05/2025,Cancelado
2385,409,19,3,200.0,10,2025-06-03,Pago
2386,496,35,4,150.0,0,29/06/2025,Pago
2387,382,62,3,150.0,0,30/04/2025,Cancelado
2388,14,85,1,200.0,120,22/03/2025,Cancelado
2389,2,92,5,150.0,10,2025-03-22,Enviado
2390,188,65,1,150.0,120,10/04/2025,Cancelado
2390,302,33,5,150.0,10,2025-02-10,Enviado
2392,21,39,2,150.0,10,02/02/2025,Pago
2393,272,33,4,99.9,120,25/03/2025,Cancelado
2393,396,10,4,99.9,0,2025-03-19,Cancelado
2395,81,73,3,200.0,0,16/02/2025,Cancelado
2396,335,77,3,200.0,0,25/05/2025,Cancelado
2397,229,75,5,99.9,0,2025-01-24,Cancelado
2398,28,37,5,150.0,0,2025-04-20,Enviado
2399,309,4,4,200.0,120,19/03/2025,Pago
2400,264,98,5,200.0,10,2025-05-23,Enviado
2401,326,67,5,200.0,120,14/05/2025,Cancelado
2402,439,1,2,150.0,10,2025-05-16,Enviado
2403,200,29,4,200.0,10,16/01/2025,Pago
2404,168,48,4,99.9,0,2025-06-07,Pago
2405,78,70,2,99.9,0,23/05/2025,Pago
2406,112,93,2,150.0,120,13/02/2025,Enviado
2407,263,8,5,99.9,120,2025-04-23,Enviado
2408,485,62,1,200.0,120,2025-02-01,Pago
2409,320,61,5,200.0,0,2025-05-24,Enviado
2410,19,98,5,200.0,10,2025-01-30,Pago
2411,78,20,1,99.9,0,2025-01-09,Enviado
2412,76,4,4,150.0,10,2025-04-07,Pago
2413,384,9,2,150.0,120,2025-02-14,Cancelado
2414,438,85,4,200.0,0,2025-01-25,Pago
2415,136,57,2,150.0,120,2025-06-23,Enviado
2416,389,77,1,99.9,10,2025-05-07,Cancelado
2417,199,13,3,200.0,0,2025-01-19,Enviado
2418,483,31,5,200.0,120,2025-01-24,Enviado
2419,95,89,5,200.0,120,29/04/2025,Enviado
2420,365,32,4,200.0,10,03/02/2025,Cancelado
2421,404,69,1,150.0,10,2025-03-28,Pago
2422,200,37,4,200.0,0,08/04/2025,Pago
2423,358,38,4,200.0,120,2025-03-09,Cancelado
2424,278,95,2,200.0,10,01/02/2025,Pago
2425,158,67,1,150.0,10,10/02/2025,Enviado
2426,39,97,4,200.0,0,2025-06-04,Pago
2427,132,49,4,99.9,0,2025-02-17,Enviado
2428,28,78,5,150.0,0,2025-05-25,Enviado
2429,176,91,2,200.0,10,18/01/2025,Enviado
2430,372,28,2,99.9,10,2025-02-02,Cancelado
2431,77,55,5,99.9,0,2025-02-16,Pago
2432,120,12,3,200.0,0,2025-02-23,Pago
2433,46,34,2,150.0,0,2025-03-02,Pago
2434,499,96,3,99.9,120,2025-03-09,Enviado
2435,41,60,3,99.9,0,2025-05-27,Pago
2436,109,94,5,200.0,120,07/03/2025,Enviado
2437,362,68,5,200.0,10,02/06/2025,Cancelado
2438,417,61,3,200.0,120,06/03/2025,Pago
2439,455,64,4,200.0,120,18/02/2025,Pago
2440,439,67,5,200.0,10,2025-05-18,Cancelado
2441,1,97,4,99.9,10,23/03/2025,Cancelado
2442,335,51,4,99.9,0,29/03/2025,Enviado
2443,20,71,2,200.0,120,2025-04-09,Enviado
2444,293,31,4,150.0,10,04/01/2025,Enviado
2445,89,72,2,150.0,120,21/06/2025,Cancelado
2446,341,79,3,200.0,0,2025-03-11,Pago
2447,195,70,1,200.0,10,2025-03-25,Cancelado
2448,352,12,3,99.9,10,2025-01-18,Enviado
2449,489,53,2,200.0,10,2025-04-12,Cancelado
2450,34,22,4,99.9,0,15/06/2025,Pago
2451,473,59,3,99.9,0,18/04/2025,Cancelado
2452,485,21,1,150.0,120,2025-01-06,Enviado
2453,36,50,5,150.0,0,2025-05-29,Cancelado
2454,229,41,2,150.0,120,2025-05-19,Enviado
2455,90,46,1,200.0,120,27/02/2025,Pago
2456,169,55,1,200.0,120,16/01/2025,Pago
2457,410,7,3,99.9,120,2025-03-04,Pago
2458,240,41,1,99.9,120,30/01/2025,Cancelado
2459,6,44,2,99.9,0,15/04/2025,Pago
2460,168,26,1,150.0,10,2025-02-16,Pago
2461,308,23,3,99.9,0,2025-01-25,Pago
2462,466,90,1,150.0,0,2025-03-07,Cancelado
2463,360,48,2,99.9,0,2025-05-12,Enviado
2464,138,1,1,150.0,120,04/02/2025,Pago
2465,105,65,5,99.9,120,2025-05-22,Cancelado
2466,406,24,4,150.0,10,07/05/2025,Pago
2467,434,1,2,200.0,120,26/02/2025,Enviado
2468,99,87,1,150.0,0,10/03/2025,Pago
2469,414,92,2,200.0,120,28/03/2025,Cancelado
2470,98,23,1,150.0,120,2025-01-30,Pago
2471,36,4,3,200.0,120,2025-03-17,Pago
2472,381,72,1,99.9,120,19/01/2025,Pago
2473,99,59,2,99.9,120,2025-04-13,Cancelado
2474,221,83,4,150.0,10,2025-04-05,Cancelado
2475,124,20,3,200.0,0,2025-02-06,Cancelado
2476,13,15,1,99.9,0,14/04/2025,Pago
2477,495,21,3,99.9,10,16/01/2025,Cancelado
2478,438,93,5,99.9,0,2025-04-04,Enviado
2479,109,65,2,150.0,0,2025-03-07,Enviado
2480,286,31,5,200.0,0,04/01/2025,Cancelado
2481,312,22,4,150.0,10,26/05/2025,Enviado
2482,347,24,3,200.0,10,16/04/2025,Cancelado
2482,159,92,4,150.0,120,2025-06-14,Enviado
2484,230,32,4,150.0,120,07/06/2025,Cancelado
2485,9,57,5,99.9,0,07/02/2025,Cancelado
2486,457,35,3,150.0,10,28/03/2025,Enviado
2487,200,46,2,200.0,120,2025-06-13,Pago
2488,40,6,4,150.0,10,2025-02-03,Pago
2489,105,14,4,200.0,0,2025-05-19,Pago
2490,130,77,1,150.0,10,2025-03-31,Cancelado
2491,128,23,4,99.9,120,2025-05-11,Cancelado
2492,381,82,4,150.0,10,01/01/2025,Cancelado
2493,187,63,4,200.0,10,29/05/2025,Pago
2494,321,35,1,150.0,120,2025-04-28,Pago
2495,450,45,2,99.9,0,29/03/2025,Cancelado
2496,312,61,2,200.0,120,10/01/2025,Pago
2497,230,42,1,99.9,0,2025-06-28,Enviado
2498,112,82,3,99.9,10,28/04/2025,Enviado
2499,379,79,2,150.0,120,2025-04-13,Enviado
2500,397,75,5,200.0,10,06/01/2025,Cancelado
2501,493,94,4,200.0,0,2025-03-21,Pago
2502,304,95,1,200.0,0,2025-03-08,Pago
2503,107,22,1,150.0,0,2025-03-18,Cancelado
2504,177,84,2,99.9,10,01/04/2025,Enviado
2505,66,57,4,99.9,0,2025-06-09,Enviado
2506,412,83,4,99.9,0,29/05/2025,Cancelado
2507,354,55,1,150.0,120,2025-04-15,Cancelado
2508,39,95,1,150.0,120,2025-03-27,Enviado
2509,495,14,1,200.0,0,25/05/2025,Pago
2509,167,82,5,200.0,10,21/02/2025,Enviado
2511,70,68,3,200.0,0,01/02/2025,Enviado
2512,52,24,3,200.0,120,2025-06-17,Enviado
2513,160,83,1,150.0,0,2025-01-04,Enviado
2514,261,78,5,150.0,0,06/03/2025,Cancelado
2515,25,34,3,200.0,0,03/03/2025,Enviado
2516,195,85,5,200.0,10,05/04/2025,Enviado
2517,339,5,1,200.0,120,2025-06-12,Enviado
2518,84,40,2,200.0,10,23/03/2025,Cancelado
2519,159,22,4,200.0,10,2025-04-14,Enviado
2520,170,94,3,99.9,10,08/05/2025,Pago
2521,228,19,4,150.0,120,05/03/2025,Cancelado
2522,472,25,3,200.0,10,2025-02-15,Enviado
2523,475,81,3,150.0,120,06/04/2025,Enviado
2524,53,46,1,200.0,10,22/03/2025,Enviado
2525,181,81,5,99.9,0,2025-05-29,Cancelado
2526,193,74,5,150.0,0,2025-04-03,Cancelado
2527,109,22,5,150.0,120,02/06/2025,Pago
2528,335,48,3,200.0,10,16/05/2025,Pago
2528,363,2,2,200.0,10,2025-06-15,Enviado
2530,344,7,1,200.0,10,26/01/2025,Pago
2531,414,70,1,200.0,10,2025-04-13,Enviado
2532,376,28,3,200.0,0,2025-01-24,Pago
2533,359,67,5,150.0,120,12/03/2025,Enviado
2534,203,99,5,200.0,120,2025-06-21,Cancelado
2535,176,4,4,200.0,120,2025-01-18,Cancelado
2536,86,15,3,99.9,10,2025-03-07,Enviado
2537,314,21,5,200.0,10,2025-01-27,Pago
2538,147,20,4,200.0,10,2025-03-22,Cancelado
2539,455,16,2,200.0,10,22/03/2025,Cancelado
2540,204,24,5,200.0,0,2025-06-06,Pago
2541,306,83,2,99.9,10,2025-02-19,Cancelado
2542,152,68,3,150.0,0,25/01/2025,Enviado
2543,143,46,2,200.0,10,2025-03-16,Cancelado
2544,167,26,2,99.9,120,2025-03-21,Pago
2545,29,78,2,99.9,0,2025-05-08,Pago
2546,191,34,2,200.0,0,13/06/2025,Pago
2547,77,62,5,200.0,120,19/03/2025,Cancelado
2548,228,44,4,200.0,10,13/02/2025,Cancelado
2549,276,65,4,99.9,120,03/06/2025,Cancelado
2550,52,52,3,200.0,10,2025-01-20,Cancelado
2551,485,46,5,200.0,120,2025-03-06,Enviado
2552,465,31,1,150.0,120,11/05/2025,Pago
2553,32,20,2,99.9,0,2025-04-04,Cancelado
2554,363,10,3,150.0,0,2025-04-28,Enviado
2555,422,79,3,150.0,120,28/04/2025,Pago
2556,117,13,2,200.0,120,2025-06-27,Cancelado
2557,355,77,1,200.0,0,23/04/2025,Enviado
2558,426,43,3,200.0,0,15/02/2025,Enviado
2559,128,61,5,200.0,10,2025-05-31,Pago
2560,122,89,5,150.0,10,2025-06-09,Pago
2560,320,100,1,150.0,0,29/04/2025,Pago
2562,171,46,4,200.0,0,21/02/2025,Cancelado
2563,484,64,2,99.9,10,2025-04-13,Pago
2564,499,54,4,150.0,10,09/06/2025,Enviado
2565,113,36,2,200.0,10,2025-05-25,Pago
2566,298,79,5,150.0,120,2025-01-22,Enviado
2567,27,57,4,99.9,0,2025-01-26,Pago
2568,284,98,2,200.0,0,28/01/2025,Enviado
2569,66,17,1,99.9,0,10/01/2025,Enviado
2570,490,94,5,99.9,120,2025-01-27,Pago
2571,218,5,4,200.0,0,2025-05-15,Cancelado
2572,475,36,1,200.0,0,14/06/2025,Pago
2573,161,73,2,200.0,10,2025-02-05,Enviado
2574,226,24,5,99.9,0,2025-05-17,Pago
2575,421,4,2,99.9,120,2025-06-01,Enviado
2576,123,85,1,200.0,120,30/05/2025,Pago
2577,196,38,2,200.0,0,09/01/2025,Cancelado
2578,326,15,1,99.9,120,26/05/2025,Cancelado
2579,365,1,5,150.0,10,03/04/2025,Enviado
2580,143,47,4,99.9,0,2025-01-30,Pago
2581,262,76,5,200.0,0,2025-06-10,Pago
2582,237,72,5,99.9,0,05/06/2025,Enviado
2583,189,14,4,200.0,0,24/04/2025,Pago
2584,279,61,3,200.0,0,21/01/2025,Pago
2585,306,47,3,150.0,120,07/04/2025,Pago
2586,241,99,1,200.0,10,14/06/2025,Cancelado
2587,86,67,3,99.9,0,12/06/2025,Enviado
2588,462,77,1,150.0,10,2025-02-24,Cancelado
2589,234,95,2,99.9,120,10/04/2025,Cancelado
2590,422,93,2,150.0,10,24/05/2025,Enviado
2591,269,99,4,99.9,0,27/04/2025,Enviado
2592,247,70,1,150.0,120,2025-05-31,Pago
2593,285,93,4,99.9,0,20/02/2025,Cancelado
2594,356,49,1,200.0,10,06/02/2025,Enviado
2595,168,26,4,200.0,10,2025-05-12,Enviado
2596,377,15,4,150.0,0,28/05/2025,Cancelado
2597,483,3,2,200.0,120,2025-02-27,Pago
2598,464,26,2,200.0,10,2025-02-13,Cancelado
2599,381,29,5,150.0,120,2025-03-28,Cancelado
2600,212,42,1,150.0,10,2025-06-18,Enviado
2601,396,51,2,150.0,10,01/02/2025,Enviado
2602,389,72,5,150.0,0,24/01/2025,Enviado
2603,252,22,1,200.0,120,2025-01-26,Enviado
2604,249,74,1,99.9,120,01/02/2025,Cancelado
2605,136,49,2,99.9,10,10/06/2025,Pago
2606,355,1,5,150.0,0,03/06/2025,Pago
2607,339,75,1,200.0,10,2025-03-26,Cancelado
2608,263,23,5,99.9,0,2025-05-22,Cancelado
2609,322,50,5,150.0,120,12/01/2025,Cancelado
2610,417,40,4,150.0,0,22/01/2025,Enviado
2611,172,53,1,150.0,120,2025-05-31,Pago
2612,51,74,3,150.0,0,09/01/2025,Cancelado
2613,351,49,5,150.0,10,10/05/2025,Cancelado
2614,133,64,2,99.9,120,28/01/2025,Cancelado
2615,276,70,1,150.0,10,21/03/2025,Enviado
2616,331,21,1,150.0,10,15/05/2025,Pago
2617,194,81,2,99.9,120,08/03/2025,Enviado
2618,480,80,1,150.0,0,26/01/2025,Cancelado
2619,269,9,2,99.9,10,03/01/2025,Pago
2620,349,100,3,99.9,120,2025-06-19,Cancelado
2621,394,93,1,150.0,0,2025-05-04,Pago
2622,430,5,1,200.0,10,2025-04-20,Cancelado
2623,206,73,4,200.0,10,2025-03-12,Pago
2624,201,68,3,200.0,0,29/06/2025,Cancelado
2625,301,28,2,200.0,10,2025-06-03,Enviado
2626,465,68,4,150.0,10,20/02/2025,Cancelado
2627,75,32,2,150.0,10,2025-03-30,Enviado
2628,211,72,3,99.9,0,22/05/2025,Pago
2629,59,26,1,150.0,0,2025-04-16,Pago
2630,37,13,5,200.0,0,2025-04-06,Cancelado
2631,137,100,2,200.0,120,2025-04-10,Cancelado
2632,119,41,3,150.0,120,25/03/2025,Cancelado
2633,319,44,1,150.0,10,2025-01-02,Pago
2634,276,93,3,150.0,0,2025-05-23,Cancelado
2635,208,64,4,150.0,10,09/03/2025,Cancelado
2636,58,50,2,150.0,120,15/05/2025,Enviado
2637,82,85,4,150.0,120,2025-05-05,Cancelado
2638,127,38,1,200.0,0,07/01/2025,Enviado
2639,493,59,2,150.0,0,2025-04-11,Cancelado
2640,169,26,2,99.9,0,2025-04-15,Enviado
2641,314,38,5,150.0,0,2025-05-09,Cancelado
2642,325,16,4,200.0,120,2025-04-12,Enviado
2643,229,19,4,150.0,10,2025-04-16,Pago
2644,167,5,1,200.0,120,26/05/2025,Pago
2645,178,7,3,99.9,0,2025-01-09,Pago
2646,256,81,4,200.0,120,19/04/2025,Enviado
2647,278,73,5,200.0,0,15/03/2025,Enviado
2648,395,37,5,150.0,10,2025-01-11,Cancelado
2649,112,16,2,200.0,10,18/04/2025,Pago
2650,303,14,1,99.9,0,2025-04-16,Cancelado
2651,183,27,5,200.0,0,2025-05-17,Pago
2652,19,56,3,150.0,120,04/03/2025,Cancelado
2653,251,68,4,150.0,10,17/01/2025,Enviado
2654,431,5,3,99.9,10,08/05/2025,Enviado
2655,154,47,4,200.0,0,2025-05-01,Enviado
2656,124,23,4,200.0,0,17/03/2025,Enviado
2657,190,85,4,99.9,10,03/04/2025,Pago
2658,17,28,2,150.0,0,12/03/2025,Pago
2659,211,2,2,99.9,120,23/01/2025,Pago
2660,315,91,4,200.0,0,14/02/2025,Cancelado
2661,8,11,5,150.0,0,02/01/2025,Enviado
2662,179,78,1,150.0,10,25/06/2025,Pago
2663,91,74,5,200.0,10,2025-03-14,Enviado
2664,150,18,2,200.0,120,22/03/2025,Cancelado
2665,439,67,1,99.9,0,2025-05-25,Pago
2666,70,71,2,99.9,0,2025-03-26,Pago
2667,418,82,3,99.9,120,2025-03-06,Pago
2668,147,28,3,200.0,10,2025-03-04,Cancelado
2669,193,14,1,200.0,10,2025-01-09,Cancelado
2670,262,2,5,200.0,120,19/04/2025,Pago
2671,204,10,3,200.0,0,2025-01-07,Cancelado
2672,450,13,1,200.0,0,2025-04-04,Pago
2673,493,17,2,200.0,120,2025-01-07,Cancelado
2674,367,36,1,200.0,120,02/02/2025,Enviado
2674,223,76,3,200.0,120,19/03/2025,Enviado
2676,106,90,5,150.0,120,2025-06-02,Cancelado
2677,158,2,3,200.0,10,25/04/2025,Cancelado
2678,266,76,3,99.9,0,2025-04-10,Cancelado
2679,410,45,4,99.9,0,19/02/2025,Cancelado
2680,312,84,2,99.9,120,20/04/2025,Pago
2681,105,1,2,150.0,120,2025-01-18,Pago
2682,350,25,3,150.0,0,09/01/2025,Pago
2683,477,69,3,99.9,120,22/06/2025,Enviado
2684,36,55,2,150.0,10,24/04/2025,Pago
2685,80,29,2,99.9,0,05/03/2025,Cancelado
2686,198,92,4,200.0,120,28/02/2025,Cancelado
2687,198,8,2,150.0,0,2025-01-08,Cancelado
2688,79,61,1,200.0,0,2025-01-04,Enviado
2689,166,89,5,200.0,120,13/04/2025,Pago
2690,24,6,3,200.0,10,2025-02-18,Cancelado
2691,456,34,2,200.0,120,01/01/2025,Enviado
2692,166,100,5,200.0,10,2025-05-10,Enviado
2693,358,61,1,150.0,10,20/04/2025,Cancelado
2694,382,20,3,200.0,10,16/01/2025,Enviado
2695,192,85,1,99.9,10,21/06/2025,Enviado
2696,475,86,4,150.0,0,14/03/2025,Pago
2697,26,20,5,150.0,10,27/03/2025,Enviado
2698,3,90,4,200.0,10,04/05/2025,Pago
2699,235,6,3,99.9,10,2025-02-10,Pago
2700,348,63,2,99.9,10,26/02/2025,Pago
2701,406,3,4,99.9,10,2025-01-15,Cancelado
2702,125,57,5,99.9,0,06/04/2025,Pago
2703,456,79,5,99.9,10,29/03/2025,Pago
2704,211,100,3,150.0,0,24/04/2025,Pago
2705,413,37,3,99.9,0,2025-05-16,Cancelado
2706,179,38,4,150.0,0,10/03/2025,Enviado
2707,309,1,4,150.0,0,20/04/2025,Cancelado
2708,372,12,4,150.0,0,23/05/2025,Enviado
2709,263,92,1,200.0,0,2025-04-24,Pago
2710,247,51,5,99.9,120,10/03/2025,Pago
2711,447,19,1,150.0,10,2025-03-21,Cancelado
2712,262,61,1,150.0,10,31/03/2025,Pago
2713,136,57,5,99.9,120,2025-04-10,Pago
2714,187,2,5,150.0,120,2025-01-13,Cancelado
2715,285,48,4,200.0,0,2025-03-03,Pago
2716,230,19,1,150.0,0,2025-05-30,Pago
2717,252,76,3,99.9,120,25/02/2025,Enviado
2718,239,73,1,200.0,0,2025-06-18,Enviado
2719,300,12,4,200.0,10,21/01/2025,Enviado
2720,32,97,1,99.9,120,24/05/2025,Pago
2721,122,12,1,150.0,10,16/03/2025,Enviado
2722,8,80,1,99.9,120,2025-02-01,Cancelado
2723,440,66,3,99.9,10,12/05/2025,Enviado
2724,182,95,4,150.0,0,2025-04-26,Cancelado
2725,209,94,3,99.9,10,2025-01-24,Pago
2726,329,1,2,99.9,10,22/05/2025,Pago
2727,464,19,2,150.0,10,2025-05-29,Enviado
2728,224,42,3,99.9,120,2025-05-24,Cancelado
2729,386,86,4,99.9,0,2025-01-20,Pago
2730,349,30,2,150.0,120,21/02/2025,Cancelado
2731,129,41,1,99.9,10,2025-02-09,Pago
2732,16,78,3,150.0,120,2025-04-13,Pago
2733,320,36,3,99.9,0,09/02/2025,Enviado
2734,276,99,3,200.0,120,20/06/2025,Pago
2735,233,56,5,200.0,0,05/04/2025,Pago
2736,467,9,5,150.0,0,2025-05-01,Enviado
2737,317,19,5,150.0,10,2025-02-08,Enviado
2738,187,22,1,150.0,120,2025-04-13,Pago
2739,464,79,3,200.0,120,2025-04-13,Pago
2740,372,1,1,150.0,10,2025-03-11,Enviado
2741,79,49,1,200.0,10,20/06/2025,Cancelado
2742,110,97,5,99.9,120,06/02/2025,Pago
2743,215,86,1,150.0,10,2025-03-31,Pago
2744,469,88,4,99.9,10,2025-05-12,Enviado
2745,258,70,1,150.0,10,01/04/2025,Cancelado
2746,186,81,5,99.9,0,09/05/2025,Enviado
2747,172,23,3,99.9,0,02/05/2025,Enviado
2748,72,89,1,200.0,10,2025-05-15,Pago
2749,328,77,3,200.0,10,2025-01-30,Enviado
2750,17,59,3,200.0,120,2025-06-06,Pago
2751,131,34,3,99.9,0,27/06/2025,Enviado
2752,201,90,1,150.0,0,03/05/2025,Enviado
2753,462,85,1,200.0,10,2025-02-25,Cancelado
2753,126,34,4,200.0,0,2025-04-27,Cancelado
2755,414,76,4,99.9,0,2025-04-01,Cancelado
2756,302,82,4,200.0,10,01/01/2025,Cancelado
2757,271,52,5,99.9,120,28/03/2025,Pago
2758,289,11,5,150.0,120,23/05/2025,Cancelado
2759,27,82,1,200.0,120,2025-02-17,Cancelado
2760,57,61,2,150.0,0,05/04/2025,Enviado
2761,496,64,3,150.0,10,29/03/2025,Pago
2762,448,52,4,99.9,10,30/04/2025,Enviado
2763,236,96,5,150.0,0,12/01/2025,Cancelado
2764,495,66,4,200.0,0,2025-04-11,Cancelado
2765,366,18,3,150.0,120,09/02/2025,Enviado
2766,85,19,1,200.0,10,2025-05-04,Pago
2767,477,94,3,150.0,10,14/02/2025,Enviado
2768,347,50,4,150.0,10,2025-04-11,Cancelado
2769,56,43,1,200.0,10,2025-06-13,Enviado
2770,208,33,4,99.9,120,24/03/2025,Enviado
2771,233,38,4,200.0,0,2025-01-01,Pago
2772,342,24,2,200.0,120,2025-03-16,Cancelado
2773,201,82,2,99.9,120,2025-03-26,Pago
2774,478,69,4,200.0,120,2025-05-17,Pago
2775,460,34,1,150.0,0,2025-02-12,Enviado
2776,437,87,1,150.0,120,05/03/2025,Enviado
2777,330,78,2,200.0,0,2025-03-17,Cancelado
2778,452,56,5,150.0,120,2025-06-20,Enviado
2779,111,85,3,99.9,0,2025-02-24,Pago
2780,223,63,4,200.0,120,2025-01-06,Enviado
2781,6,89,4,99.9,120,2025-01-25,Pago
2782,202,33,1,150.0,10,2025-02-22,Cancelado
2783,215,94,4,150.0,0,13/04/2025,Cancelado
2784,23,95,4,99.9,10,06/03/2025,Enviado
2785,82,28,1,200.0,0,13/05/2025,Cancelado
2786,325,43,4,99.9,10,2025-02-13,Pago
2787,187,36,5,99.9,120,2025-02-01,Enviado
2788,29,95,4,99.9,0,2025-06-17,Enviado
2789,374,39,2,99.9,0,14/03/2025,Cancelado
2790,32,68,4,150.0,120,2025-04-08,Pago
2791,127,37,1,200.0,0,13/01/2025,Cancelado
2792,149,6,2,200.0,0,2025-05-11,Enviado
2793,174,9,5,200.0,0,22/04/2025,Pago
2794,307,56,3,99.9,120,02/04/2025,Pago
2795,477,48,4,150.0,120,04/05/2025,Cancelado
2796,152,14,1,150.0,0,2025-03-26,Enviado
2797,378,37,4,99.9,10,2025-03-28,Cancelado
2798,48,16,1,200.0,0,21/03/2025,Pago
2799,480,6,1,150.0,0,2025-02-08,Enviado
2800,162,33,1,200.0,120,2025-04-10,Pago
2801,90,56,5,99.9,0,20/05/2025,Enviado
2802,49,98,1,200.0,10,20/01/2025,Enviado
2803,82,82,2,200.0,10,15/02/2025,Pago
2804,266,17,2,150.0,10,2025-01-14,Cancelado
2805,411,25,3,150.0,10,2025-01-26,Cancelado
2806,192,38,5,200.0,0,19/05/2025,Enviado
2807,216,63,3,150.0,0,08/02/2025,Enviado
2808,467,62,1,200.0,0,14/05/2025,Pago
2809,168,46,5,99.9,10,07/05/2025,Enviado
2810,198,46,4,200.0,10,2025-05-30,Enviado
2811,403,99,4,200.0,120,01/04/2025,Enviado
2812,251,75,4,200.0,0,16/06/2025,Cancelado
2813,281,99,2,150.0,0,28/04/2025,Cancelado
2814,494,23,1,150.0,10,17/06/2025,Cancelado
2815,472,65,4,150.0,0,25/02/2025,Enviado
2816,228,20,2,99.9,10,2025-02-24,Cancelado
2817,463,71,3,200.0,0,09/06/2025,Cancelado
2818,274,47,2,150.0,0,2025-02-04,Cancelado
2819,185,92,5,99.9,10,05/06/2025,Enviado
2820,126,78,2,150.0,10,2025-06-12,Enviado
2821,4,31,2,200.0,120,2025-05-26,Pago
2822,493,75,1,99.9,120,2025-04-11,Cancelado
2823,495,62,5,99.9,0,15/01/2025,Enviado
2824,481,91,2,200.0,0,2025-03-21,Enviado
2825,53,66,4,99.9,0,2025-04-03,Enviado
2826,394,62,2,150.0,120,2025-01-04,Enviado
2827,57,65,1,150.0,0,29/03/2025,Cancelado
2828,486,37,5,150.0,120,2025-02-08,Cancelado
2829,379,94,1,99.9,0,07/01/2025,Cancelado
2830,29,26,1,99.9,0,2025-05-25,Cancelado
2831,182,60,5,150.0,0,05/05/2025,Cancelado
2832,134,19,5,150.0,120,20/05/2025,Enviado
2833,129,68,3,200.0,10,2025-04-06,Enviado
2834,230,6,4,200.0,0,2025-05-13,Enviado
2835,66,51,2,200.0,10,2025-02-16,Cancelado
2836,278,30,2,200.0,0,15/06/2025,Pago
2837,3,25,5,150.0,10,2025-04-14,Cancelado
2838,333,36,2,200.0,120,2025-06-09,Enviado
2839,383,67,4,150.0,10,2025-03-15,Cancelado
2840,252,34,5,200.0,120,26/05/2025,Pago
2841,422,26,2,200.0,0,2025-02-17,Pago
2842,229,98,1,150.0,120,2025-02-05,Enviado
2843,237,14,4,200.0,10,02/01/2025,Cancelado
2844,462,13,1,150.0,120,22/03/2025,Pago
2845,136,32,3,99.9,10,2025-05-25,Pago
2846,324,87,4,99.9,0,2025-01-26,Enviado
2847,408,61,5,99.9,0,07/01/2025,Enviado
2848,133,99,3,150.0,120,2025-05-17,Pago
2849,236,38,4,99.9,10,2025-03-24,Cancelado
2850,6,15,1,150.0,10,2025-02-10,Cancelado
2851,264,66,4,150.0,120,22/04/2025,Enviado
2852,473,27,4,200.0,10,2025-05-25,Enviado
2853,170,91,2,150.0,120,2025-01-17,Cancelado
2854,44,85,1,150.0,120,22/06/2025,Cancelado
2855,24,74,1,150.0,10,19/05/2025,Pago
2856,311,53,2,200.0,0,18/03/2025,Cancelado
2857,356,65,5,150.0,120,28/06/2025,Cancelado
2858,149,56,2,200.0,120,2025-02-11,Pago
2859,14,7,4,150.0,120,25/05/2025,Pago
2860,380,63,2,150.0,0,2025-03-05,Pago
2861,297,61,5,150.0,0,2025-03-27,Cancelado
2862,449,75,4,150.0,10,19/05/2025,Pago
2863,456,48,3,150.0,0,10/06/2025,Pago
2864,18,39,1,99.9,10,18/03/2025,Pago
2865,212,35,2,99.9,10,2025-01-18,Pago
2866,289,89,4,150.0,10,2025-01-19,Pago
2867,369,2,3,99.9,120,25/04/2025,Cancelado
2868,360,14,2,150.0,10,2025-06-18,Pago
2869,247,18,3,150.0,120,2025-06-02,Cancelado
2870,214,57,3,99.9,10,2025-05-03,Cancelado
2871,174,18,1,99.9,10,22/03/2025,Enviado
2872,480,80,4,150.0,10,2025-01-05,Pago
2873,372,42,5,200.0,120,08/01/2025,Enviado
2874,138,34,4,99.9,0,02/03/2025,Enviado
2875,212,17,5,200.0,120,06/05/2025,Enviado
2876,449,37,3,150.0,120,02/01/2025,Pago
2877,78,22,5,200.0,10,2025-02-15,Cancelado
2878,145,49,5,150.0,10,2025-05-31,Cancelado
2879,119,90,3,200.0,0,12/06/2025,Enviado
2880,175,51,2,150.0,10,27/05/2025,Cancelado
2881,482,18,4,200.0,120,30/03/2025,Cancelado
2882,129,84,2,150.0,120,2025-02-01,Enviado
2883,196,59,4,99.9,120,2025-04-10,Enviado
2884,222,80,4,150.0,10,01/01/2025,Cancelado
2885,237,87,2,150.0,0,2025-03-23,Pago
2886,268,5,2,99.9,0,2025-03-05,Pago
2887,181,92,3,150.0,120,2025-03-16,Enviado
2888,91,98,2,150.0,0,2025-05-03,Pago
2889,155,81,1,99.9,0,16/05/2025,Enviado
2890,473,70,1,99.9,0,2025-02-27,Pago
2891,280,57,1,150.0,10,2025-05-19,Enviado
2892,493,21,1,200.0,120,28/02/2025,Pago
2893,148,64,3,150.0,10,2025-01-25,Cancelado
2894,294,67,2,200.0,0,06/06/2025,Cancelado
2895,137,93,2,150.0,10,31/01/2025,Enviado
2896,1,57,3,150.0,120,2025-05-04,Cancelado
2897,356,35,2,99.9,10,07/05/2025,Pago
2898,417,39,5,200.0,10,23/06/2025,Cancelado
2899,176,6,4,200.0,10,20/01/2025,Pago
2899,316,90,5,200.0,10,2025-04-11,Cancelado
2901,171,63,2,150.0,0,2025-04-30,Cancelado
2902,357,16,3,150.0,120,2025-02-01,Pago
2903,246,17,5,150.0,10,06/05/2025,Enviado
2904,3,34,4,150.0,0,2025-06-12,Cancelado
2905,488,36,1,150.0,10,16/02/2025,Enviado
2906,206,7,4,150.0,0,23/06/2025,Pago
2907,192,10,1,200.0,0,2025-04-20,Cancelado
2908,341,3,2,200.0,120,2025-01-18,Enviado
2909,386,31,4,150.0,120,30/06/2025,Cancelado
2910,315,40,4,99.9,0,11/04/2025,Enviado
2911,217,41,4,150.0,0,06/03/2025,Enviado
2912,230,50,4,99.9,0,10/04/2025,Enviado
2913,392,29,4,200.0,10,16/04/2025,Pago
2914,11,8,3,150.0,0,26/01/2025,Cancelado
2915,48,41,1,150.0,120,22/03/2025,Pago
2916,50,14,2,150.0,10,2025-05-09,Cancelado
2917,21,85,1,200.0,10,23/03/2025,Enviado
2918,168,14,1,150.0,120,2025-01-28,Pago
2919,101,49,2,200.0,0,07/06/2025,Cancelado
2920,308,67,1,200.0,0,2025-03-15,Cancelado
2921,418,49,3,99.9,120,2025-05-22,Pago
2922,42,41,3,150.0,10,21/04/2025,Pago
2923,36,21,3,200.0,120,2025-02-25,Pago
2924,8,99,3,200.0,120,2025-01-08,Cancelado
2925,208,76,5,150.0,10,2025-04-15,Enviado
2926,421,4,3,150.0,0,2025-01-14,Enviado
2927,121,26,2,150.0,120,2025-05-03,Pago
2928,471,19,4,99.9,120,05/02/2025,Pago
2929,433,62,1,200.0,10,2025-02-11,Cancelado
2930,396,31,3,99.9,10,2025-04-21,Cancelado
2931,214,3,2,150.0,0,17/02/2025,Pago
2932,129,43,5,99.9,10,25/04/2025,Enviado
2933,369,57,5,200.0,0,19/02/2025,Enviado
2934,484,27,2,200.0,0,2025-03-31,Enviado
2935,28,12,3,150.0,0,29/06/2025,Cancelado
2936,423,65,1,150.0,10,2025-03-18,Enviado
2937,487,91,5,150.0,120,15/06/2025,Cancelado
2938,196,12,2,150.0,10,09/06/2025,Cancelado
2939,84,71,1,200.0,10,08/04/2025,Enviado
2940,425,57,2,200.0,0,27/05/2025,Enviado
2941,467,68,2,200.0,120,2025-06-01,Pago
2942,51,87,5,99.9,0,04/02/2025,Cancelado
2943,255,44,3,150.0,0,2025-04-04,Cancelado
2944,4,97,1,99.9,120,2025-05-04,Pago
2945,192,24,5,150.0,120,20/03/2025,Enviado
2946,138,96,2,200.0,0,28/02/2025,Pago
2947,482,90,5,99.9,0,2025-03-30,Pago
2948,92,37,1,150.0,10,15/03/2025,Cancelado
2949,198,20,1,99.9,0,25/02/2025,Pago
2950,324,35,3,150.0,120,20/06/2025,Pago
2951,136,74,1,99.9,120,2025-06-04,Pago
2952,142,26,1,200.0,10,05/02/2025,Enviado
2953,192,4,3,150.0,0,19/06/2025,Cancelado
2954,311,43,1,200.0,120,2025-01-07,Cancelado
2955,368,93,5,200.0,0,22/05/2025,Cancelado
2956,129,67,3,150.0,120,08/03/2025,Enviado
2957,136,8,2,200.0,0,2025-06-11,Enviado
2958,3,58,5,200.0,0,11/05/2025,Enviado
2959,473,80,3,99.9,0,2025-04-19,Pago
2960,497,73,4,150.0,0,2025-03-01,Cancelado
2961,88,90,4,99.9,120,10/03/2025,Pago
2962,466,28,2,99.9,10,2025-04-09,Enviado
2963,332,56,1,200.0,10,19/03/2025,Pago
2964,371,36,5,150.0,0,04/02/2025,Cancelado
2965,330,35,2,99.9,0,2025-02-24,Pago
2966,386,97,2,200.0,10,05/05/2025,Pago
2967,10,99,4,200.0,120,2025-01-01,Pago
2968,9,79,5,99.9,0,2025-05-08,Enviado
2969,111,79,2,200.0,120,19/04/2025,Pago
2970,175,19,5,150.0,120,2025-06-01,Pago
2971,235,84,1,150.0,0,2025-02-11,Cancelado
2972,298,87,2,150.0,10,2025-06-12,Pago
2973,377,47,2,150.0,0,03/03/2025,Pago
2974,435,84,1,99.9,0,17/01/2025,Enviado
2975,171,70,5,99.9,120,14/05/2025,Cancelado
2976,29,100,5,200.0,120,2025-04-10,Pago
2977,217,11,5,99.9,120,2025-06-01,Enviado
2978,139,20,4,200.0,120,2025-02-13,Pago
2979,355,17,4,200.0,0,2025-01-13,Cancelado
2980,125,72,3,150.0,120,2025-05-20,Pago
2981,331,44,4,150.0,0,29/04/2025,Enviado
2982,345,90,2,99.9,120,28/05/2025,Cancelado
2983,24,14,5,99.9,10,2025-01-08,Cancelado
2984,241,37,2,99.9,10,22/04/2025,Cancelado
2985,65,55,1,99.9,10,2025-05-16,Cancelado
2986,239,72,4,99.9,0,17/02/2025,Pago
2987,67,37,1,150.0,10,2025-04-16,Pago
2988,16,65,3,200.0,0,25/01/2025,Enviado
2989,463,62,5,150.0,0,10/03/2025,Pago
2990,27,1,5,200.0,0,2025-03-13,Pago
2991,108,14,4,99.9,0,23/04/2025,Cancelado
2992,381,73,1,150.0,120,26/03/2025,Cancelado
2993,56,34,4,150.0,120,08/01/2025,Enviado
2994,140,27,5,200.0,10,09/05/2025,Enviado
2995,412,27,3,99.9,0,22/03/2025,Pago
2996,251,85,3,150.0,120,2025-05-20,Enviado
2997,161,44,3,200.0,10,2025-05-21,Pago
2998,295,48,5,99.9,0,21/05/2025,Enviado
2999,479,52,5,99.9,120,2025-04-20,Enviado
3000,60,36,4,99.9,10,2025-06-30,Enviado
3001,323,43,5,200.0,10,2025-01-28,Enviado
3002,433,69,2,99.9,0,2025-01-22,Cancelado
3003,180,100,3,150.0,0,2025-03-02,Pago
3004,270,81,2,99.9,10,2025-03-26,Pago
3005,56,67,1,150.0,0,18/04/2025,Pago
3006,312,75,1,99.9,120,30/04/2025,Enviado
3007,448,56,1,200.0,0,07/05/2025,Enviado
3007,414,35,3,150.0,10,2025-03-31,Pago
3009,108,87,3,99.9,120,2025-01-27,Cancelado
3010,108,65,3,99.9,120,2025-01-25,Cancelado
3011,38,13,5,99.9,0,12/02/2025,Enviado
3012,342,22,3,200.0,120,30/04/2025,Enviado
3013,140,33,5,99.9,0,2025-03-16,Cancelado
3014,52,66,5,200.0,0,12/02/2025,Enviado
3015,448,3,1,200.0,0,2025-04-02,Cancelado
3016,497,45,4,99.9,0,28/04/2025,Pago
3017,339,72,1,99.9,120,2025-04-05,Pago
3018,212,25,1,99.9,120,23/03/2025,Cancelado
3019,445,74,2,99.9,0,2025-06-16,Enviado
3020,57,70,5,99.9,10,2025-01-14,Enviado
3020,312,14,3,99.9,120,18/01/2025,Pago
3022,326,42,1,200.0,120,2025-01-21,Cancelado
3023,478,85,5,150.0,120,27/06/2025,Cancelado
3024,95,100,1,200.0,0,09/06/2025,Enviado
3025,77,78,3,99.9,10,2025-05-13,Cancelado
3026,447,96,3,150.0,10,05/06/2025,Pago
3027,24,29,2,99.9,120,19/04/2025,Pago
3028,239,11,3,99.9,10,2025-02-20,Enviado
3029,340,86,3,200.0,120,28/06/2025,Enviado
3030,208,46,4,150.0,120,2025-03-08,Cancelado
3031,79,84,2,99.9,10,11/04/2025,Pago
3032,394,66,3,99.9,120,2025-02-07,Pago
3033,267,34,1,150.0,10,2025-02-27,Pago
3034,13,93,2,99.9,0,21/04/2025,Cancelado
3035,455,76,5,99.9,10,2025-04-17,Cancelado
3036,337,56,3,200.0,10,2025-02-23,Cancelado
3037,462,83,1,150.0,120,16/01/2025,Pago
3038,126,4,2,150.0,120,2025-01-12,Pago
3039,126,5,5,99.9,0,09/04/2025,Pago
3040,481,63,2,99.9,120,08/02/2025,Cancelado
3041,148,75,5,200.0,0,23/06/2025,Enviado
3042,391,98,2,150.0,10,12/06/2025,Pago
3043,440,17,2,99.9,120,2025-03-19,Cancelado
3044,490,48,1,99.9,0,2025-01-19,Enviado
3045,436,25,1,200.0,120,31/05/2025,Enviado
3046,212,78,5,150.0,10,2025-05-09,Enviado
3047,10,58,1,200.0,0,16/01/2025,Pago
3048,407,78,2,200.0,10,27/04/2025,Enviado
3049,275,21,5,150.0,10,31/03/2025,Enviado
3050,309,7,1,200.0,10,2025-04-19,Enviado
3051,157,32,5,99.9,0,04/05/2025,Enviado
3052,138,95,1,99.9,0,25/01/2025,Enviado
3053,101,53,5,99.9,0,2025-02-09,Pago
3054,233,14,3,99.9,10,2025-01-15,Pago
3055,75,11,4,99.9,10,28/05/2025,Pago
3056,128,97,3,99.9,120,28/05/2025,Cancelado
3057,275,71,2,150.0,10,06/05/2025,Pago
3058,156,2,3,200.0,120,03/02/2025,Pago
3059,454,6,4,150.0,0,23/01/2025,Cancelado
3060,341,63,2,150.0,0,2025-06-04,Enviado
3061,285,5,2,200.0,10,22/02/2025,Enviado
3062,42,40,2,200.0,120,2025-06-25,Pago
3063,242,54,1,150.0,0,2025-03-17,Cancelado
3064,442,45,3,200.0,0,2025-03-14,Enviado
3065,301,84,3,150.0,120,04/01/2025,Enviado
3066,330,15,2,150.0,120,2025-03-28,Enviado
3067,81,1,4,200.0,120,2025-05-18,Cancelado
3068,58,58,2,150.0,120,07/01/2025,Cancelado
3069,167,62,3,150.0,120,02/01/2025,Cancelado
3070,102,20,2,150.0,120,2025-02-21,Cancelado
3071,167,60,4,150.0,0,20/03/2025,Pago
3072,362,54,4,150.0,10,08/06/2025,Pago
3073,170,27,1,150.0,120,2025-01-05,Cancelado
3074,384,75,4,200.0,10,14/02/2025,Enviado
3075,200,80,2,200.0,120,03/04/2025,Pago
3076,289,24,1,200.0,120,2025-06-08,Enviado
3076,101,44,2,200.0,10,20/06/2025,Cancelado
3078,313,55,4,200.0,0,2025-04-02,Pago
3079,459,69,1,200.0,120,2025-03-20,Enviado
3080,422,45,2,200.0,120,2025-01-31,Enviado
3081,169,72,5,150.0,120,01/02/2025,Cancelado
3082,273,19,3,99.9,120,2025-02-01,Enviado
3083,230,6,5,99.9,120,02/04/2025,Enviado
3084,261,50,5,150.0,0,17/04/2025,Enviado
3085,25,67,3,150.0,10,2025-06-23,Cancelado
3086,138,68,2,200.0,10,19/06/2025,Pago
3087,495,89,2,200.0,0,2025-03-17,Cancelado
3088,484,60,4,150.0,120,2025-06-03,Pago
3089,335,10,3,150.0,10,06/04/2025,Enviado
3090,225,56,1,150.0,120,23/03/2025,Cancelado
3091,144,88,1,150.0,10,18/05/2025,Pago
3092,403,86,3,99.9,120,05/03/2025,Enviado
3093,419,74,1,99.9,120,06/05/2025,Pago
3094,207,55,4,150.0,120,2025-04-13,Pago
3095,445,97,5,150.0,0,25/04/2025,Pago
3096,375,49,5,99.9,120,08/01/2025,Cancelado
3097,341,8,2,150.0,10,08/04/2025,Pago
3097,263,6,2,200.0,10,16/02/2025,Enviado
3099,449,25,4,150.0,0,2025-06-24,Enviado
3099,294,30,5,99.9,0,2025-06-05,Pago
3101,145,51,5,200.0,0,2025-03-31,Enviado
3102,409,12,2,200.0,120,2025-05-18,Pago
3103,427,15,5,150.0,10,17/05/2025,Pago
3104,351,4,2,150.0,0,19/05/2025,Pago
3105,28,69,5,200.0,0,25/06/2025,Cancelado
3106,186,18,2,150.0,10,2025-01-31,Enviado
3107,3,59,3,150.0,0,2025-04-05,Cancelado
3108,181,73,5,99.9,120,06/01/2025,Pago
3109,106,57,5,150.0,120,2025-05-31,Cancelado
3110,233,4,3,150.0,120,15/06/2025,Cancelado
3111,241,65,3,99.9,120,2025-04-06,Enviado
3112,452,90,3,99.9,120,2025-02-08,Enviado
3113,385,25,5,99.9,10,2025-06-06,Cancelado
3114,452,11,1,200.0,120,25/02/2025,Cancelado
3115,188,52,2,150.0,0,10/02/2025,Enviado
3116,301,10,5,99.9,0,18/04/2025,Cancelado
3117,319,75,2,200.0,0,2025-01-19,Enviado
3118,441,70,4,200.0,10,22/05/2025,Pago
3119,42,27,2,99.9,120,21/03/2025,Enviado
3120,432,69,2,99.9,120,30/04/2025,Pago
3121,381,94,2,200.0,120,02/02/2025,Enviado
3122,293,98,5,200.0,0,2025-05-08,Cancelado
3123,436,44,3,200.0,0,2025-05-05,Pago
3124,203,56,3,200.0,0,2025-05-23,Pago
3125,146,23,1,99.9,0,2025-03-11,Cancelado
3126,487,24,1,150.0,0,13/05/2025,Cancelado
3127,36,84,5,150.0,0,2025-04-30,Cancelado
3128,56,5,1,150.0,0,22/01/2025,Enviado
3129,476,54,2,99.9,120,2025-01-26,Enviado
3130,319,73,2,99.9,10,29/03/2025,Cancelado
3131,168,31,3,150.0,120,2025-01-02,Pago
3132,201,73,1,99.9,10,20/04/2025,Enviado
3133,81,29,1,150.0,0,10/01/2025,Cancelado
3134,64,30,1,99.9,120,27/04/2025,Enviado
3135,333,36,5,99.9,120,09/02/2025,Pago
3136,137,35,5,99.9,10,29/03/2025,Enviado
3137,410,35,4,99.9,120,28/03/2025,Pago
3138,293,28,5,99.9,10,13/04/2025,Cancelado
3139,316,6,3,150.0,120,2025-05-18,Pago
3140,497,41,5,150.0,10,2025-05-04,Enviado
3141,230,69,1,200.0,120,13/03/2025,Enviado
3142,162,45,5,99.9,0,09/03/2025,Pago
3143,459,74,1,99.9,0,08/02/2025,Pago
3144,241,62,3,99.9,10,01/06/2025,Cancelado
3145,59,84,3,150.0,10,2025-04-30,Enviado
3146,330,21,1,99.9,0,2025-03-13,Cancelado
3147,472,9,2,200.0,0,2025-06-19,Cancelado
3148,405,48,2,200.0,10,2025-05-20,Enviado
3149,197,15,1,200.0,0,2025-02-02,Pago
3150,471,8,2,99.9,10,19/06/2025,Pago
3151,497,84,1,200.0,10,2025-03-22,Enviado
3152,489,39,4,99.9,0,13/04/2025,Enviado
3153,301,79,2,99.9,120,2025-01-16,Pago
3154,210,78,3,200.0,10,2025-03-23,Cancelado
3155,305,9,3,200.0,120,02/02/2025,Pago
3156,124,65,2,200.0,120,2025-06-17,Pago
3157,139,41,4,200.0,120,2025-03-12,Pago
3158,367,65,4,99.9,10,03/02/2025,Enviado
3159,287,51,5,200.0,0,2025-02-03,Cancelado
3160,358,4,1,150.0,10,15/06/2025,Pago
3161,253,83,1,99.9,0,06/04/2025,Cancelado
3162,493,41,4,200.0,0,01/03/2025,Enviado
3163,424,37,5,200.0,10,2025-06-03,Pago
3164,25,87,3,150.0,120,2025-03-02,Cancelado
3165,165,36,1,99.9,120,28/06/2025,Cancelado
3166,113,24,5,99.9,10,18/05/2025,Cancelado
3167,223,45,2,99.9,120,19/03/2025,Enviado
3168,260,61,3,99.9,10,2025-05-26,Enviado
3169,148,12,2,200.0,0,14/01/2025,Cancelado
3170,46,79,3,99.9,10,25/05/2025,Cancelado
3171,488,79,1,99.9,10,2025-02-08,Pago
3172,329,12,3,99.9,120,10/03/2025,Enviado
3173,319,33,1,150.0,120,2025-03-30,Cancelado
3174,199,43,3,150.0,10,20/01/2025,Pago
3175,95,23,2,99.9,0,26/04/2025,Pago
3176,165,42,2,200.0,10,01/06/2025,Pago
3177,457,63,1,150.0,0,15/04/2025,Enviado
3178,321,64,1,150.0,120,2025-01-19,Pago
3179,68,2,5,150.0,0,28/01/2025,Pago
3180,27,3,1,99.9,120,2025-02-20,Pago
3181,351,70,2,99.9,120,2025-04-07,Pago
3182,158,3,4,99.9,0,2025-03-07,Enviado
3183,13,15,5,150.0,10,13/02/2025,Enviado
3184,379,44,1,200.0,0,09/03/2025,Enviado
3185,278,71,5,99.9,0,30/04/2025,Enviado
3186,63,20,4,200.0,0,14/03/2025,Enviado
3187,179,71,1,99.9,0,10/06/2025,Cancelado
3188,491,72,3,99.9,10,2025-03-10,Pago
3189,133,15,5,99.9,0,14/02/2025,Pago
3190,49,63,5,150.0,120,19/06/2025,Pago
3191,22,86,2,200.0,120,10/04/2025,Enviado
3192,352,75,3,150.0,0,22/06/2025,Enviado
3193,33,48,2,200.0,120,2025-04-12,Pago
3194,400,15,5,150.0,120,2025-01-07,Cancelado
3195,364,88,4,99.9,0,24/02/2025,Enviado
3196,104,15,1,200.0,10,23/05/2025,Cancelado
3197,274,85,4,99.9,120,2025-05-20,Enviado
3198,28,23,3,150.0,10,30/05/2025,Cancelado
3199,142,57,2,99.9,0,12/02/2025,Enviado
3200,351,91,1,99.9,120,16/02/2025,Cancelado
3201,356,3,4,99.9,10,11/03/2025,Enviado
3202,211,35,4,150.0,0,19/01/2025,Enviado
3203,411,82,4,200.0,120,01/05/2025,Pago
3204,304,58,5,200.0,0,24/06/2025,Pago
3205,427,49,1,99.9,0,2025-02-08,Cancelado
3206,180,13,2,99.9,10,2025-01-05,Enviado
3207,257,66,4,150.0,0,20/04/2025,Enviado
3208,149,9,3,150.0,120,25/02/2025,Enviado
3209,303,13,2,99.9,10,02/01/2025,Pago
3210,371,11,1,200.0,0,2025-05-09,Cancelado
3211,114,91,2,150.0,120,01/04/2025,Enviado
3212,11,41,5,99.9,120,2025-03-26,Cancelado
3213,274,74,5,99.9,120,05/06/2025,Cancelado
3214,472,20,5,150.0,0,2025-03-31,Cancelado
3215,153,12,5,200.0,10,01/06/2025,Cancelado
3216,456,4,2,99.9,120,12/06/2025,Cancelado
3217,485,90,5,200.0,10,2025-04-26,Cancelado
3218,121,93,3,200.0,120,2025-03-15,Enviado
3219,45,14,1,150.0,0,2025-05-25,Pago
3220,74,85,4,99.9,10,06/04/2025,Pago
3221,377,86,3,99.9,0,11/04/2025,Enviado
3222,361,88,2,200.0,120,2025-01-16,Cancelado
3223,232,65,3,150.0,0,2025-04-27,Pago
3224,252,3,5,200.0,120,06/02/2025,Enviado
3225,457,63,5,150.0,10,2025-04-18,Cancelado
3226,199,42,4,200.0,10,2025-03-22,Cancelado
3227,156,59,3,200.0,120,24/05/2025,Pago
3228,453,39,3,99.9,120,29/05/2025,Cancelado
3228,490,9,1,200.0,120,24/04/2025,Enviado
3230,475,83,1,99.9,0,2025-03-15,Cancelado
3231,470,95,4,150.0,120,27/03/2025,Cancelado
3232,350,5,4,150.0,0,03/01/2025,Enviado
3233,73,53,3,150.0,120,12/03/2025,Cancelado
3234,389,21,5,150.0,120,2025-03-14,Cancelado
3235,294,63,2,150.0,120,12/01/2025,Pago
3236,387,24,3,99.9,120,2025-05-17,Enviado
3237,406,90,2,200.0,120,21/06/2025,Pago
3238,275,5,5,200.0,120,10/06/2025,Pago
3239,427,94,5,99.9,120,30/03/2025,Cancelado
3240,383,69,3,99.9,0,2025-05-18,Cancelado
3241,53,29,2,200.0,10,17/06/2025,Pago
3242,68,67,5,99.9,120,2025-01-26,Pago
3243,410,20,1,200.0,10,14/04/2025,Cancelado
3244,456,37,4,200.0,0,2025-05-15,Cancelado
3245,254,66,3,99.9,10,2025-01-09,Enviado
3246,98,38,5,99.9,120,11/04/2025,Pago
3247,152,85,5,99.9,120,2025-06-19,Pago
3248,455,24,2,200.0,120,02/06/2025,Enviado
3249,228,93,2,200.0,10,28/01/2025,Enviado
3250,130,24,3,150.0,0,2025-03-10,Pago
3251,244,91,5,150.0,0,11/02/2025,Cancelado
3252,25,58,1,150.0,10,23/01/2025,Cancelado
3253,366,94,2,99.9,0,2025-06-14,Cancelado
3254,388,63,2,200.0,10,2025-01-30,Enviado
3255,12,91,4,200.0,120,2025-01-06,Pago
3256,204,70,2,200.0,120,2025-01-26,Cancelado
3257,461,61,1,150.0,120,26/04/2025,Cancelado
3258,427,98,1,200.0,120,11/03/2025,Cancelado
3259,479,89,5,99.9,10,13/05/2025,Enviado
3260,461,28,1,99.9,0,2025-06-17,Cancelado
3261,199,88,4,99.9,0,30/06/2025,Pago
3262,292,9,4,99.9,0,23/06/2025,Pago
3263,471,59,4,99.9,0,2025-05-16,Cancelado
3264,399,73,2,200.0,120,24/02/2025,Enviado
3265,227,71,2,150.0,120,2025-04-03,Pago
3266,426,28,5,200.0,10,2025-01-26,Cancelado
3267,127,37,1,99.9,0,2025-04-24,Enviado
3268,166,36,3,200.0,0,20/04/2025,Cancelado
3269,365,23,5,150.0,120,21/05/2025,Pago
3270,323,34,1,150.0,10,2025-03-20,Pago
3271,253,62,4,99.9,120,31/01/2025,Pago
3272,151,94,4,150.0,120,21/03/2025,Cancelado
3273,68,75,3,99.9,10,2025-04-23,Enviado
3274,106,30,3,200.0,0,2025-01-04,Cancelado
3275,130,63,4,200.0,120,24/04/2025,Enviado
3276,405,87,4,99.9,0,2025-02-01,Pago
3277,189,40,1,200.0,10,2025-03-12,Enviado
3278,337,60,1,99.9,0,2025-03-19,Pago
3279,223,37,1,99.9,10,2025-05-10,Enviado
3280,393,27,2,150.0,0,26/02/2025,Pago
3281,270,95,5,150.0,0,2025-04-03,Cancelado
3282,439,82,3,99.9,120,2025-01-01,Pago
3283,159,76,5,99.9,120,02/05/2025,Enviado
3284,27,31,2,200.0,10,2025-02-07,Pago
3285,96,25,2,150.0,0,30/05/2025,Cancelado
3286,470,54,4,99.9,120,06/01/2025,Enviado
3287,279,7,5,99.9,120,15/01/2025,Cancelado
3288,174,34,5,150.0,0,10/04/2025,Pago
3289,325,77,5,200.0,0,2025-05-09,Enviado
3290,251,61,3,200.0,10,2025-04-07,Pago
3291,1,79,3,200.0,120,23/04/2025,Enviado
3292,55,91,4,99.9,0,20/03/2025,Cancelado
3293,219,46,3,150.0,120,08/05/2025,Pago
3294,246,4,1,99.9,0,2025-03-15,Enviado
3295,260,48,4,200.0,10,2025-02-24,Enviado
3296,399,42,5,150.0,0,2025-03-04,Pago
3297,497,55,5,150.0,10,2025-05-27,Pago
3298,321,53,3,99.9,0,2025-06-11,Cancelado
3299,407,78,3,150.0,0,03/05/2025,Pago
3300,391,53,4,150.0,0,2025-04-10,Enviado
3301,362,35,3,99.9,120,2025-05-14,Pago
3302,289,31,2,99.9,10,2025-01-25,Pago
3303,44,5,3,99.9,10,13/01/2025,Pago
3304,333,79,1,150.0,10,2025-05-28,Cancelado
3305,414,82,3,99.9,120,2025-01-25,Pago
3306,326,92,3,150.0,120,12/02/2025,Pago
3307,387,53,5,150.0,0,2025-03-05,Pago
3308,166,84,5,150.0,120,14/04/2025,Enviado
3309,169,31,5,99.9,0,2025-06-13,Cancelado
3310,484,100,4,150.0,0,03/01/2025,Cancelado
3311,469,5,2,150.0,120,2025-03-05,Pago
3312,378,95,2,200.0,10,30/04/2025,Pago
3313,172,39,5,99.9,10,18/06/2025,Enviado
3314,155,56,3,200.0,10,2025-05-08,Pago
3315,79,100,2,150.0,120,2025-04-12,Pago
3316,160,15,5,150.0,120,11/03/2025,Enviado
3317,311,65,3,99.9,0,11/04/2025,Cancelado
3318,464,63,3,150.0,0,2025-02-06,Enviado
3319,230,21,5,99.9,0,21/03/2025,Cancelado
3320,84,23,5,150.0,0,12/01/2025,Pago
3321,188,74,4,200.0,120,2025-05-13,Cancelado
3322,106,36,2,99.9,0,2025-01-02,Enviado
3323,113,81,5,150.0,120,24/02/2025,Enviado
3324,456,7,5,150.0,120,09/04/2025,Cancelado
3325,292,34,1,99.9,120,2025-04-23,Cancelado
3326,327,24,5,99.9,120,2025-04-24,Enviado
3327,442,95,1,99.9,0,08/02/2025,Enviado
3328,256,82,3,150.0,120,29/03/2025,Cancelado
3329,461,99,2,150.0,120,2025-02-05,Enviado
3330,79,85,4,200.0,120,2025-01-15,Cancelado
3331,135,97,3,150.0,0,2025-02-27,Cancelado
3332,353,48,3,200.0,0,2025-04-12,Pago
3333,478,92,1,99.9,10,2025-05-09,Enviado
3334,482,60,3,200.0,0,2025-06-28,Pago
3335,290,42,3,99.9,0,2025-06-29,Enviado
3336,495,34,5,150.0,0,2025-06-18,Cancelado
3337,418,28,2,200.0,120,2025-02-12,Pago
3338,150,47,5,150.0,120,2025-05-19,Cancelado
3339,90,74,1,200.0,120,2025-04-11,Pago
3340,84,17,5,99.9,10,10/01/2025,Cancelado
3341,114,12,2,150.0,10,2025-05-06,Cancelado
3342,248,42,2,200.0,10,2025-01-16,Cancelado
3343,245,14,2,150.0,0,2025-06-10,Enviado
3344,272,61,2,150.0,10,2025-06-05,Pago
3345,473,61,2,200.0,120,28/04/2025,Pago
3346,91,37,2,200.0,10,17/05/2025,Enviado
3347,370,22,5,150.0,10,2025-03-21,Pago
3348,423,63,2,200.0,10,21/05/2025,Cancelado
3349,71,37,3,99.9,0,2025-04-05,Cancelado
3350,378,15,4,200.0,120,09/03/2025,Enviado
3351,199,63,5,150.0,10,2025-06-08,Pago
3352,42,73,3,200.0,10,2025-03-05,Pago
3353,250,14,3,150.0,120,05/05/2025,Pago
3354,448,21,4,99.9,10,05/02/2025,Cancelado
3355,148,72,3,200.0,0,2025-05-23,Cancelado
3356,490,44,1,150.0,120,11/06/2025,Pago
3357,208,78,4,200.0,120,2025-02-01,Enviado
3358,114,82,2,99.9,10,20/05/2025,Pago
3359,289,41,1,150.0,10,23/06/2025,Pago
3360,214,48,5,150.0,10,2025-01-06,Pago
3361,251,11,3,200.0,10,02/05/2025,Cancelado
3362,257,50,4,200.0,10,2025-01-17,Enviado
3363,497,16,1,150.0,120,2025-03-09,Enviado
3364,83,66,4,200.0,0,2025-05-29,Cancelado
3365,267,69,3,200.0,120,19/02/2025,Enviado
3366,187,95,4,200.0,10,04/05/2025,Pago
3367,350,55,1,200.0,0,26/01/2025,Pago
3368,47,22,4,150.0,0,14/04/2025,Enviado
3369,155,23,4,150.0,10,24/02/2025,Cancelado
3370,246,48,1,99.9,10,2025-01-31,Cancelado
3371,404,39,5,200.0,10,03/06/2025,Enviado
3372,460,1,3,99.9,0,08/03/2025,Cancelado
3373,196,54,2,150.0,0,2025-04-15,Pago
3374,109,49,3,200.0,120,2025-04-22,Pago
3375,249,36,1,99.9,10,01/04/2025,Enviado
3376,195,21,4,150.0,120,2025-03-25,Cancelado
3377,194,29,1,99.9,10,25/03/2025,Pago
3378,209,72,3,99.9,10,19/05/2025,Pago
3379,12,100,4,99.9,120,15/04/2025,Enviado
3380,374,46,4,99.9,0,2025-02-19,Cancelado
3381,106,63,1,200.0,120,01/02/2025,Enviado
3382,227,35,1,200.0,10,2025-04-05,Pago
3383,442,6,5,200.0,0,26/06/2025,Enviado
3384,139,52,4,200.0,0,27/05/2025,Pago
3385,31,37,1,99.9,0,2025-03-12,Pago
3386,408,11,4,150.0,0,09/03/2025,Enviado
3387,290,63,2,150.0,120,08/06/2025,Enviado
3388,194,69,1,99.9,0,2025-05-06,Enviado
3389,291,63,5,150.0,10,2025-01-12,Pago
3390,68,31,4,99.9,0,21/01/2025,Pago
3391,224,78,5,150.0,0,2025-03-04,Enviado
3392,398,14,3,150.0,10,27/04/2025,Cancelado
3393,198,63,2,200.0,120,04/02/2025,Cancelado
3394,175,78,3,99.9,120,14/03/2025,Cancelado
3395,312,90,1,150.0,0,04/02/2025,Enviado
3396,103,66,2,99.9,0,31/03/2025,Cancelado
3397,45,97,2,150.0,0,2025-04-13,Cancelado
3398,46,4,4,200.0,10,2025-02-16,Enviado
3399,386,43,2,200.0,120,03/03/2025,Cancelado
3400,342,22,3,99.9,120,24/06/2025,Enviado
3401,83,40,1,200.0,120,05/01/2025,Cancelado
3402,217,45,5,99.9,10,2025-04-08,Pago
3403,439,18,5,200.0,10,09/03/2025,Cancelado
3404,109,56,3,200.0,10,2025-06-17,Enviado
3405,352,28,3,200.0,10,18/01/2025,Enviado
3406,116,89,5,200.0,10,2025-01-30,Cancelado
3407,471,21,2,150.0,10,2025-05-06,Pago
3408,468,83,4,99.9,120,2025-01-20,Cancelado
3409,141,99,5,200.0,0,25/02/2025,Cancelado
3410,186,78,2,200.0,120,28/06/2025,Enviado
3411,306,70,2,150.0,10,02/04/2025,Enviado
3412,153,94,3,99.9,10,2025-03-10,Cancelado
3413,68,48,5,150.0,10,08/05/2025,Cancelado
3414,309,53,1,200.0,0,2025-06-26,Pago
3415,198,81,2,200.0,120,2025-01-08,Cancelado
3416,428,93,4,150.0,0,13/01/2025,Enviado
3417,197,80,1,200.0,0,20/06/2025,Cancelado
3418,144,62,2,200.0,120,10/02/2025,Cancelado
3419,14,18,1,200.0,120,05/06/2025,Pago
3420,16,90,4,150.0,120,2025-06-17,Pago
3421,143,30,4,150.0,10,02/03/2025,Pago
3422,360,85,5,150.0,10,13/04/2025,Pago
3423,284,38,4,99.9,120,2025-02-08,Enviado
3424,38,82,5,200.0,0,22/03/2025,Cancelado
3425,314,53,2,99.9,120,2025-04-09,Cancelado
3426,195,77,4,99.9,0,2025-04-09,Enviado
3427,380,80,4,99.9,10,10/05/2025,Enviado
3428,110,4,1,150.0,0,29/04/2025,Enviado
3429,285,5,5,99.9,10,2025-05-18,Enviado
3430,377,70,1,150.0,120,25/02/2025,Cancelado
3431,42,38,5,150.0,0,2025-06-20,Pago
3432,91,93,3,99.9,0,2025-02-06,Cancelado
3433,376,81,1,99.9,0,30/06/2025,Enviado
3434,263,54,3,200.0,120,2025-02-09,Cancelado
3435,286,10,5,150.0,0,2025-06-30,Enviado
3436,362,84,5,150.0,120,22/02/2025,Cancelado
3437,18,1,1,150.0,10,2025-02-07,Pago
3438,90,23,2,150.0,120,14/03/2025,Pago
3439,303,32,5,200.0,120,29/01/2025,Pago
3440,491,100,4,200.0,0,2025-02-14,Pago
3441,342,44,2,150.0,120,2025-06-12,Enviado
3442,154,22,5,99.9,0,02/04/2025,Enviado
3443,14,13,4,150.0,10,19/05/2025,Enviado
3444,226,10,4,150.0,0,2025-06-24,Cancelado
3445,147,82,2,200.0,0,01/04/2025,Enviado
3446,44,65,1,200.0,10,2025-03-12,Enviado
3447,253,51,3,99.9,0,29/05/2025,Pago
3448,219,19,3,99.9,120,18/05/2025,Cancelado
3449,458,34,3,99.9,120,2025-05-18,Pago
3450,210,56,3,200.0,120,2025-03-07,Cancelado
3451,200,93,4,200.0,120,22/02/2025,Pago
3452,342,5,1,150.0,0,2025-02-18,Enviado
3453,25,18,3,200.0,120,2025-06-03,Enviado
3454,253,90,1,200.0,120,2025-06-16,Pago
3455,421,99,3,200.0,0,2025-05-19,Cancelado
3456,429,63,2,150.0,120,13/06/2025,Cancelado
3457,275,93,1,99.9,120,14/06/2025,Enviado
3458,354,48,2,99.9,120,14/01/2025,Enviado
3459,423,69,5,99.9,10,27/02/2025,Pago
3460,130,19,2,99.9,120,20/05/2025,Cancelado
3461,394,43,2,99.9,10,05/02/2025,Pago
3462,35,6,5,150.0,10,01/03/2025,Pago
3463,308,55,5,200.0,10,2025-06-27,Enviado
3464,481,41,2,150.0,10,28/01/2025,Cancelado
3465,102,47,5,99.9,10,2025-01-28,Pago
3466,296,91,2,200.0,0,2025-04-18,Enviado
3467,368,43,1,99.9,120,2025-02-23,Pago
3468,97,42,1,150.0,0,02/04/2025,Enviado
3469,391,3,3,200.0,0,02/05/2025,Pago
3470,215,59,4,150.0,120,2025-05-24,Enviado
3471,278,62,5,200.0,120,2025-02-24,Enviado
3472,296,21,1,150.0,10,05/06/2025,Pago
3473,457,20,4,150.0,120,2025-02-19,Pago
3474,471,43,3,200.0,0,2025-01-28,Cancelado
3475,149,99,2,200.0,10,26/03/2025,Enviado
3476,95,97,2,99.9,120,21/06/2025,Enviado
3477,9,70,5,200.0,120,2025-04-17,Cancelado
3478,148,45,5,200.0,10,2025-01-09,Pago
3479,5,2,4,150.0,10,26/04/2025,Enviado
3480,155,58,1,150.0,0,2025-03-13,Cancelado
3481,227,89,3,99.9,10,08/03/2025,Enviado
3482,346,51,2,150.0,120,18/03/2025,Cancelado
3483,167,55,3,99.9,120,21/02/2025,Enviado
3484,124,21,2,150.0,120,11/02/2025,Pago
3485,31,27,5,150.0,120,2025-06-09,Cancelado
3486,56,93,5,150.0,120,23/06/2025,Pago
3487,252,67,1,150.0,120,2025-05-13,Pago
3488,473,76,5,200.0,10,2025-05-10,Cancelado
3489,177,59,4,150.0,10,10/05/2025,Pago
3490,27,42,1,150.0,10,2025-04-04,Pago
3491,104,4,2,99.9,120,04/06/2025,Cancelado
3492,358,72,1,200.0,10,26/03/2025,Cancelado
3493,368,84,3,99.9,0,2025-04-30,Enviado
3494,397,59,1,150.0,10,13/01/2025,Pago
3495,471,33,2,200.0,0,2025-05-04,Pago
3496,451,98,3,150.0,120,19/02/2025,Pago
3497,180,6,3,150.0,0,05/04/2025,Pago
3498,266,5,2,200.0,0,2025-05-10,Enviado
3499,302,54,2,150.0,120,11/04/2025,Pago
3499,102,2,2,99.9,120,2025-01-30,Enviado
3501,30,83,4,99.9,10,2025-02-01,Pago
3502,332,40,2,200.0,120,2025-05-26,Enviado
3503,262,83,3,150.0,120,07/05/2025,Enviado
3504,195,64,4,99.9,0,2025-04-30,Cancelado
3505,441,35,3,200.0,10,2025-03-28,Cancelado
3506,232,53,3,150.0,0,2025-03-02,Pago
3507,196,59,1,99.9,120,2025-02-25,Enviado
3508,345,53,2,150.0,120,24/03/2025,Pago
3509,329,3,3,200.0,10,21/02/2025,Cancelado
3510,137,96,4,99.9,0,02/01/2025,Cancelado
3511,279,48,4,99.9,120,2025-01-27,Pago
3512,25,60,5,200.0,120,2025-03-11,Enviado
3513,43,16,1,99.9,10,19/03/2025,Pago
3514,298,55,5,150.0,10,2025-02-20,Pago
3515,240,39,4,200.0,10,2025-03-23,Cancelado
3516,371,5,2,99.9,10,26/04/2025,Enviado
3517,175,39,2,200.0,120,26/04/2025,Cancelado
3518,107,15,5,99.9,120,2025-05-11,Pago
3519,85,43,5,200.0,10,2025-02-03,Enviado
3520,26,5,2,99.9,10,2025-02-04,Cancelado
3521,176,50,5,200.0,10,2025-04-28,Cancelado
3522,485,48,2,150.0,120,28/05/2025,Pago
3523,403,18,2,150.0,0,22/04/2025,Cancelado
3524,103,1,3,200.0,120,2025-02-24,Pago
3525,255,92,5,200.0,120,2025-05-09,Cancelado
3526,209,43,1,150.0,120,04/03/2025,Enviado
3527,411,53,3,150.0,10,06/01/2025,Enviado
3528,82,76,2,99.9,120,17/06/2025,Pago
3529,99,59,5,150.0,120,23/01/2025,Pago
3530,277,55,2,150.0,120,2025-04-27,Pago
3531,12,50,1,150.0,120,24/02/2025,Cancelado
3532,490,76,5,99.9,10,08/04/2025,Pago
3533,8,94,4,200.0,10,2025-06-15,Enviado
3534,420,76,4,99.9,0,2025-02-12,Cancelado
3535,162,62,3,99.9,10,13/02/2025,Enviado
3536,282,27,5,200.0,120,2025-03-22,Cancelado
3537,184,99,3,99.9,0,26/05/2025,Cancelado
3538,106,36,1,200.0,10,2025-04-02,Cancelado
3539,142,84,3,99.9,10,17/02/2025,Pago
3540,244,32,5,200.0,10,2025-01-07,Enviado
3541,153,99,4,200.0,0,04/01/2025,Enviado
3542,116,43,4,99.9,10,04/04/2025,Pago
3543,200,43,3,200.0,0,07/02/2025,Cancelado
3544,32,34,1,150.0,10,06/06/2025,Enviado
3545,388,72,3,150.0,120,29/03/2025,Pago
3546,201,32,5,99.9,0,2025-04-27,Enviado
3547,320,100,2,99.9,10,2025-06-23,Enviado
3548,217,87,3,99.9,10,07/05/2025,Enviado
3549,488,76,4,150.0,10,03/01/2025,Enviado
3550,232,1,3,200.0,10,12/04/2025,Pago
3551,481,52,4,200.0,120,2025-03-09,Cancelado
3552,17,39,1,99.9,10,2025-05-20,Pago
3553,261,26,3,150.0,10,2025-06-25,Cancelado
3554,455,51,3,200.0,120,2025-05-12,Cancelado
3555,42,27,3,200.0,120,10/02/2025,Cancelado
3556,436,65,1,150.0,0,2025-02-08,Cancelado
3557,260,36,2,99.9,120,2025-01-09,Pago
3558,493,32,5,150.0,0,04/05/2025,Cancelado
3559,5,51,4,200.0,120,2025-03-28,Cancelado
3560,389,16,5,150.0,10,2025-02-19,Pago
3561,314,54,3,99.9,0,2025-06-01,Cancelado
3561,483,70,2,200.0,10,2025-02-12,Pago
3563,342,50,4,200.0,0,18/03/2025,Cancelado
3564,361,72,5,150.0,10,2025-04-06,Pago
3565,433,56,1,99.9,0,2025-04-18,Enviado
3566,218,94,3,150.0,120,2025-05-18,Pago
3567,379,54,5,200.0,0,2025-02-23,Enviado
3568,21,55,1,99.9,120,2025-02-24,Cancelado
3569,128,62,5,99.9,0,05/01/2025,Enviado
3570,371,27,3,150.0,10,12/05/2025,Enviado
3571,100,55,2,200.0,10,06/03/2025,Pago
3572,21,92,3,150.0,10,04/02/2025,Pago
3573,460,5,4,150.0,0,2025-04-28,Enviado
3574,85,21,2,200.0,120,2025-03-30,Cancelado
3575,394,73,4,200.0,10,2025-05-07,Cancelado
3576,139,91,4,200.0,120,2025-05-05,Cancelado
3577,441,57,2,200.0,10,2025-02-16,Pago
3578,131,33,3,99.9,10,07/03/2025,Cancelado
3579,211,85,2,150.0,0,21/06/2025,Enviado
3580,90,67,3,99.9,10,19/02/2025,Enviado
3581,286,83,4,200.0,10,2025-04-20,Cancelado
3582,467,64,1,99.9,0,2025-06-08,Cancelado
3583,193,17,1,99.9,0,30/06/2025,Pago
3584,358,61,3,150.0,120,2025-04-10,Enviado
3585,424,13,3,200.0,120,04/06/2025,Cancelado
3586,188,34,4,150.0,120,18/02/2025,Pago
3587,162,14,3,99.9,120,31/03/2025,Pago
3588,184,10,5,200.0,0,2025-04-14,Pago
3589,165,60,4,200.0,120,2025-02-10,Pago
3590,238,62,4,150.0,120,21/05/2025,Cancelado
3591,209,26,3,99.9,10,17/06/2025,Pago
3592,262,52,2,99.9,120,2025-01-13,Enviado
3593,429,55,3,99.9,10,2025-01-28,Cancelado
3594,327,15,3,150.0,120,04/02/2025,Cancelado
3595,203,37,5,99.9,0,2025-01-09,Enviado
3596,277,10,4,99.9,0,22/02/2025,Cancelado
3597,73,100,5,150.0,0,2025-03-15,Enviado
3598,473,64,2,200.0,10,04/02/2025,Cancelado
3599,455,74,3,200.0,120,05/03/2025,Pago
3600,424,18,3,99.9,120,2025-01-17,Cancelado
3601,55,18,2,150.0,10,2025-03-13,Enviado
3602,133,73,4,99.9,10,2025-05-26,Enviado
3603,122,27,3,99.9,10,03/05/2025,Enviado
3604,233,65,3,99.9,10,21/06/2025,Enviado
3605,201,58,4,99.9,120,10/02/2025,Enviado
3606,251,77,5,200.0,120,04/01/2025,Enviado
3606,437,8,4,150.0,0,03/02/2025,Cancelado
3608,456,66,3,99.9,120,27/03/2025,Pago
3609,499,19,4,99.9,120,2025-01-06,Pago
3610,446,18,3,200.0,120,28/03/2025,Pago
3611,252,88,3,99.9,10,2025-04-06,Enviado
3612,182,22,3,200.0,120,20/05/2025,Pago
3613,444,60,4,200.0,0,2025-01-15,Enviado
3614,27,36,2,99.9,10,04/01/2025,Cancelado
3615,237,58,4,99.9,120,07/02/2025,Enviado
3616,429,55,5,150.0,10,2025-02-10,Cancelado
3617,118,3,5,200.0,0,2025-03-16,Cancelado
3618,332,31,5,200.0,0,23/04/2025,Enviado
3619,174,1,3,200.0,0,2025-02-22,Enviado
3620,38,99,2,150.0,0,2025-05-07,Enviado
3621,99,68,4,200.0,0,2025-06-03,Enviado
3622,376,83,5,150.0,120,25/02/2025,Cancelado
3623,435,92,2,200.0,0,04/04/2025,Pago
3624,139,6,2,150.0,120,2025-05-08,Enviado
3625,186,100,5,200.0,120,2025-02-27,Pago
3626,92,94,4,200.0,10,2025-03-24,Enviado
3627,60,48,1,200.0,120,2025-06-10,Enviado
3628,3,8,4,150.0,0,12/04/2025,Cancelado
3629,109,47,3,99.9,10,2025-01-28,Cancelado
3630,121,59,5,150.0,120,2025-06-04,Cancelado
3631,111,9,1,99.9,0,09/05/2025,Cancelado
3632,8,99,1,200.0,0,2025-06-24,Cancelado
3633,24,51,1,99.9,0,2025-01-02,Cancelado
3634,393,97,4,99.9,120,2025-01-10,Enviado
3635,60,5,1,99.9,10,14/01/2025,Pago
3636,307,71,5,99.9,0,2025-01-01,Pago
3637,432,36,3,150.0,10,2025-06-18,Enviado
3638,497,75,3,200.0,0,04/05/2025,Pago
3639,129,81,5,200.0,0,20/05/2025,Pago
3640,298,37,3,150.0,10,08/01/2025,Enviado
3641,198,48,3,200.0,10,2025-03-10,Cancelado
3642,259,18,1,200.0,0,16/02/2025,Enviado
3643,318,4,3,200.0,120,2025-01-19,Enviado
3644,375,93,3,200.0,0,2025-06-28,Pago
3645,145,56,1,99.9,0,03/03/2025,Enviado
3646,131,74,4,99.9,10,2025-06-22,Enviado
3647,473,89,3,150.0,10,15/02/2025,Pago
3648,438,22,1,200.0,0,02/03/2025,Cancelado
3649,340,65,1,200.0,0,2025-04-18,Enviado
3650,499,94,1,150.0,120,21/03/2025,Pago
3651,143,2,5,99.9,10,2025-03-31,Enviado
3652,128,96,5,150.0,10,22/03/2025,Pago
3653,53,68,5,150.0,0,2025-03-04,Enviado
3654,134,60,2,150.0,120,31/03/2025,Enviado
3655,446,17,5,200.0,120,22/02/2025,Cancelado
3656,76,66,3,200.0,10,02/05/2025,Pago
3657,379,96,4,200.0,0,2025-06-12,Pago
3658,96,60,4,99.9,120,2025-05-13,Enviado
3659,287,11,3,150.0,0,2025-01-06,Pago
3660,262,46,5,200.0,0,26/01/2025,Pago
3661,465,84,2,200.0,120,2025-01-27,Cancelado
3662,216,21,4,150.0,10,2025-03-28,Cancelado
3663,326,88,2,200.0,0,24/01/2025,Enviado
3664,437,87,1,99.9,0,08/03/2025,Pago
3665,165,79,5,200.0,10,2025-04-12,Enviado
3666,488,63,1,150.0,0,2025-03-14,Pago
3667,417,55,1,200.0,120,12/01/2025,Enviado
3668,38,40,2,150.0,0,2025-02-26,Cancelado
3669,354,50,1,150.0,0,2025-03-16,Pago
3670,127,9,1,150.0,10,02/02/2025,Enviado
3671,408,61,2,200.0,10,13/01/2025,Pago
3672,110,10,1,200.0,120,19/04/2025,Pago
3673,145,75,2,200.0,10,2025-02-03,Cancelado
3674,397,46,2,200.0,0,01/06/2025,Pago
3675,142,31,4,200.0,120,2025-01-05,Pago
3676,354,46,4,200.0,10,2025-04-02,Cancelado
3677,302,32,2,99.9,0,18/05/2025,Cancelado
3678,384,61,2,99.9,10,13/01/2025,Cancelado
3679,236,64,5,200.0,0,18/05/2025,Pago
3680,8,100,4,150.0,10,2025-03-05,Cancelado
3681,348,24,2,200.0,120,23/06/2025,Pago
3682,182,34,1,150.0,10,20/05/2025,Cancelado
3683,292,50,5,150.0,120,14/05/2025,Enviado
3684,118,81,5,99.9,0,2025-02-18,Enviado
3685,84,27,5,200.0,0,2025-02-26,Enviado
3686,291,3,1,99.9,10,13/06/2025,Pago
3687,242,12,1,200.0,120,16/03/2025,Pago
3688,303,99,2,200.0,0,2025-01-07,Pago
3689,74,82,4,99.9,0,16/03/2025,Pago
3690,228,91,1,99.9,0,18/03/2025,Enviado
3691,239,21,5,150.0,0,15/03/2025,Cancelado
3692,15,11,4,200.0,120,25/05/2025,Cancelado
3693,360,15,2,200.0,0,18/05/2025,Pago
3694,463,69,1,150.0,0,10/03/2025,Enviado
3695,70,21,1,99.9,10,2025-05-26,Pago
3696,169,57,5,150.0,0,05/01/2025,Cancelado
3697,402,7,2,200.0,0,06/05/2025,Cancelado
3698,268,98,5,150.0,120,26/01/2025,Enviado
3699,186,54,1,200.0,120,2025-03-29,Enviado
3700,410,47,5,200.0,10,19/01/2025,Pago
3701,289,90,4,200.0,120,04/01/2025,Enviado
3702,474,48,5,150.0,10,27/06/2025,Cancelado
3703,138,77,4,150.0,10,2025-03-04,Cancelado
3704,454,45,5,200.0,10,22/04/2025,Pago
3705,267,74,5,99.9,10,30/04/2025,Pago
3706,381,50,3,99.9,10,2025-02-22,Pago
3707,293,97,4,150.0,10,2025-02-18,Cancelado
3708,54,30,1,200.0,0,06/02/2025,Pago
3709,51,65,3,99.9,10,2025-01-19,Cancelado
3710,336,84,1,200.0,120,16/06/2025,Enviado
3711,239,98,3,150.0,0,03/06/2025,Cancelado
3712,209,34,4,150.0,10,2025-01-11,Enviado
3713,257,91,5,200.0,120,2025-04-02,Pago
3714,251,44,1,150.0,120,26/03/2025,Enviado
3715,426,42,4,200.0,10,31/05/2025,Pago
3716,350,82,2,200.0,120,06/02/2025,Pago
3717,126,49,1,200.0,0,2025-02-04,Cancelado
3718,185,23,1,99.9,0,20/06/2025,Enviado
3719,97,12,3,150.0,10,17/05/2025,Cancelado
3720,402,27,2,200.0,0,10/04/2025,Pago
3721,317,13,2,150.0,10,11/04/2025,Enviado
3722,189,1,1,99.9,0,2025-03-22,Enviado
3723,298,24,4,200.0,0,2025-02-24,Enviado
3724,28,85,5,200.0,120,16/03/2025,Cancelado
3725,321,8,5,200.0,120,2025-04-15,Enviado
3726,495,49,1,150.0,0,2025-03-14,Pago
3727,365,95,2,200.0,0,2025-06-15,Enviado
3728,40,35,2,150.0,120,24/02/2025,Enviado
3728,361,76,1,200.0,120,06/05/2025,Cancelado
3730,29,95,4,99.9,10,2025-03-30,Enviado
3731,1,76,1,99.9,0,26/05/2025,Pago
3732,389,27,5,150.0,0,2025-06-14,Cancelado
3733,356,16,2,150.0,10,2025-04-22,Cancelado
3734,114,33,4,99.9,120,2025-01-21,Enviado
3735,293,66,1,200.0,0,2025-03-05,Cancelado
3736,123,63,2,99.9,0,2025-02-09,Pago
3737,238,7,4,200.0,10,2025-05-08,Enviado
3738,138,69,1,150.0,120,20/02/2025,Pago
3739,424,12,2,150.0,0,04/05/2025,Cancelado
3740,470,43,1,150.0,10,03/02/2025,Enviado
3741,238,30,2,200.0,10,2025-03-03,Pago
3742,16,30,4,200.0,120,2025-03-18,Pago
3743,37,32,5,99.9,0,14/03/2025,Enviado
3744,428,46,1,99.9,0,24/01/2025,Cancelado
3745,336,69,5,200.0,10,2025-06-20,Enviado
3746,434,33,4,99.9,0,2025-03-17,Pago
3747,378,73,3,150.0,120,04/01/2025,Enviado
3748,137,68,4,99.9,0,2025-05-02,Cancelado
3749,422,61,1,99.9,10,10/01/2025,Enviado
3750,357,15,4,99.9,120,2025-01-07,Pago
3751,406,16,1,200.0,0,2025-01-20,Pago
3752,221,8,2,200.0,120,02/03/2025,Cancelado
3753,235,99,2,99.9,120,13/02/2025,Cancelado
3754,26,97,4,150.0,120,2025-03-09,Cancelado
3755,451,61,4,99.9,120,2025-02-01,Cancelado
3756,474,65,1,150.0,0,2025-04-27,Pago
3757,486,36,3,150.0,0,2025-05-30,Pago
3758,201,54,3,150.0,10,2025-06-15,Enviado
3759,19,31,2,200.0,120,2025-04-16,Cancelado
3760,497,74,5,200.0,10,2025-01-26,Pago
3761,489,29,1,99.9,0,20/05/2025,Enviado
3762,405,44,5,200.0,120,2025-05-11,Enviado
3763,144,92,2,150.0,120,2025-03-23,Cancelado
3764,263,75,5,200.0,0,2025-01-16,Cancelado
3765,12,19,4,200.0,0,05/01/2025,Enviado
3766,369,10,2,200.0,10,2025-06-17,Pago
3767,331,86,5,150.0,120,02/03/2025,Cancelado
3768,280,27,5,150.0,10,08/05/2025,Cancelado
3769,136,3,2,99.9,120,18/01/2025,Pago
3770,215,91,4,99.9,120,23/06/2025,Cancelado
3771,251,81,5,200.0,0,2025-06-02,Enviado
3772,5,96,2,99.9,120,2025-05-28,Enviado
3773,450,38,3,99.9,0,24/01/2025,Enviado
3774,28,26,5,99.9,120,16/01/2025,Enviado
3775,308,82,5,200.0,10,2025-04-02,Pago
3776,133,25,5,200.0,0,2025-03-10,Enviado
3777,440,40,5,150.0,10,2025-05-21,Cancelado
3778,431,51,2,99.9,0,2025-06-30,Cancelado
3779,197,78,5,150.0,120,23/04/2025,Cancelado
3780,134,84,3,150.0,120,30/04/2025,Pago
3781,417,12,3,99.9,0,24/05/2025,Pago
3782,22,40,4,99.9,0,2025-04-27,Pago
3783,397,52,1,99.9,0,2025-05-21,Cancelado
3784,137,26,1,99.9,10,2025-05-31,Pago
3785,474,31,2,150.0,0,10/05/2025,Enviado
3786,486,55,1,150.0,120,12/04/2025,Cancelado
3787,128,64,4,99.9,120,2025-05-16,Enviado
3788,461,54,4,200.0,120,2025-04-29,Cancelado
3789,17,87,3,150.0,120,22/02/2025,Cancelado
3790,418,59,2,99.9,0,23/04/2025,Pago
3791,55,18,4,150.0,120,2025-04-27,Enviado
3792,163,74,2,99.9,120,2025-03-22,Cancelado
3793,180,19,1,99.9,120,05/01/2025,Pago
3794,197,17,1,150.0,120,12/03/2025,Enviado
3795,140,91,3,200.0,120,29/03/2025,Cancelado
3796,93,11,2,99.9,120,2025-02-05,Cancelado
3797,4,53,2,99.9,120,13/02/2025,Pago
3798,477,75,1,200.0,0,11/04/2025,Pago
3799,351,86,4,150.0,120,07/01/2025,Enviado
3800,35,77,4,99.9,10,2025-04-24,Enviado
3801,252,37,1,200.0,120,2025-04-23,Enviado
3802,214,83,3,150.0,0,2025-02-18,Cancelado
3803,233,95,2,99.9,0,2025-01-13,Pago
3804,223,64,2,99.9,0,14/06/2025,Enviado
3805,454,83,1,99.9,120,15/02/2025,Cancelado
3806,7,54,5,99.9,0,20/01/2025,Cancelado
3807,486,79,2,99.9,10,17/05/2025,Cancelado
3808,173,1,5,99.9,10,2025-04-19,Cancelado
3809,367,94,3,150.0,120,06/01/2025,Pago
3810,207,33,1,99.9,0,2025-06-12,Enviado
3811,490,29,3,99.9,120,2025-06-29,Enviado
3812,370,91,3,200.0,120,2025-01-05,Pago
3813,367,64,2,200.0,120,26/01/2025,Enviado
3814,185,11,4,200.0,120,2025-01-17,Enviado
3815,220,44,3,99.9,0,29/01/2025,Pago
3816,344,97,4,99.9,0,2025-04-01,Enviado
3817,270,71,5,99.9,120,20/06/2025,Pago
3818,101,18,3,99.9,0,2025-04-24,Enviado
3819,177,60,1,150.0,10,2025-01-24,Pago
3820,1,13,5,99.9,0,2025-04-07,Enviado
3821,485,12,5,200.0,10,2025-03-24,Cancelado
3822,260,6,3,150.0,0,2025-02-26,Enviado
3823,454,4,3,150.0,0,2025-03-02,Cancelado
3824,113,59,5,150.0,0,15/04/2025,Cancelado
3825,468,56,2,150.0,0,2025-06-01,Enviado
3826,346,37,2,99.9,120,2025-04-11,Cancelado
3827,462,55,3,200.0,0,18/01/2025,Enviado
3828,218,2,2,200.0,10,15/05/2025,Pago
3829,222,4,1,150.0,0,15/04/2025,Enviado
3830,347,17,5,200.0,10,22/01/2025,Pago
3831,104,43,1,200.0,120,2025-01-10,Pago
3832,445,88,3,200.0,10,23/02/2025,Enviado
3833,462,57,3,99.9,120,2025-02-12,Pago
3834,240,36,1,200.0,10,2025-01-24,Pago
3835,160,67,4,200.0,0,06/03/2025,Pago
3836,133,66,4,99.9,10,27/05/2025,Cancelado
3837,211,1,5,99.9,0,2025-03-08,Pago
3838,25,5,3,99.9,0,2025-06-04,Enviado
3839,84,93,4,200.0,0,23/02/2025,Cancelado
3840,124,75,2,200.0,120,15/03/2025,Pago
3841,258,91,5,99.9,10,15/04/2025,Pago
3842,319,71,4,99.9,0,19/02/2025,Pago
3843,496,74,1,200.0,120,20/04/2025,Pago
3844,142,64,1,99.9,0,26/06/2025,Enviado
3845,174,90,4,99.9,120,2025-04-20,Cancelado
3846,487,81,1,150.0,0,2025-02-06,Cancelado
3847,411,61,5,200.0,10,2025-05-08,Pago
3848,171,57,1,200.0,0,2025-04-30,Cancelado
3849,91,68,4,150.0,10,2025-02-01,Cancelado
3850,421,83,2,99.9,0,20/03/2025,Pago
3851,434,94,4,150.0,0,2025-06-04,Cancelado
3852,271,61,5,99.9,120,17/04/2025,Pago
3853,148,28,4,150.0,0,2025-01-02,Cancelado
3854,452,77,2,99.9,10,2025-06-30,Enviado
3855,79,81,1,200.0,10,25/01/2025,Enviado
3856,423,42,1,200.0,120,11/04/2025,Cancelado
3857,404,41,5,99.9,10,2025-06-09,Cancelado
3858,466,62,1,99.9,0,2025-06-14,Cancelado
3859,24,52,5,200.0,0,27/02/2025,Cancelado
3860,298,84,2,150.0,10,14/05/2025,Enviado
3861,247,28,4,200.0,0,2025-04-01,Enviado
3862,106,95,4,99.9,0,2025-04-14,Enviado
3863,102,27,1,150.0,120,06/05/2025,Cancelado
3864,28,56,1,99.9,10,02/06/2025,Pago
3865,280,14,4,200.0,120,2025-06-21,Pago
3866,138,63,3,99.9,120,19/01/2025,Cancelado
3867,81,58,1,99.9,120,2025-05-13,Cancelado
3868,129,41,1,200.0,0,20/03/2025,Enviado
3869,442,78,1,150.0,0,07/06/2025,Enviado
3870,334,63,4,200.0,10,12/01/2025,Enviado
3871,201,59,1,200.0,120,2025-01-11,Enviado
3872,445,82,2,150.0,10,10/03/2025,Pago
3873,131,74,2,150.0,10,2025-03-24,Pago
3874,469,67,1,99.9,0,10/05/2025,Pago
3875,15,58,3,200.0,120,2025-06-30,Pago
3876,483,19,4,200.0,120,05/01/2025,Enviado
3877,377,59,5,150.0,120,26/06/2025,Enviado
3878,56,75,3,200.0,0,2025-01-10,Cancelado
3879,297,82,1,150.0,10,2025-06-29,Pago
3880,336,83,3,150.0,10,20/01/2025,Enviado
3881,73,39,3,200.0,120,2025-01-02,Enviado
3882,446,26,2,150.0,120,26/01/2025,Enviado
3882,151,6,2,200.0,0,25/05/2025,Enviado
3884,136,44,5,99.9,10,15/06/2025,Pago
3885,200,7,2,150.0,10,2025-04-12,Enviado
3886,88,28,2,150.0,120,2025-06-14,Enviado
3887,175,9,1,99.9,120,2025-06-22,Pago
3888,76,90,2,99.9,0,18/04/2025,Cancelado
3889,284,59,1,200.0,0,2025-04-30,Cancelado
3890,400,8,5,99.9,120,2025-03-24,Pago
3891,288,34,3,150.0,120,2025-05-22,Enviado
3892,407,87,4,150.0,10,14/04/2025,Enviado
3893,282,73,4,200.0,10,13/04/2025,Cancelado
3894,351,48,4,99.9,10,31/05/2025,Cancelado
3895,232,97,1,150.0,0,30/03/2025,Cancelado
3896,469,49,5,200.0,120,12/06/2025,Cancelado
3897,307,66,3,99.9,0,2025-05-10,Enviado
3898,84,57,2,200.0,10,2025-04-22,Cancelado
3899,314,44,2,150.0,0,27/06/2025,Cancelado
3900,282,56,5,200.0,120,2025-01-02,Pago
3901,328,26,3,150.0,0,16/05/2025,Pago
3901,480,10,2,200.0,10,2025-05-16,Enviado
3903,112,17,3,99.9,0,06/01/2025,Enviado
3904,293,97,4,200.0,0,2025-01-23,Enviado
3905,39,65,4,200.0,10,2025-02-23,Pago
3906,31,81,5,150.0,10,26/01/2025,Pago
3907,461,40,1,99.9,10,2025-02-06,Enviado
3908,460,94,3,200.0,0,05/02/2025,Pago
3909,117,12,4,200.0,120,2025-01-31,Cancelado
3910,32,17,3,99.9,0,2025-02-23,Pago
3911,463,9,4,99.9,10,07/04/2025,Pago
3911,268,82,4,99.9,0,2025-01-01,Enviado
3913,65,72,2,99.9,10,22/05/2025,Pago
3914,395,90,4,200.0,10,2025-06-01,Pago
3915,364,17,4,99.9,10,2025-01-19,Pago
3916,376,40,3,99.9,10,2025-05-28,Enviado
3917,470,44,1,200.0,0,2025-01-23,Pago
3918,149,42,1,150.0,10,2025-04-20,Cancelado
3919,161,31,3,150.0,120,14/01/2025,Cancelado
3920,412,59,1,200.0,0,2025-04-04,Cancelado
3921,412,41,1,150.0,120,12/04/2025,Enviado
3922,166,96,5,99.9,120,22/02/2025,Pago
3923,252,50,1,99.9,0,2025-01-14,Cancelado
3924,265,47,4,150.0,120,01/05/2025,Cancelado
3925,333,5,3,99.9,120,09/02/2025,Pago
3926,62,3,4,99.9,0,2025-06-08,Enviado
3927,240,43,2,99.9,0,01/03/2025,Pago
3928,383,67,1,150.0,120,2025-03-03,Pago
3929,66,100,4,200.0,0,22/04/2025,Enviado
3930,290,25,4,150.0,120,13/02/2025,Cancelado
3931,424,61,2,150.0,10,2025-05-12,Cancelado
3932,218,83,4,200.0,0,2025-06-13,Enviado
3933,480,72,4,200.0,120,2025-01-29,Pago
3934,29,15,5,150.0,0,2025-03-01,Pago
3935,332,13,2,200.0,0,17/06/2025,Cancelado
3936,184,25,4,99.9,10,02/06/2025,Enviado
3937,48,90,5,200.0,10,25/02/2025,Cancelado
3938,101,71,3,99.9,120,26/02/2025,Pago
3939,439,34,3,99.9,0,2025-01-26,Cancelado
3940,179,98,2,99.9,10,2025-06-20,Pago
3941,354,68,5,99.9,10,24/02/2025,Cancelado
3942,117,81,5,200.0,120,06/05/2025,Enviado
3943,307,8,5,200.0,10,24/02/2025,Cancelado
3944,424,20,5,200.0,10,2025-03-31,Cancelado
3945,411,27,3,200.0,0,2025-03-27,Cancelado
3946,232,38,4,150.0,120,16/05/2025,Pago
3947,188,88,3,200.0,10,19/02/2025,Pago
3948,471,53,4,150.0,0,05/03/2025,Cancelado
3949,89,96,1,150.0,10,2025-01-01,Pago
3950,157,76,1,150.0,0,2025-06-01,Pago
3951,247,82,2,99.9,0,10/03/2025,Pago
3952,56,77,2,99.9,120,2025-06-04,Enviado
3953,33,23,3,99.9,10,2025-06-20,Cancelado
3954,257,73,4,200.0,0,2025-06-30,Enviado
3955,132,52,2,99.9,120,2025-02-18,Cancelado
3956,20,22,4,200.0,120,2025-04-11,Enviado
3957,166,25,5,200.0,10,2025-05-03,Cancelado
3958,460,90,3,200.0,10,22/05/2025,Enviado
3959,286,44,4,99.9,120,2025-01-11,Cancelado
3960,67,77,4,150.0,120,2025-06-24,Pago
3960,168,68,5,150.0,10,2025-03-21,Cancelado
3962,116,8,5,150.0,10,22/06/2025,Pago
3963,400,78,1,200.0,10,2025-04-02,Enviado
3964,336,62,3,99.9,120,2025-01-22,Enviado
3965,46,84,5,99.9,10,26/04/2025,Enviado
3966,188,81,4,200.0,10,2025-05-04,Pago
3967,124,40,1,99.9,10,23/06/2025,Cancelado
3968,79,78,3,150.0,10,27/06/2025,Enviado
3969,54,41,5,200.0,10,2025-01-14,Enviado
3970,134,65,5,99.9,10,2025-01-26,Pago
3971,219,24,3,200.0,0,21/01/2025,Cancelado
3972,469,38,2,150.0,0,2025-03-14,Cancelado
3973,192,35,1,99.9,10,2025-03-31,Pago
3973,221,90,5,150.0,0,2025-02-03,Pago
3975,408,52,3,99.9,0,2025-03-31,Cancelado
3976,428,13,2,150.0,10,2025-02-05,Cancelado
3977,442,50,4,99.9,10,2025-03-07,Pago
3978,46,84,5,200.0,120,06/03/2025,Enviado
3979,345,69,5,200.0,10,14/01/2025,Pago
3980,463,9,1,150.0,10,15/03/2025,Pago
3981,114,7,4,150.0,120,2025-06-08,Pago
3982,491,66,4,99.9,120,2025-04-11,Cancelado
3983,218,5,1,200.0,0,2025-02-03,Enviado
3984,19,81,1,99.9,120,2025-04-26,Enviado
3985,289,56,3,150.0,120,2025-04-24,Enviado
3986,375,85,3,200.0,120,26/05/2025,Cancelado
3987,79,32,1,99.9,120,09/02/2025,Cancelado
3988,34,10,3,150.0,10,2025-04-13,Cancelado
3989,144,50,2,200.0,10,2025-06-19,Cancelado
3990,386,68,5,99.9,0,2025-06-13,Enviado
3991,221,75,5,150.0,10,30/04/2025,Pago
3992,490,57,3,99.9,120,11/06/2025,Enviado
3993,32,25,4,200.0,0,2025-04-27,Pago
3994,499,33,4,99.9,10,13/03/2025,Enviado
3995,133,11,4,200.0,0,28/05/2025,Enviado
3996,391,30,5,99.9,10,2025-02-09,Enviado
3997,128,49,2,150.0,0,2025-03-18,Pago
3998,51,22,2,200.0,0,03/04/2025,Pago
3999,119,9,4,150.0,10,23/04/2025,Cancelado
4000,279,1,1,200.0,10,2025-04-01,Pago
4001,312,44,4,200.0,10,2025-05-06,Enviado
4002,47,50,2,150.0,10,2025-02-02,Pago
4003,326,45,5,150.0,10,2025-03-28,Pago
4004,284,94,5,200.0,0,2025-01-06,Pago
4005,172,92,2,150.0,0,2025-04-09,Enviado
4006,377,37,2,150.0,10,26/06/2025,Pago
4007,466,8,4,150.0,0,10/05/2025,Enviado
4008,381,18,3,150.0,120,2025-01-29,Pago
4009,494,77,2,200.0,10,20/02/2025,Cancelado
4010,134,4,2,150.0,10,24/06/2025,Enviado
4011,498,75,2,150.0,10,16/05/2025,Enviado
4012,1,5,4,99.9,120,2025-02-28,Cancelado
4013,456,88,5,99.9,10,2025-06-26,Pago
4014,85,31,2,150.0,120,2025-01-02,Cancelado
4015,446,81,2,99.9,120,2025-04-21,Enviado
4016,282,80,5,200.0,10,2025-04-07,Enviado
4017,225,3,4,200.0,10,30/01/2025,Cancelado
4018,336,44,4,150.0,120,27/02/2025,Cancelado
4019,303,58,4,200.0,120,26/06/2025,Cancelado
4020,342,71,3,200.0,0,2025-04-07,Cancelado
4021,69,56,3,99.9,10,09/04/2025,Pago
4022,457,16,3,150.0,10,11/01/2025,Pago
4023,145,85,2,200.0,120,03/03/2025,Enviado
4024,170,34,3,200.0,0,2025-03-01,Pago
4025,356,20,2,99.9,120,07/06/2025,Cancelado
4026,404,75,2,150.0,120,2025-03-17,Enviado
4027,387,5,4,200.0,10,2025-01-30,Cancelado
4028,106,1,1,200.0,10,18/02/2025,Enviado
4029,485,27,1,150.0,0,2025-05-04,Pago
4030,61,60,1,99.9,120,12/02/2025,Cancelado
4031,494,70,5,99.9,0,15/06/2025,Enviado
4032,332,33,3,150.0,10,28/03/2025,Enviado
4033,399,21,5,150.0,0,2025-02-01,Cancelado
4034,150,36,2,150.0,10,2025-01-20,Enviado
4035,59,33,1,150.0,10,17/04/2025,Pago
4035,131,11,2,150.0,120,08/06/2025,Cancelado
4037,77,47,3,150.0,10,24/01/2025,Pago
4038,470,90,4,150.0,120,2025-04-16,Cancelado
4039,193,34,3,200.0,0,2025-03-31,Cancelado
4040,440,52,4,150.0,10,19/02/2025,Cancelado
4041,128,58,2,99.9,10,21/04/2025,Pago
4042,497,24,3,99.9,120,26/06/2025,Pago
4042,494,12,1,150.0,10,2025-01-01,Cancelado
4044,278,19,1,150.0,10,2025-03-14,Enviado
4045,88,15,3,200.0,10,2025-05-19,Pago
4046,141,2,5,150.0,120,2025-06-26,Cancelado
4047,299,17,5,99.9,120,10/05/2025,Cancelado
4048,236,70,1,150.0,120,17/05/2025,Pago
4049,445,81,1,99.9,120,16/01/2025,Cancelado
4050,178,51,4,200.0,0,2025-06-13,Pago
4051,383,17,3,99.9,120,2025-02-19,Pago
4052,140,100,4,99.9,10,2025-03-25,Cancelado
4053,406,73,2,99.9,10,2025-01-22,Cancelado
4054,97,6,5,200.0,10,26/05/2025,Cancelado
4055,169,21,3,200.0,0,24/06/2025,Pago
4056,115,12,1,99.9,0,2025-03-03,Cancelado
4057,498,6,4,150.0,10,2025-04-28,Enviado
4058,30,74,3,200.0,0,2025-06-22,Enviado
4059,35,80,3,150.0,10,2025-01-19,Pago
4060,131,82,5,200.0,10,2025-01-31,Enviado
4061,356,33,2,150.0,0,2025-06-02,Pago
4062,247,55,3,200.0,0,23/02/2025,Cancelado
4063,196,78,3,99.9,0,2025-06-15,Enviado
4064,480,39,3,99.9,10,23/03/2025,Enviado
4065,182,25,3,200.0,0,2025-04-28,Cancelado
4066,380,1,1,150.0,0,2025-05-01,Cancelado
4067,54,47,1,200.0,0,2025-03-09,Cancelado
4068,29,49,2,99.9,10,30/05/2025,Pago
4069,297,47,2,200.0,0,2025-02-11,Pago
4070,344,2,5,99.9,10,2025-01-29,Enviado
4071,338,39,5,200.0,10,2025-02-09,Pago
4072,243,71,1,200.0,120,2025-01-18,Enviado
4073,458,33,2,150.0,120,28/02/2025,Enviado
4074,410,29,3,99.9,10,20/04/2025,Pago
4075,345,83,5,99.9,0,24/03/2025,Cancelado
4076,385,48,3,99.9,10,2025-02-06,Pago
4077,280,77,1,99.9,0,05/05/2025,Cancelado
4078,447,55,1,99.9,10,2025-05-17,Cancelado
4079,63,88,2,99.9,10,12/01/2025,Cancelado
4080,413,18,3,150.0,10,04/03/2025,Enviado
4081,103,47,5,99.9,10,28/05/2025,Pago
4082,185,9,2,99.9,120,05/01/2025,Pago
4083,349,63,2,150.0,0,2025-01-18,Cancelado
4084,293,34,2,150.0,10,2025-05-29,Cancelado
4085,445,97,4,200.0,120,16/05/2025,Cancelado
4086,105,22,3,99.9,10,02/05/2025,Cancelado
4086,262,85,2,200.0,10,04/02/2025,Pago
4088,207,71,1,150.0,120,2025-01-17,Pago
4089,240,62,5,200.0,10,2025-04-20,Cancelado
4090,334,72,4,150.0,10,2025-03-03,Cancelado
4091,161,57,5,200.0,120,15/01/2025,Cancelado
4092,415,60,5,200.0,0,27/06/2025,Enviado
4093,476,66,2,150.0,10,27/04/2025,Cancelado
4094,346,25,1,200.0,0,2025-05-11,Cancelado
4095,138,96,3,200.0,10,2025-01-31,Cancelado
4096,398,46,4,150.0,0,2025-01-08,Enviado
4097,486,31,1,99.9,10,2025-06-25,Enviado
4098,175,58,5,200.0,10,06/03/2025,Enviado
4099,379,82,1,200.0,0,02/02/2025,Enviado
4100,203,24,4,200.0,0,2025-06-28,Enviado
4101,275,2,4,150.0,0,2025-03-23,Pago
4102,332,61,2,150.0,0,2025-04-27,Enviado
4103,135,52,2,99.9,10,2025-04-17,Enviado
4104,113,34,2,99.9,0,15/05/2025,Pago
4105,128,27,2,150.0,120,2025-04-20,Enviado
4106,221,28,3,99.9,0,2025-05-17,Enviado
4107,359,48,4,150.0,10,2025-03-11,Enviado
4108,300,76,1,200.0,0,2025-02-28,Cancelado
4109,233,20,2,150.0,0,04/03/2025,Cancelado
4110,239,32,4,200.0,120,22/03/2025,Cancelado
4111,252,12,5,99.9,0,2025-01-08,Enviado
4112,272,70,5,150.0,120,2025-02-21,Pago
4113,214,47,3,200.0,120,03/05/2025,Cancelado
4114,10,79,5,200.0,0,20/03/2025,Cancelado
4115,28,5,4,99.9,0,2025-02-02,Enviado
4116,35,43,2,200.0,10,2025-06-13,Enviado
4117,426,48,2,150.0,10,01/06/2025,Enviado
4118,400,32,3,200.0,120,2025-05-13,Enviado
4119,87,2,1,200.0,120,01/04/2025,Cancelado
4120,14,59,1,150.0,10,27/05/2025,Pago
4121,255,73,3,99.9,0,2025-01-16,Cancelado
4122,240,47,2,99.9,120,2025-03-26,Cancelado
4123,383,32,3,150.0,120,06/02/2025,Cancelado
4124,82,57,3,200.0,0,26/03/2025,Pago
4125,162,45,4,150.0,0,2025-01-27,Enviado
4126,418,21,2,150.0,0,2025-04-11,Enviado
4127,469,88,5,150.0,0,2025-05-15,Pago
4128,153,76,4,99.9,10,2025-01-28,Enviado
4129,44,97,3,150.0,10,2025-04-24,Enviado
4130,488,91,5,99.9,0,2025-03-07,Cancelado
4131,236,42,5,200.0,120,02/02/2025,Pago
4132,217,22,1,150.0,10,2025-01-05,Enviado
4133,382,12,1,150.0,10,29/03/2025,Cancelado
4134,383,55,2,150.0,10,30/06/2025,Cancelado
4135,455,76,3,200.0,10,2025-04-14,Pago
4136,265,10,1,99.9,0,31/05/2025,Enviado
4137,124,72,5,99.9,10,25/05/2025,Enviado
4138,306,81,5,150.0,10,2025-03-23,Enviado
4139,464,88,2,200.0,10,27/04/2025,Enviado
4140,49,32,5,200.0,10,15/03/2025,Enviado
4141,273,94,4,99.9,120,05/01/2025,Cancelado
4142,111,20,1,200.0,0,07/03/2025,Pago
4143,178,41,3,150.0,10,2025-04-19,Cancelado
4144,430,64,2,200.0,0,10/02/2025,Enviado
4145,373,99,1,150.0,0,2025-04-20,Pago
4146,52,51,5,200.0,0,01/05/2025,Cancelado
4147,375,70,5,150.0,10,20/02/2025,Cancelado
4148,295,3,2,200.0,120,21/06/2025,Pago
4149,422,76,3,200.0,120,2025-03-04,Pago
4150,494,74,1,99.9,0,19/03/2025,Pago
4151,404,44,5,200.0,0,2025-02-14,Cancelado
4152,458,3,2,150.0,0,31/01/2025,Cancelado
4153,187,71,4,150.0,10,19/06/2025,Pago
4154,206,91,2,99.9,0,15/06/2025,Cancelado
4155,79,50,5,150.0,120,06/04/2025,Pago
4156,224,56,2,99.9,120,31/01/2025,Pago
4157,433,63,2,200.0,10,19/03/2025,Cancelado
4158,33,1,1,200.0,120,21/05/2025,Cancelado
4159,174,46,2,99.9,10,2025-01-17,Cancelado
4160,410,97,4,99.9,120,05/03/2025,Pago
4161,262,47,1,200.0,10,2025-01-04,Pago
4162,304,68,4,200.0,10,16/04/2025,Pago
4163,205,76,2,99.9,0,2025-04-19,Cancelado
4164,453,18,3,150.0,10,20/02/2025,Pago
4165,138,43,1,150.0,10,26/02/2025,Cancelado
4166,293,32,5,99.9,120,07/01/2025,Pago
4167,448,15,4,99.9,120,15/06/2025,Enviado
4168,454,40,1,150.0,0,19/05/2025,Cancelado
4169,155,40,4,150.0,10,18/04/2025,Pago
4170,121,45,2,150.0,120,23/05/2025,Pago
4171,417,32,3,99.9,0,2025-06-25,Pago
4172,270,68,4,150.0,10,2025-02-04,Enviado
4173,476,95,2,99.9,120,2025-02-07,Enviado
4174,326,47,4,99.9,0,28/02/2025,Enviado
4175,489,61,5,150.0,10,22/05/2025,Cancelado
4176,163,76,4,99.9,0,2025-02-17,Pago
4177,255,95,5,99.9,120,25/05/2025,Pago
4178,263,30,1,200.0,10,01/02/2025,Pago
4179,428,80,5,200.0,10,24/01/2025,Pago
4180,57,98,2,200.0,0,2025-06-10,Enviado
4181,332,37,1,200.0,120,08/05/2025,Cancelado
4182,336,58,3,200.0,120,2025-02-24,Cancelado
4183,303,82,1,150.0,0,2025-05-29,Pago
4184,469,21,3,99.9,10,2025-05-07,Cancelado
4185,163,34,2,99.9,0,26/05/2025,Pago
4186,272,52,4,99.9,120,03/02/2025,Cancelado
4187,151,7,4,99.9,120,2025-03-02,Enviado
4188,378,54,3,150.0,10,08/04/2025,Enviado
4189,52,13,1,200.0,0,2025-05-04,Pago
4190,113,73,5,99.9,120,2025-02-18,Cancelado
4191,335,89,1,200.0,10,2025-05-29,Cancelado
4192,139,40,1,200.0,120,2025-06-15,Pago
4193,463,19,5,99.9,120,2025-06-12,Cancelado
4194,128,71,2,200.0,120,2025-05-31,Pago
4195,28,89,5,150.0,0,2025-01-29,Cancelado
4196,187,82,5,200.0,10,2025-06-13,Cancelado
4197,243,87,4,150.0,10,15/05/2025,Pago
4198,41,20,1,150.0,10,2025-04-22,Cancelado
4199,96,11,5,99.9,10,2025-03-06,Pago
4200,257,88,2,200.0,120,2025-05-28,Pago
4201,180,49,1,99.9,120,2025-05-18,Pago
4202,142,86,5,99.9,10,09/02/2025,Pago
4203,496,48,4,99.9,120,2025-02-07,Pago
4204,121,20,1,200.0,10,2025-05-11,Cancelado
4205,173,80,4,200.0,0,03/01/2025,Pago
4206,123,94,4,200.0,120,08/05/2025,Cancelado
4207,383,59,3,150.0,0,2025-01-24,Cancelado
4208,90,4,1,99.9,10,2025-06-04,Pago
4209,389,46,4,150.0,0,2025-05-30,Enviado
4210,61,76,1,99.9,120,30/04/2025,Enviado
4211,226,18,4,200.0,0,14/03/2025,Pago
4212,374,27,2,99.9,120,13/05/2025,Pago
4213,477,78,4,200.0,0,2025-03-18,Pago
4214,280,66,2,200.0,120,2025-04-19,Enviado
4215,94,90,5,99.9,10,2025-04-28,Cancelado
4216,161,72,5,200.0,10,2025-05-18,Enviado
4217,124,64,2,99.9,120,2025-04-18,Enviado
4218,28,87,3,200.0,0,2025-05-13,Pago
4219,497,2,2,150.0,10,2025-05-03,Pago
4220,134,3,3,200.0,120,02/01/2025,Cancelado
4221,232,59,3,99.9,0,28/02/2025,Enviado
4222,202,10,4,200.0,0,2025-01-16,Pago
4223,268,59,5,99.9,0,2025-06-21,Enviado
4224,260,82,5,200.0,10,2025-06-22,Pago
4225,57,36,1,200.0,0,19/03/2025,Enviado
4226,429,14,4,150.0,0,2025-01-30,Pago
4227,477,41,1,150.0,120,27/01/2025,Pago
4228,393,56,1,200.0,10,2025-02-15,Cancelado
4229,392,90,4,99.9,0,31/01/2025,Pago
4230,264,28,2,200.0,0,2025-03-20,Cancelado
4230,353,52,5,99.9,10,04/04/2025,Enviado
4232,339,38,5,99.9,10,05/04/2025,Pago
4233,272,23,1,99.9,10,2025-06-20,Pago
4234,462,72,4,150.0,0,28/04/2025,Cancelado
4235,435,99,2,200.0,0,29/04/2025,Cancelado
4236,44,30,1,99.9,0,2025-04-04,Pago
4237,115,74,1,99.9,0,2025-03-25,Pago
4237,301,25,5,99.9,10,2025-02-15,Pago
4239,346,10,2,200.0,120,2025-05-08,Cancelado
4240,217,84,2,150.0,120,2025-01-29,Enviado
4241,412,46,5,200.0,10,07/06/2025,Cancelado
4242,189,67,3,150.0,0,14/01/2025,Cancelado
4243,4,3,1,150.0,10,2025-03-18,Cancelado
4244,137,44,2,99.9,0,2025-04-12,Enviado
4245,336,30,4,200.0,120,2025-05-17,Pago
4246,318,97,2,200.0,10,2025-03-29,Cancelado
4247,19,47,4,200.0,120,10/03/2025,Cancelado
4248,366,5,3,150.0,10,2025-01-04,Cancelado
4249,148,9,4,200.0,10,04/06/2025,Enviado
4250,456,20,1,200.0,10,30/04/2025,Pago
4251,371,81,4,99.9,10,2025-01-10,Cancelado
4252,470,2,2,99.9,10,2025-04-11,Enviado
4253,468,35,3,99.9,120,18/03/2025,Enviado
4253,38,6,3,200.0,0,2025-06-20,Pago
4255,259,80,4,99.9,0,2025-06-24,Pago
4256,33,34,3,150.0,0,2025-03-30,Enviado
4257,298,32,1,200.0,10,28/05/2025,Enviado
4258,439,59,5,150.0,0,23/04/2025,Pago
4259,22,71,5,200.0,0,01/04/2025,Pago
4260,355,67,4,99.9,10,20/01/2025,Enviado
4261,254,35,1,99.9,0,02/06/2025,Cancelado
4262,414,32,4,150.0,10,2025-02-21,Cancelado
4263,328,51,3,99.9,10,17/01/2025,Pago
4264,310,3,1,200.0,120,08/01/2025,Pago
4265,84,44,3,200.0,0,20/06/2025,Enviado
4266,28,43,5,150.0,0,2025-05-28,Pago
4267,48,39,1,200.0,120,2025-03-13,Cancelado
4268,95,100,1,99.9,0,2025-04-12,Enviado
4269,100,64,4,99.9,10,2025-05-05,Enviado
4270,374,91,3,200.0,10,2025-05-11,Pago
4271,85,16,4,99.9,120,15/05/2025,Cancelado
4272,385,15,2,200.0,120,2025-03-04,Pago
4273,65,93,3,99.9,0,2025-01-30,Cancelado
4274,382,81,5,200.0,0,2025-04-27,Cancelado
4275,155,72,1,99.9,10,18/04/2025,Enviado
4276,208,59,1,150.0,0,19/02/2025,Cancelado
4277,233,19,5,150.0,10,04/01/2025,Cancelado
4278,319,89,3,200.0,0,10/06/2025,Cancelado
4279,72,67,1,99.9,0,2025-06-20,Enviado
4280,23,43,1,200.0,120,15/04/2025,Enviado
4281,320,19,5,99.9,120,2025-06-12,Enviado
4282,213,77,5,200.0,10,2025-06-07,Enviado
4283,426,9,4,150.0,10,23/04/2025,Cancelado
4284,8,45,2,200.0,10,2025-05-29,Pago
4285,154,48,2,200.0,120,15/04/2025,Enviado
4286,30,88,5,150.0,0,02/02/2025,Pago
4287,456,25,1,99.9,10,2025-03-13,Cancelado
4288,262,36,1,150.0,0,2025-06-07,Cancelado
4289,154,75,1,200.0,0,28/01/2025,Cancelado
4290,186,27,2,99.9,10,2025-04-29,Enviado
4291,345,48,5,200.0,10,10/04/2025,Enviado
4292,432,2,2,99.9,120,07/04/2025,Cancelado
4293,23,61,1,99.9,10,03/06/2025,Enviado
4294,215,79,2,150.0,120,2025-03-14,Pago
4295,246,28,3,150.0,120,25/01/2025,Cancelado
4296,284,15,5,150.0,120,2025-06-21,Pago
4297,280,85,3,99.9,120,26/06/2025,Pago
4298,203,1,4,150.0,120,08/01/2025,Enviado
4299,302,67,4,99.9,10,2025-04-17,Pago
4300,3,6,3,99.9,10,2025-04-06,Pago
4301,80,19,3,200.0,0,2025-05-16,Cancelado
4302,366,63,4,200.0,0,2025-01-22,Pago
4303,260,20,5,150.0,10,17/01/2025,Enviado
4304,492,43,5,150.0,0,14/04/2025,Enviado
4305,490,6,5,200.0,10,2025-01-04,Cancelado
4306,490,29,4,99.9,120,2025-05-19,Cancelado
4307,301,46,4,150.0,120,2025-03-05,Pago
4308,173,70,5,200.0,10,2025-05-12,Enviado
4309,434,64,1,99.9,10,2025-01-03,Cancelado
4310,221,76,5,200.0,0,2025-04-22,Cancelado
4311,335,38,2,99.9,0,2025-01-24,Enviado
4312,180,98,4,200.0,10,2025-04-28,Enviado
4313,406,52,2,99.9,10,27/05/2025,Pago
4314,43,62,3,99.9,120,2025-06-21,Pago
4315,198,55,1,99.9,10,26/04/2025,Pago
4316,499,17,3,200.0,10,2025-04-20,Pago
4317,223,60,1,150.0,120,2025-03-16,Cancelado
4318,327,94,4,99.9,0,2025-06-18,Enviado
4319,436,47,2,150.0,120,2025-05-03,Pago
4320,374,25,1,200.0,10,2025-04-18,Pago
4321,24,55,2,99.9,0,2025-04-28,Cancelado
4322,428,76,5,200.0,10,2025-04-08,Pago
4323,125,13,3,99.9,120,12/01/2025,Cancelado
4324,379,47,4,150.0,10,2025-03-07,Enviado
4325,448,47,4,150.0,0,07/03/2025,Cancelado
4326,168,72,3,200.0,10,2025-01-18,Pago
4327,331,70,3,99.9,10,21/02/2025,Cancelado
4328,92,94,5,200.0,10,04/03/2025,Enviado
4329,242,42,5,150.0,120,2025-01-31,Pago
4330,236,83,4,99.9,10,27/03/2025,Cancelado
4331,470,17,1,99.9,120,2025-05-07,Enviado
4332,39,16,3,99.9,10,28/05/2025,Enviado
4333,143,54,5,200.0,0,2025-01-22,Pago
4334,461,44,2,200.0,120,02/03/2025,Enviado
4335,232,43,2,200.0,120,25/03/2025,Enviado
4336,383,72,5,150.0,120,31/05/2025,Enviado
4337,361,82,3,150.0,0,2025-02-13,Cancelado
4338,303,20,4,150.0,0,2025-02-03,Cancelado
4339,21,78,3,150.0,0,2025-03-02,Cancelado
4340,484,74,2,150.0,0,2025-03-23,Cancelado
4341,51,80,4,99.9,0,07/02/2025,Enviado
4342,398,77,1,150.0,120,2025-01-27,Cancelado
4343,158,58,5,150.0,120,2025-02-10,Cancelado
4344,104,16,4,99.9,0,2025-05-08,Cancelado
4345,309,80,5,200.0,0,06/06/2025,Pago
4346,113,71,4,150.0,0,25/02/2025,Enviado
4347,362,8,4,150.0,10,2025-06-03,Cancelado
4348,487,78,2,200.0,120,28/04/2025,Cancelado
4349,203,53,5,99.9,0,04/02/2025,Enviado
4350,90,14,4,150.0,10,2025-01-28,Enviado
4351,361,95,4,150.0,10,2025-05-30,Pago
4352,131,92,1,150.0,0,17/01/2025,Pago
4353,278,93,5,99.9,120,17/05/2025,Pago
4354,131,40,1,99.9,10,15/01/2025,Cancelado
4355,479,14,2,200.0,10,2025-04-14,Enviado
4356,376,23,5,99.9,120,2025-06-08,Cancelado
4357,485,67,2,200.0,0,2025-02-19,Enviado
4358,425,41,3,99.9,0,2025-04-18,Pago
4359,353,18,2,200.0,10,12/02/2025,Cancelado
4360,158,23,1,150.0,10,2025-04-23,Enviado
4361,495,52,3,200.0,0,2025-06-01,Enviado
4362,421,40,3,200.0,120,12/01/2025,Cancelado
4363,253,7,1,99.9,120,2025-04-04,Pago
4364,301,94,3,200.0,120,23/02/2025,Enviado
4365,57,90,2,99.9,10,03/06/2025,Enviado
4366,53,89,2,99.9,120,15/06/2025,Cancelado
4367,202,26,4,150.0,120,2025-06-30,Enviado
4368,446,56,3,150.0,10,24/06/2025,Pago
4369,453,8,1,150.0,120,2025-01-26,Pago
4370,395,17,5,99.9,120,2025-02-05,Cancelado
4371,500,36,3,99.9,10,22/01/2025,Cancelado
4372,124,68,2,150.0,0,2025-02-01,Pago
4373,474,41,2,150.0,0,22/04/2025,Pago
4374,412,17,2,150.0,10,27/05/2025,Cancelado
4375,291,75,2,150.0,120,17/04/2025,Enviado
4376,207,54,5,99.9,10,2025-06-04,Cancelado
4377,109,26,5,99.9,0,2025-02-06,Enviado
4378,491,38,1,150.0,120,2025-03-28,Enviado
4379,12,90,3,150.0,120,2025-06-15,Enviado
4380,194,24,2,200.0,0,2025-02-09,Pago
4381,324,53,4,99.9,120,2025-06-06,Enviado
4382,36,16,4,150.0,120,2025-05-02,Enviado
4383,493,28,4,200.0,120,2025-01-08,Enviado
4384,269,86,5,150.0,10,2025-02-04,Enviado
4385,288,43,4,200.0,120,2025-04-04,Cancelado
4386,421,97,4,200.0,10,2025-06-23,Cancelado
4387,473,17,4,99.9,10,22/03/2025,Enviado
4388,317,11,3,200.0,120,2025-03-31,Enviado
4389,318,100,3,99.9,0,2025-02-28,Enviado
4390,215,70,2,99.9,10,29/01/2025,Enviado
4391,294,44,2,150.0,10,14/05/2025,Enviado
4391,51,44,5,150.0,0,17/01/2025,Pago
4393,169,13,3,150.0,120,29/06/2025,Enviado
4394,389,100,2,150.0,10,21/02/2025,Cancelado
4395,455,40,4,200.0,120,15/01/2025,Pago
4396,500,82,2,150.0,10,14/04/2025,Cancelado
4397,34,28,3,200.0,0,2025-01-09,Cancelado
4398,313,93,1,99.9,0,2025-05-03,Pago
4399,388,40,2,150.0,120,12/02/2025,Pago
4400,311,9,4,150.0,10,02/02/2025,Enviado
4401,121,5,3,200.0,0,2025-06-23,Pago
4402,412,81,5,150.0,0,2025-06-09,Cancelado
4403,231,80,4,200.0,120,2025-06-22,Cancelado
4403,376,92,4,99.9,0,13/05/2025,Enviado
4405,115,54,5,200.0,120,06/05/2025,Enviado
4406,34,8,2,200.0,120,09/04/2025,Pago
4407,89,26,5,150.0,10,2025-03-06,Pago
4408,93,72,5,99.9,0,02/03/2025,Cancelado
4409,108,90,4,99.9,10,14/01/2025,Cancelado
4410,290,75,5,200.0,10,2025-05-10,Pago
4411,316,41,3,150.0,10,12/02/2025,Enviado
4412,349,53,1,150.0,120,2025-01-20,Pago
4413,175,66,4,200.0,120,11/02/2025,Cancelado
4414,258,21,4,200.0,10,14/06/2025,Enviado
4415,10,81,5,150.0,0,2025-04-27,Cancelado
4416,362,79,3,150.0,10,2025-03-07,Enviado
4417,275,31,1,150.0,10,2025-02-08,Cancelado
4418,25,2,1,200.0,10,2025-01-21,Enviado
4419,266,75,2,200.0,0,2025-01-21,Cancelado
4420,464,73,1,150.0,10,05/06/2025,Enviado
4421,2,32,1,99.9,10,14/01/2025,Enviado
4422,425,15,1,200.0,10,2025-05-29,Pago
4423,88,46,5,200.0,10,2025-02-18,Enviado
4424,20,1,3,99.9,120,2025-03-15,Enviado
4425,126,1,2,150.0,0,2025-03-24,Pago
4426,411,6,2,200.0,0,07/01/2025,Pago
4427,214,86,1,150.0,0,2025-02-19,Pago
4428,128,95,5,99.9,0,2025-05-12,Pago
4429,299,27,5,99.9,120,09/01/2025,Cancelado
4430,313,74,5,200.0,10,20/04/2025,Cancelado
4431,148,66,2,200.0,10,15/06/2025,Enviado
4432,384,27,4,200.0,10,2025-04-23,Enviado
4433,469,28,4,150.0,0,2025-01-16,Cancelado
4434,373,14,3,150.0,0,2025-06-25,Cancelado
4435,357,14,4,99.9,120,2025-05-30,Enviado
4436,322,41,1,150.0,10,2025-06-08,Cancelado
4437,24,82,4,200.0,120,2025-03-20,Pago
4438,490,71,3,200.0,0,2025-04-03,Pago
4439,340,72,1,200.0,120,30/06/2025,Cancelado
4440,22,17,1,200.0,120,14/06/2025,Pago
4441,174,46,1,150.0,0,30/03/2025,Cancelado
4442,79,23,4,200.0,10,2025-04-01,Cancelado
4443,209,75,4,150.0,10,18/02/2025,Pago
4444,254,17,5,150.0,0,2025-04-08,Enviado
4445,489,90,5,200.0,120,2025-02-17,Enviado
4446,60,98,3,150.0,0,26/01/2025,Enviado
4447,182,92,3,150.0,0,26/03/2025,Enviado
4448,274,63,5,150.0,120,2025-06-28,Cancelado
4449,451,17,4,200.0,120,31/05/2025,Pago
4450,4,87,3,150.0,120,26/04/2025,Cancelado
4451,80,61,4,200.0,0,20/04/2025,Enviado
4452,300,85,1,200.0,10,07/01/2025,Enviado
4453,317,1,1,200.0,10,2025-01-12,Pago
4454,127,84,5,150.0,120,2025-01-13,Enviado
4455,425,97,3,200.0,120,2025-03-21,Enviado
4456,254,61,4,99.9,10,07/05/2025,Enviado
4457,197,79,4,200.0,0,08/02/2025,Enviado
4458,384,42,4,150.0,0,2025-06-25,Enviado
4458,207,53,3,99.9,10,2025-02-02,Cancelado
4460,272,92,4,99.9,120,2025-06-16,Enviado
4461,82,8,4,150.0,0,2025-04-10,Cancelado
4462,14,20,1,200.0,10,2025-05-21,Pago
4463,376,39,2,200.0,10,2025-01-09,Cancelado
4464,178,25,2,200.0,120,2025-02-03,Enviado
4465,255,99,4,150.0,120,2025-03-15,Pago
4466,313,76,4,200.0,10,01/02/2025,Cancelado
4467,336,71,4,150.0,10,10/03/2025,Pago
4467,281,86,2,99.9,0,2025-02-21,Enviado
4469,26,34,2,150.0,120,2025-06-30,Enviado
4470,409,93,2,99.9,0,05/01/2025,Pago
4471,11,93,1,200.0,120,2025-03-17,Enviado
4472,312,89,1,150.0,10,18/03/2025,Enviado
4473,492,21,1,150.0,10,29/06/2025,Pago
4474,128,56,2,200.0,120,10/04/2025,Cancelado
4475,318,91,2,150.0,10,26/03/2025,Pago
4476,397,6,4,99.9,10,2025-02-25,Cancelado
4477,55,59,2,99.9,120,14/04/2025,Enviado
4478,218,81,3,150.0,10,01/02/2025,Enviado
4479,309,28,2,200.0,0,22/02/2025,Pago
4480,252,40,1,99.9,10,2025-02-27,Enviado
4481,203,31,1,150.0,10,20/05/2025,Pago
4482,452,30,1,99.9,10,2025-01-03,Enviado
4483,230,86,2,150.0,10,20/02/2025,Pago
4484,118,18,2,200.0,120,01/05/2025,Cancelado
4485,331,17,2,99.9,120,2025-03-20,Pago
4486,51,92,2,99.9,120,21/06/2025,Cancelado
4487,226,83,2,99.9,0,2025-05-11,Enviado
4488,455,58,4,99.9,120,2025-04-28,Enviado
4489,203,14,1,200.0,0,27/03/2025,Pago
4490,120,42,5,150.0,10,2025-05-13,Cancelado
4491,175,60,5,150.0,10,2025-02-01,Enviado
4492,395,17,3,200.0,0,05/02/2025,Enviado
4493,98,48,1,99.9,0,2025-05-14,Enviado
4494,167,37,5,200.0,10,01/03/2025,Enviado
4495,469,85,1,200.0,0,08/02/2025,Enviado
4496,434,45,5,150.0,10,2025-03-25,Enviado
4497,190,2,5,99.9,10,2025-01-27,Cancelado
4498,31,4,5,150.0,120,14/05/2025,Cancelado
4499,132,98,5,99.9,0,2025-02-21,Cancelado
4500,22,34,1,200.0,0,26/03/2025,Cancelado
4501,387,34,2,150.0,10,2025-02-14,Pago
4502,158,1,5,99.9,120,05/05/2025,Enviado
4503,391,11,5,200.0,0,2025-04-03,Cancelado
4504,196,94,4,200.0,10,2025-05-08,Cancelado
4505,39,97,1,99.9,10,2025-06-20,Enviado
4506,117,50,2,200.0,10,05/04/2025,Cancelado
4507,5,90,2,200.0,0,06/02/2025,Pago
4508,243,4,5,99.9,0,01/03/2025,Pago
4509,97,41,4,200.0,10,27/06/2025,Cancelado
4510,121,87,3,200.0,120,09/06/2025,Cancelado
4511,242,95,2,200.0,0,07/01/2025,Pago
4512,133,72,3,150.0,10,2025-03-03,Enviado
4513,496,73,5,150.0,120,17/05/2025,Pago
4514,49,54,2,99.9,0,2025-03-23,Enviado
4515,73,99,5,200.0,120,27/03/2025,Pago
4516,102,22,5,99.9,0,15/03/2025,Pago
4517,466,28,4,99.9,0,2025-04-03,Pago
4518,278,17,3,99.9,0,2025-04-12,Pago
4519,460,66,1,150.0,120,06/03/2025,Enviado
4520,164,46,2,99.9,10,2025-04-06,Cancelado
4521,87,80,1,99.9,120,14/04/2025,Pago
4522,424,80,5,99.9,10,2025-04-06,Cancelado
4523,265,78,2,200.0,120,2025-04-29,Pago
4524,341,96,4,99.9,0,14/06/2025,Cancelado
4525,194,43,4,99.9,0,17/06/2025,Cancelado
4526,48,13,5,150.0,0,2025-04-20,Pago
4527,19,66,2,99.9,120,2025-05-19,Cancelado
4528,424,87,1,150.0,0,2025-03-03,Pago
4529,374,56,2,99.9,10,21/01/2025,Pago
4530,196,30,1,200.0,0,02/01/2025,Pago
4531,32,19,3,99.9,10,2025-04-21,Enviado
4532,359,79,2,200.0,120,09/02/2025,Pago
4533,437,93,5,150.0,120,2025-06-03,Cancelado
4534,270,7,5,99.9,10,23/03/2025,Pago
4535,218,29,5,150.0,0,2025-04-03,Cancelado
4536,268,9,4,99.9,120,2025-06-28,Cancelado
4537,343,42,3,200.0,0,09/01/2025,Pago
4538,186,43,2,99.9,0,01/02/2025,Cancelado
4539,146,45,1,150.0,120,2025-05-04,Cancelado
4540,354,28,3,150.0,0,2025-03-13,Enviado
4541,257,6,1,200.0,0,01/04/2025,Pago
4542,264,49,1,99.9,10,24/06/2025,Enviado
4543,115,29,5,99.9,0,20/05/2025,Pago
4544,140,53,2,200.0,10,2025-02-05,Cancelado
4545,450,10,3,200.0,10,2025-05-02,Enviado
4546,222,69,4,99.9,0,18/02/2025,Pago
4547,415,75,5,99.9,10,12/03/2025,Cancelado
4548,44,48,2,99.9,0,2025-05-18,Cancelado
4549,248,83,4,150.0,0,2025-05-22,Enviado
4550,376,23,2,200.0,0,30/06/2025,Enviado
4551,464,57,3,99.9,0,2025-05-02,Enviado
4552,174,59,3,99.9,10,2025-03-07,Enviado
4553,338,82,2,200.0,10,19/01/2025,Enviado
4554,27,46,5,150.0,10,14/05/2025,Pago
4555,439,46,3,150.0,10,16/05/2025,Pago
4556,178,88,5,150.0,10,2025-03-03,Cancelado
4557,330,98,1,150.0,120,2025-02-07,Pago
4558,426,76,5,150.0,0,2025-05-25,Cancelado
4559,167,86,1,150.0,10,2025-06-14,Enviado
4560,479,65,2,200.0,10,26/04/2025,Cancelado
4561,3,67,2,99.9,10,27/04/2025,Cancelado
4562,164,62,5,200.0,10,20/06/2025,Cancelado
4563,331,7,4,200.0,120,2025-02-18,Pago
4564,276,85,3,150.0,10,2025-01-13,Enviado
4565,256,25,5,150.0,120,2025-05-02,Pago
4566,380,75,4,200.0,120,2025-05-12,Cancelado
4566,266,53,2,150.0,0,16/05/2025,Enviado
4568,123,7,3,150.0,10,04/05/2025,Enviado
4569,464,15,2,99.9,0,26/03/2025,Cancelado
4570,423,9,2,200.0,0,2025-06-14,Enviado
4571,473,89,4,150.0,10,2025-01-11,Cancelado
4572,127,70,3,150.0,120,2025-06-03,Cancelado
4573,348,78,4,150.0,120,2025-02-23,Cancelado
4574,213,90,2,200.0,0,2025-01-01,Cancelado
4575,497,31,3,150.0,0,16/02/2025,Pago
4576,211,86,4,150.0,120,2025-01-03,Enviado
4577,28,11,3,150.0,120,24/04/2025,Cancelado
4578,116,20,5,99.9,0,18/02/2025,Cancelado
4579,491,72,2,200.0,120,01/02/2025,Enviado
4580,328,3,4,150.0,10,11/01/2025,Cancelado
4581,271,30,1,150.0,10,19/03/2025,Cancelado
4582,493,34,3,150.0,120,2025-01-08,Enviado
4583,436,57,1,99.9,120,2025-01-19,Cancelado
4584,226,34,4,150.0,0,2025-03-07,Pago
4585,487,68,4,200.0,120,2025-01-27,Pago
4586,208,65,2,150.0,0,16/01/2025,Enviado
4587,31,18,5,99.9,120,2025-01-19,Cancelado
4588,343,81,3,200.0,0,2025-02-01,Enviado
4589,43,73,5,150.0,120,2025-05-01,Enviado
4590,221,97,1,200.0,0,09/06/2025,Cancelado
4591,16,79,3,99.9,10,2025-03-30,Enviado
4592,46,19,5,150.0,120,18/02/2025,Enviado
4593,492,88,4,150.0,0,2025-03-24,Enviado
4594,385,3,3,99.9,0,2025-01-08,Cancelado
4595,421,3,4,99.9,10,12/05/2025,Cancelado
4596,97,81,5,99.9,0,14/06/2025,Cancelado
4597,371,58,2,200.0,10,28/01/2025,Enviado
4598,268,25,4,150.0,10,2025-03-16,Enviado
4599,150,50,1,150.0,10,2025-04-27,Pago
4600,331,5,4,150.0,120,19/06/2025,Pago
4601,355,35,2,150.0,10,17/02/2025,Enviado
4602,21,89,1,150.0,10,15/03/2025,Enviado
4603,16,19,2,200.0,120,2025-05-23,Pago
4604,200,25,5,200.0,0,2025-01-18,Enviado
4605,229,45,3,150.0,0,02/05/2025,Pago
4606,179,19,2,99.9,0,2025-04-13,Enviado
4607,85,73,4,150.0,0,2025-06-07,Pago
4608,446,51,4,99.9,120,29/05/2025,Enviado
4609,184,78,5,150.0,10,11/03/2025,Enviado
4610,312,72,2,150.0,10,2025-06-15,Cancelado
4611,325,16,1,99.9,0,16/04/2025,Cancelado
4612,110,65,4,150.0,10,2025-03-16,Enviado
4613,154,89,5,150.0,10,2025-06-13,Pago
4614,311,6,5,150.0,0,06/06/2025,Pago
4615,448,91,3,200.0,120,23/04/2025,Cancelado
4616,63,70,4,99.9,120,2025-04-08,Pago
4617,322,88,5,150.0,10,06/03/2025,Pago
4618,319,100,1,99.9,0,2025-02-24,Pago
4619,28,68,4,99.9,120,2025-05-25,Enviado
4620,286,89,4,200.0,0,2025-04-27,Enviado
4621,169,59,4,150.0,0,2025-03-31,Enviado
4622,426,88,4,200.0,0,12/02/2025,Enviado
4623,17,5,5,150.0,10,02/01/2025,Enviado
4624,413,16,2,200.0,0,2025-04-06,Enviado
4625,312,52,5,99.9,10,28/06/2025,Pago
4626,130,51,4,150.0,120,14/01/2025,Pago
4627,426,23,1,99.9,0,07/04/2025,Cancelado
4628,214,68,5,200.0,120,21/04/2025,Enviado
4629,449,97,5,150.0,10,2025-05-17,Enviado
4630,38,27,2,150.0,10,04/03/2025,Cancelado
4631,385,46,3,200.0,120,15/02/2025,Pago
4632,402,68,1,200.0,0,16/06/2025,Cancelado
4633,295,22,3,200.0,120,2025-02-28,Enviado
4634,343,16,2,150.0,10,10/04/2025,Cancelado
4635,422,68,3,150.0,0,2025-04-15,Cancelado
4636,218,91,5,200.0,120,03/05/2025,Pago
4637,425,78,4,150.0,120,06/03/2025,Enviado
4638,47,26,5,150.0,120,2025-02-18,Enviado
4639,322,54,1,200.0,10,2025-06-28,Pago
4640,411,77,4,99.9,0,2025-06-04,Enviado
4641,482,16,5,150.0,120,2025-04-05,Pago
4642,154,35,4,150.0,120,2025-03-05,Cancelado
4643,177,90,3,99.9,120,2025-04-07,Enviado
4644,201,29,4,99.9,0,11/06/2025,Pago
4645,218,6,2,99.9,120,13/03/2025,Enviado
4646,320,49,3,150.0,0,16/06/2025,Enviado
4647,438,60,3,99.9,0,24/01/2025,Pago
4648,492,44,3,99.9,10,2025-01-25,Enviado
4649,432,85,1,99.9,0,2025-02-13,Enviado
4650,59,32,3,150.0,10,2025-05-04,Cancelado
4651,97,91,4,200.0,120,13/06/2025,Cancelado
4652,294,25,3,150.0,10,07/03/2025,Pago
4653,231,38,1,200.0,10,2025-02-16,Pago
4654,142,6,4,150.0,10,30/03/2025,Pago
4655,86,79,2,200.0,120,2025-03-29,Enviado
4656,77,45,3,200.0,120,25/05/2025,Enviado
4657,183,18,2,150.0,10,2025-01-15,Cancelado
4658,50,86,3,200.0,120,19/06/2025,Enviado
4659,464,85,4,150.0,10,2025-01-21,Enviado
4660,129,96,5,99.9,10,28/03/2025,Cancelado
4661,111,38,5,200.0,0,2025-01-16,Pago
4662,467,43,3,99.9,120,02/02/2025,Pago
4663,472,78,5,150.0,120,2025-01-16,Cancelado
4664,317,29,1,200.0,10,2025-04-01,Cancelado
4665,448,97,4,150.0,120,06/05/2025,Pago
4666,368,33,3,99.9,10,25/06/2025,Cancelado
4667,242,85,1,200.0,0,13/02/2025,Enviado
4668,76,60,5,200.0,0,05/01/2025,Pago
4669,89,21,3,150.0,120,2025-01-03,Cancelado
4670,406,93,1,200.0,120,2025-06-03,Pago
4671,224,27,2,200.0,10,2025-03-22,Enviado
4672,328,65,2,150.0,10,2025-03-07,Cancelado
4673,134,24,5,150.0,120,2025-06-05,Pago
4674,155,87,5,200.0,10,2025-06-10,Enviado
4675,88,86,4,200.0,120,23/06/2025,Pago
4676,422,3,4,150.0,10,27/04/2025,Cancelado
4677,357,34,3,200.0,0,10/01/2025,Cancelado
4678,451,71,2,200.0,120,22/04/2025,Enviado
4679,320,1,1,150.0,10,11/04/2025,Pago
4680,26,87,2,99.9,0,2025-05-14,Cancelado
4681,63,9,2,200.0,10,2025-06-18,Enviado
4682,368,98,1,150.0,120,2025-05-25,Pago
4683,108,25,4,150.0,120,2025-01-28,Cancelado
4684,173,5,5,200.0,10,2025-04-17,Enviado
4685,311,27,2,200.0,10,2025-04-16,Pago
4686,119,29,3,200.0,120,10/04/2025,Cancelado
4687,92,69,5,200.0,120,2025-02-18,Pago
4688,104,88,2,150.0,10,11/02/2025,Enviado
4689,264,6,1,150.0,10,14/06/2025,Enviado
4690,213,1,3,200.0,10,2025-01-04,Pago
4691,40,9,1,150.0,0,22/06/2025,Pago
4692,229,77,3,150.0,10,2025-03-20,Enviado
4693,65,50,2,150.0,120,27/06/2025,Cancelado
4694,2,17,5,200.0,120,2025-03-10,Cancelado
4695,359,88,3,99.9,0,24/05/2025,Enviado
4696,464,37,1,200.0,120,29/03/2025,Enviado
4697,334,72,1,99.9,10,2025-05-28,Pago
4698,58,72,3,200.0,0,29/05/2025,Enviado
4698,364,49,2,150.0,0,23/02/2025,Pago
4700,3,58,4,200.0,10,12/06/2025,Pago
4701,120,67,3,150.0,0,2025-05-08,Cancelado
4702,132,40,3,99.9,120,07/04/2025,Cancelado
4703,464,60,2,150.0,0,26/01/2025,Enviado
4704,307,26,5,150.0,0,2025-04-09,Enviado
4705,22,18,5,200.0,120,2025-05-20,Pago
4706,396,90,3,99.9,120,25/01/2025,Cancelado
4707,146,6,5,200.0,120,2025-06-13,Enviado
4708,285,7,4,150.0,120,2025-01-16,Pago
4709,375,3,5,99.9,0,2025-01-23,Enviado
4710,30,80,2,99.9,0,2025-01-27,Enviado
4711,385,70,3,200.0,120,25/05/2025,Pago
4712,217,35,4,200.0,10,20/05/2025,Enviado
4713,44,52,1,150.0,10,15/01/2025,Pago
4714,23,95,2,150.0,120,06/04/2025,Cancelado
4715,133,35,1,200.0,10,14/01/2025,Pago
4716,378,27,1,99.9,10,04/02/2025,Enviado
4717,171,85,1,150.0,120,2025-01-08,Pago
4717,108,20,5,99.9,0,06/04/2025,Cancelado
4719,127,55,5,99.9,120,03/01/2025,Cancelado
4720,129,68,2,99.9,0,2025-02-11,Cancelado
4721,69,89,1,200.0,10,14/03/2025,Cancelado
4722,460,12,5,99.9,120,2025-05-09,Enviado
4723,445,88,3,200.0,0,28/04/2025,Enviado
4724,268,3,2,200.0,0,09/06/2025,Enviado
4725,482,82,3,150.0,0,16/05/2025,Pago
4726,453,70,3,200.0,0,23/05/2025,Enviado
4727,358,21,4,150.0,0,02/01/2025,Cancelado
4728,9,73,2,150.0,120,2025-02-28,Enviado
4729,28,92,1,99.9,0,2025-01-11,Enviado
4730,363,64,4,200.0,120,12/02/2025,Enviado
4731,460,88,3,150.0,120,15/06/2025,Enviado
4732,305,15,1,99.9,10,16/05/2025,Enviado
4733,65,51,2,150.0,120,2025-03-18,Pago
4734,259,20,2,200.0,10,2025-03-21,Pago
4735,175,58,2,200.0,120,2025-04-07,Pago
4736,98,78,2,99.9,0,26/03/2025,Enviado
4737,74,55,5,200.0,0,31/05/2025,Pago
4738,250,16,2,150.0,10,2025-03-11,Enviado
4739,496,34,1,200.0,10,2025-05-09,Enviado
4740,51,93,3,99.9,0,2025-01-09,Pago
4741,466,57,5,99.9,10,2025-01-09,Enviado
4742,406,16,2,99.9,10,29/03/2025,Enviado
4742,227,44,5,200.0,120,10/02/2025,Enviado
4744,23,69,3,150.0,120,07/06/2025,Enviado
4745,111,95,4,150.0,0,07/02/2025,Enviado
4746,177,56,5,200.0,0,26/02/2025,Enviado
4747,15,80,2,150.0,120,26/04/2025,Enviado
4748,51,7,2,99.9,120,2025-06-04,Cancelado
4749,276,3,1,99.9,120,2025-03-17,Cancelado
4750,151,43,5,150.0,0,21/01/2025,Cancelado
4751,224,26,1,200.0,120,2025-05-30,Pago
4752,38,36,1,99.9,120,2025-06-14,Enviado
4753,450,99,3,200.0,10,06/05/2025,Pago
4754,354,61,1,99.9,10,28/02/2025,Pago
4755,340,4,2,200.0,10,13/03/2025,Cancelado
4756,349,56,5,99.9,0,13/03/2025,Enviado
4757,190,29,1,200.0,0,21/04/2025,Enviado
4758,361,6,1,200.0,120,2025-05-19,Cancelado
4759,246,59,4,200.0,10,2025-02-13,Cancelado
4760,271,19,5,99.9,0,18/04/2025,Cancelado
4761,207,39,4,200.0,0,02/01/2025,Pago
4762,49,59,1,150.0,10,23/01/2025,Pago
4763,153,72,5,99.9,120,2025-04-21,Enviado
4764,349,19,5,200.0,10,2025-03-26,Cancelado
4765,104,18,3,200.0,120,2025-03-19,Pago
4766,492,48,2,150.0,10,28/03/2025,Cancelado
4767,286,33,2,200.0,0,2025-01-02,Pago
4768,470,61,5,150.0,10,17/05/2025,Enviado
4769,350,1,2,200.0,10,06/05/2025,Cancelado
4770,259,45,1,200.0,0,31/03/2025,Enviado
4771,244,92,3,99.9,120,26/01/2025,Pago
4772,95,68,3,150.0,0,2025-01-24,Pago
4773,292,70,1,99.9,120,2025-03-20,Pago
4774,389,89,4,150.0,10,23/04/2025,Cancelado
4775,325,66,4,200.0,0,08/06/2025,Cancelado
4776,298,26,4,150.0,10,2025-04-24,Enviado
4777,63,37,1,150.0,120,2025-01-27,Enviado
4778,349,15,3,99.9,10,13/05/2025,Cancelado
4779,239,76,4,150.0,0,2025-02-20,Enviado
4780,72,60,4,200.0,10,2025-03-28,Enviado
4781,362,82,3,200.0,0,2025-02-24,Cancelado
4782,324,98,4,200.0,0,17/01/2025,Cancelado
4783,177,8,3,200.0,120,18/06/2025,Pago
4784,284,5,5,150.0,0,08/02/2025,Enviado
4785,419,35,1,200.0,10,05/02/2025,Enviado
4786,435,53,4,99.9,120,2025-02-04,Cancelado
4787,346,61,4,200.0,0,01/03/2025,Cancelado
4788,90,79,1,150.0,10,06/02/2025,Enviado
4789,301,1,2,150.0,0,2025-01-14,Pago
4790,171,100,1,99.9,0,02/05/2025,Enviado
4791,180,94,2,99.9,10,24/01/2025,Cancelado
4792,19,21,1,150.0,0,2025-06-11,Cancelado
4793,273,22,1,200.0,0,2025-06-25,Cancelado
4794,80,71,3,99.9,0,2025-05-26,Enviado
4795,329,27,4,150.0,120,2025-01-10,Enviado
4796,162,67,2,99.9,0,2025-06-29,Enviado
4797,459,92,3,99.9,10,2025-06-27,Enviado
4798,467,53,1,150.0,120,07/04/2025,Enviado
4799,486,44,4,150.0,10,2025-06-12,Enviado
4800,442,20,4,200.0,10,07/01/2025,Cancelado
4801,415,57,1,99.9,0,2025-06-23,Cancelado
4802,453,17,1,200.0,0,08/01/2025,Cancelado
4803,200,44,1,150.0,0,2025-05-03,Cancelado
4804,157,57,1,200.0,10,2025-02-08,Pago
4805,401,54,4,99.9,0,2025-05-27,Cancelado
4806,422,84,4,99.9,10,10/05/2025,Pago
4807,253,12,3,200.0,120,02/01/2025,Cancelado
4808,17,91,2,200.0,120,29/03/2025,Cancelado
4809,294,76,4,99.9,120,19/01/2025,Cancelado
4810,336,31,2,150.0,0,2025-03-17,Cancelado
4811,53,14,4,99.9,0,2025-01-31,Cancelado
4812,179,40,2,150.0,120,2025-01-16,Cancelado
4813,148,85,2,150.0,120,2025-05-15,Cancelado
4814,325,98,3,99.9,0,2025-01-14,Cancelado
4815,270,61,2,200.0,10,20/03/2025,Enviado
4816,320,78,3,99.9,0,16/06/2025,Enviado
4817,388,78,2,200.0,120,15/02/2025,Enviado
4818,313,32,2,200.0,120,15/03/2025,Pago
4819,453,69,5,150.0,120,2025-03-24,Pago
4820,410,89,1,99.9,120,2025-01-01,Enviado
4821,453,51,4,150.0,10,2025-05-21,Pago
4822,347,68,4,200.0,120,2025-01-21,Pago
4823,223,9,4,99.9,0,10/02/2025,Cancelado
4824,101,24,3,200.0,10,06/02/2025,Pago
4825,8,28,4,200.0,10,2025-01-30,Cancelado
4826,193,49,3,150.0,0,2025-05-17,Enviado
4827,124,34,2,99.9,0,11/01/2025,Pago
4828,406,64,1,99.9,0,28/06/2025,Cancelado
4829,102,80,3,150.0,10,2025-05-01,Enviado
4830,351,65,3,150.0,10,14/01/2025,Enviado
4831,233,98,2,200.0,0,2025-02-03,Cancelado
4832,302,40,1,99.9,120,06/02/2025,Cancelado
4833,54,49,4,150.0,120,2025-06-09,Pago
4834,288,85,3,200.0,10,03/06/2025,Cancelado
4835,47,14,3,99.9,120,2025-04-18,Cancelado
4836,318,77,4,99.9,0,22/01/2025,Cancelado
4837,323,85,5,200.0,10,2025-05-26,Enviado
4838,477,18,2,99.9,120,19/04/2025,Cancelado
4839,461,7,4,200.0,120,07/02/2025,Pago
4840,199,54,3,150.0,120,13/03/2025,Cancelado
4841,253,72,3,200.0,0,2025-05-28,Cancelado
4842,167,33,2,150.0,0,2025-06-11,Cancelado
4843,470,93,5,99.9,0,2025-06-18,Pago
4844,58,53,1,99.9,10,22/01/2025,Pago
4845,71,87,5,150.0,120,15/04/2025,Cancelado
4846,17,6,1,200.0,120,2025-06-25,Enviado
4847,313,4,4,200.0,0,2025-04-18,Enviado
4848,187,74,5,150.0,120,21/03/2025,Enviado
4849,124,55,1,200.0,0,2025-05-14,Enviado
4850,86,41,4,99.9,0,2025-03-07,Enviado
4851,230,41,4,99.9,0,2025-02-19,Enviado
4852,95,69,3,99.9,10,11/04/2025,Enviado
4853,408,86,5,99.9,0,18/06/2025,Pago
4854,288,62,3,200.0,120,15/01/2025,Enviado
4855,348,3,4,150.0,120,2025-06-09,Cancelado
4856,8,3,3,150.0,10,2025-04-22,Cancelado
4857,403,59,5,99.9,120,09/06/2025,Enviado
4858,69,6,5,200.0,10,2025-03-19,Cancelado
4859,86,44,2,150.0,120,16/06/2025,Pago
4860,419,41,5,99.9,10,12/02/2025,Enviado
4861,463,61,5,150.0,120,23/02/2025,Enviado
4862,214,87,1,99.9,0,2025-06-01,Enviado
4863,134,35,2,200.0,10,18/05/2025,Cancelado
4864,212,61,1,150.0,120,2025-04-10,Pago
4865,225,63,5,150.0,0,20/05/2025,Pago
4866,364,11,1,99.9,10,14/01/2025,Cancelado
4867,365,3,2,200.0,0,2025-05-08,Pago
4868,268,64,4,150.0,10,05/01/2025,Cancelado
4869,204,37,4,150.0,10,08/02/2025,Cancelado
4870,275,89,2,99.9,10,2025-03-14,Enviado
4871,329,25,4,99.9,120,04/04/2025,Enviado
4872,245,36,4,99.9,0,17/01/2025,Cancelado
4873,191,16,1,150.0,120,2025-03-27,Cancelado
4874,195,5,4,150.0,0,04/04/2025,Enviado
4875,91,61,1,150.0,0,02/06/2025,Enviado
4876,372,77,5,99.9,120,17/05/2025,Cancelado
4877,495,42,3,200.0,0,2025-06-02,Enviado
4878,406,47,1,99.9,0,22/03/2025,Enviado
4879,141,63,2,99.9,10,2025-03-11,Pago
4880,231,78,1,99.9,0,25/02/2025,Pago
4881,146,60,4,200.0,0,2025-04-06,Pago
4882,278,49,4,150.0,10,2025-03-06,Pago
4883,4,32,4,150.0,120,2025-06-06,Pago
4884,264,53,2,150.0,0,12/03/2025,Pago
4885,128,50,4,200.0,120,2025-04-25,Cancelado
4886,489,60,5,99.9,120,27/02/2025,Pago
4887,79,37,5,150.0,120,2025-05-04,Enviado
4888,103,54,3,99.9,10,2025-06-22,Enviado
4889,143,28,2,200.0,0,2025-06-14,Pago
4890,78,24,4,99.9,0,2025-05-12,Pago
4891,380,63,2,150.0,120,22/04/2025,Enviado
4892,33,61,3,200.0,120,2025-03-21,Enviado
4893,307,23,4,99.9,10,08/04/2025,Cancelado
4894,53,20,5,99.9,0,2025-06-22,Pago
4895,136,91,4,150.0,120,2025-01-12,Cancelado
4896,288,82,1,200.0,10,25/03/2025,Enviado
4897,483,76,5,200.0,0,25/04/2025,Enviado
4898,371,52,3,200.0,120,2025-03-25,Enviado
4899,267,42,3,200.0,0,2025-06-25,Cancelado
4900,187,47,3,99.9,10,2025-03-09,Enviado
4901,44,56,4,200.0,10,16/05/2025,Pago
4902,126,26,3,150.0,10,2025-04-10,Cancelado
4903,142,23,4,99.9,0,05/05/2025,Pago
4904,192,75,4,150.0,120,2025-03-08,Pago
4905,424,99,2,99.9,120,01/01/2025,Cancelado
4906,228,86,2,150.0,10,18/03/2025,Cancelado
4907,345,10,5,200.0,120,2025-05-22,Enviado
4908,260,13,5,150.0,0,28/03/2025,Pago
4909,120,82,3,200.0,10,2025-05-26,Cancelado
4910,419,31,1,150.0,0,12/06/2025,Enviado
4911,317,55,1,99.9,0,2025-03-02,Pago
4912,12,1,1,150.0,10,06/04/2025,Enviado
4913,82,5,3,200.0,10,12/02/2025,Pago
4914,405,77,1,150.0,10,2025-06-28,Cancelado
4915,52,27,4,99.9,0,2025-04-10,Cancelado
4916,52,98,1,99.9,0,2025-06-29,Cancelado
4917,357,89,1,200.0,10,21/02/2025,Cancelado
4918,9,43,5,99.9,120,27/01/2025,Pago
4919,302,14,1,150.0,0,01/06/2025,Pago
4920,2,14,1,150.0,10,2025-06-11,Cancelado
4921,51,50,2,200.0,10,03/01/2025,Pago
4922,426,99,1,150.0,0,2025-02-28,Cancelado
4922,211,29,5,200.0,0,2025-01-27,Cancelado
4924,369,52,3,150.0,0,2025-02-11,Cancelado
4925,178,85,1,150.0,10,05/02/2025,Cancelado
4926,379,31,5,99.9,10,2025-02-18,Cancelado
4927,310,12,4,200.0,10,2025-02-19,Pago
4928,448,21,5,150.0,0,2025-04-30,Pago
4929,401,67,2,99.9,0,2025-04-28,Cancelado
4930,353,58,1,99.9,10,2025-06-28,Pago
4931,204,98,3,99.9,0,2025-03-19,Enviado
4932,160,69,1,150.0,0,2025-05-19,Enviado
4933,141,58,5,99.9,10,17/02/2025,Enviado
4934,372,81,5,150.0,120,2025-06-19,Cancelado
4935,49,53,5,200.0,120,2025-03-28,Pago
4936,334,59,3,99.9,10,27/02/2025,Pago
4937,204,72,4,150.0,0,2025-03-04,Cancelado
4938,494,5,1,150.0,120,2025-03-04,Cancelado
4939,338,89,3,150.0,10,29/03/2025,Pago
4940,465,9,5,200.0,0,10/06/2025,Cancelado
4941,255,69,4,200.0,10,04/01/2025,Pago
4942,145,45,5,99.9,0,15/01/2025,Cancelado
4943,304,66,4,200.0,0,20/01/2025,Cancelado
4944,476,46,2,150.0,120,2025-02-07,Cancelado
4945,458,68,2,200.0,120,19/03/2025,Cancelado
4946,123,73,2,150.0,10,2025-02-04,Enviado
4947,405,52,2,200.0,10,2025-06-17,Enviado
4948,139,16,5,99.9,10,10/03/2025,Enviado
4949,25,15,5,150.0,10,12/03/2025,Enviado
4950,30,26,3,99.9,0,2025-06-08,Enviado
4951,78,90,4,99.9,0,2025-05-19,Cancelado
4952,370,76,3,150.0,120,01/06/2025,Pago
4953,234,85,2,150.0,0,25/03/2025,Enviado
4954,69,54,3,200.0,0,02/04/2025,Pago
4955,398,83,1,200.0,0,21/01/2025,Pago
4956,491,55,1,200.0,10,2025-02-28,Cancelado
4957,433,14,3,99.9,120,2025-05-06,Pago
4958,224,97,3,150.0,0,2025-05-23,Pago
4959,125,53,3,200.0,0,2025-02-07,Pago
4960,122,73,1,200.0,120,2025-03-06,Cancelado
4961,470,12,2,200.0,120,31/03/2025,Enviado
4962,201,20,4,200.0,10,2025-06-10,Cancelado
4963,149,92,3,200.0,120,14/01/2025,Cancelado
4964,90,95,1,150.0,120,02/03/2025,Pago
4965,69,91,5,150.0,0,17/01/2025,Pago
4966,426,99,3,99.9,120,19/04/2025,Enviado
4967,246,5,5,150.0,0,23/04/2025,Cancelado
4968,421,90,5,200.0,10,2025-06-21,Enviado
4969,287,70,1,99.9,0,2025-04-01,Enviado
4970,498,63,3,200.0,0,14/05/2025,Pago
4971,204,85,1,99.9,0,21/03/2025,Enviado
4972,434,55,3,200.0,10,02/03/2025,Enviado
4973,78,99,2,200.0,120,24/03/2025,Pago
4974,466,25,1,200.0,10,13/02/2025,Enviado
4975,297,79,4,99.9,0,2025-05-23,Pago
4976,266,57,3,150.0,10,2025-01-07,Cancelado
4977,18,82,1,150.0,0,2025-01-01,Cancelado
4978,295,24,4,200.0,120,03/03/2025,Pago
4979,143,47,4,200.0,120,24/01/2025,Cancelado
4980,459,6,5,99.9,10,2025-05-15,Enviado
4981,18,16,5,99.9,120,19/05/2025,Enviado
4982,116,93,1,150.0,120,11/04/2025,Pago
4983,410,64,4,200.0,120,27/05/2025,Enviado
4984,207,84,1,99.9,10,2025-02-28,Enviado
4985,48,32,5,200.0,0,2025-05-07,Enviado
4986,407,86,1,200.0,10,2025-01-05,Enviado
4987,85,58,4,150.0,0,11/03/2025,Enviado
4988,481,53,1,150.0,120,2025-05-05,Pago
4989,392,31,4,200.0,0,10/04/2025,Cancelado
4990,332,41,5,200.0,10,01/06/2025,Pago
4991,273,38,1,200.0,10,2025-05-04,Pago
4992,237,19,4,150.0,120,2025-05-07,Enviado
4993,496,59,3,99.9,10,2025-03-07,Pago
4994,47,54,5,150.0,120,22/03/2025,Pago
4995,474,41,1,200.0,120,11/04/2025,Cancelado
4996,318,80,3,99.9,0,2025-01-20,Pago
4997,168,74,3,200.0,120,14/06/2025,Cancelado
4998,195,31,1,200.0,0,06/06/2025,Enviado
4999,32,58,3,150.0,120,2025-04-11,Enviado
5000,230,77,1,99.9,10,2025-04-09,Pago
